"videoNumber","title","sourceMarketplace","sourceUrl","matchStatus","matchReason","candidateCount","catalogProductId","catalogTitle","marketplace","similarity"
"2","Cortador De Unha Elétrico USB Aparador Adulto Crianças Clipper Automático","shopee","https://shopee.com.br/product/477428067/21065674994","pesquisar_marketplaces","Nenhum produto equivalente com link afiliado confirmado foi encontrado no catalogo.","0","","","","0"
"3","mini modelo,De Aço Inoxidável Preto Pulverizador Conjunto Sanitário","shopee","https://shopee.com.br/product/971794612/16193823218","pesquisar_marketplaces","Nenhum produto equivalente com link afiliado confirmado foi encontrado no catalogo.","0","","","","0"
"4","Deck de Madeira com Base Plástica (Madeira de Pinus)","shopee","https://shopee.com.br/product/405548515/23516200440","pesquisar_marketplaces","Nenhum produto equivalente com link afiliado confirmado foi encontrado no catalogo.","0","","","","0"
"5","Robô Varredor 4 em 1 - Passa Pano  Aromatizador  Humidificador - Sua Casa SEmpre Limpa Sem Esforço","shopee","https://shopee.com.br/Robô-Varredor-4-em-1-Varre-Passa-Pano-Aromatizador-Humidificador-Sua-Casa-SEmpre-Limpa-Sem-Esforço-i.374719836.22795664207","pesquisar_marketplaces","Nenhum produto equivalente com link afiliado confirmado foi encontrado no catalogo.","0","","","","0"
"7","Descascador De Olho Abacaxi Morango Juller Removedor Cortador De Aço Inoxidável Prático Semente Remover Clipe De Frutas Vegetais Cenoura Tomate Pinças","shopee","https://shopee.com.br/product/252072876/15866673744","pesquisar_marketplaces","Nenhum produto equivalente com link afiliado confirmado foi encontrado no catalogo.","0","","","","0"
"8","Mini Teclado Portátil Dobrável Sem Fio Bluetooth Touchpad Para iPad Phone Tablet","shopee","https://shopee.com.br/product/567371549/11589018284","pesquisar_marketplaces","Nenhum produto equivalente com link afiliado confirmado foi encontrado no catalogo.","0","","","","0"
"9","Folclórico Cola À Prova D_água Selante De Vazamento Agente De Reparo Adesivos Selador","shopee","https://shopee.com.br/Folclórico-Cola-À-Prova-D'água-Selante-De-Vazamento-Agente-De-Reparo-Adesivos-Selador-i.183971520.22409373542","pesquisar_marketplaces","Nenhum produto equivalente com link afiliado confirmado foi encontrado no catalogo.","0","","","","0"
"10","Película De Superfície Quadrada Portátil DIY Espelho Adesivo De Parede LongaAutocolante Decoração De Casa De Banho PET Transparente No","shopee","https://shopee.com.br/product/191439250/8022808248","pesquisar_marketplaces","Nenhum produto equivalente com link afiliado confirmado foi encontrado no catalogo.","0","","","","0"
"11","100_ tailândia natural látex colchão importado de borracha natural puro colchão 1.8m cama 1.5m engrossado casa dormitório almofada esteira","outro","https://pt.aliexpress.com/item/1005003881626151.html","pesquisar_marketplaces","Nenhum produto equivalente com link afiliado confirmado foi encontrado no catalogo.","0","","","","0"
"12","Limpador Multifuncional De Espuma De Carro Spray De Limpeza Para Todos Os Fins De Interiores Do Banco Forte Remoção De Manchas 100ML","shopee","https://shopee.com.br/product/713886665/19040459975?","pesquisar_marketplaces","Nenhum produto equivalente com link afiliado confirmado foi encontrado no catalogo.","0","","","","0"
"14","Escova Lava Louça Dispenser Recipiente porta detergente pratica limpeza pesada","shopee","https://shopee.com.br/product/393729004/14349830008","pesquisar_marketplaces","Nenhum produto equivalente com link afiliado confirmado foi encontrado no catalogo.","0","","","","0"
"16","Anéis De Dedo De Aço Inoxidável Defesa Para Mulheres Ferramenta De Proteção Ajustável Hisses Pessoal2br","shopee","https://shopee.com.br/Anéis-De-Dedo-De-Aço-Inoxidável-Defesa-Para-Mulheres-Ferramenta-De-Proteção-Ajustável-Hisses-Pessoal2br-i.877879143.20759146124","pesquisar_marketplaces","Nenhum produto equivalente com link afiliado confirmado foi encontrado no catalogo.","0","","","","0"
"17","Ombro Em Estoque 8 Pares Protetor De Salto Alto Tampas De Reparação De Calcanhar Cobre , Extra Pequeno , Médio , Grande , Preto","shopee","https://shopee.com.br/product/601748552/12261451725","pesquisar_marketplaces","Nenhum produto equivalente com link afiliado confirmado foi encontrado no catalogo.","0","","","","0"
"18","Teak 2  10pcs Inferior Kit Caixa De Junção 86  118  120 Tipo De Montagem Da Parede Caixa De Reparo Pólo Cassete Reparação De Danos Escuro","shopee","https://shopee.com.br/product/242916878/13516061120","pesquisar_marketplaces","Nenhum produto equivalente com link afiliado confirmado foi encontrado no catalogo.","0","","","","0"
"19","Resina 2004 Epoxi Transparente Com Endurecedor 3154 (150 g)","shopee","https://shopee.com.br/Resina-2004-Epoxi-Transparente-Com-Endurecedor-3154-(150-g)-i.504856591.20072097461","pesquisar_marketplaces","Nenhum produto equivalente com link afiliado confirmado foi encontrado no catalogo.","0","","","","0"
"20","Molde de Para Picolé Frutas Forma Vara Tradicional Em Silicone Verão Picolé Fabricantes. MEGA OFERTA","shopee","https://shopee.com.br/Molde-de-Para-Picolé-Frutas-Forma-Vara-Tradicional-Em-Silicone-Verão-Picolé-Fabricantes.-MEGA-OFERTA-i.390383033.20325806384","pesquisar_marketplaces","Nenhum produto equivalente com link afiliado confirmado foi encontrado no catalogo.","0","","","","0"
"21","Pingente De Renda De Metal Com PerfumeAcessórios Para Carros","shopee","https://shopee.com.br/product/523448451/21114201326","pesquisar_marketplaces","Nenhum produto equivalente com link afiliado confirmado foi encontrado no catalogo.","0","","","","0"
"22","Único sofá preguiçoso para sala de estar, lazer reclinável cadeira de balanço, multi-funcional, luz luxo nuvem sofá","outro","https://pt.aliexpress.com/item/1005005208521013.html","pesquisar_marketplaces","Nenhum produto equivalente com link afiliado confirmado foi encontrado no catalogo.","0","","","","0"
"23","Desentupidor Bomba de pressão Vertical MaxDreno AirJet","shopee","https://shopee.com.br/product/602089048/14407030728","pesquisar_marketplaces","Nenhum produto equivalente com link afiliado confirmado foi encontrado no catalogo.","0","","","","0"
"24","DOREEN1 Home Melhoria Da Armadura De Aço Inoxidável Cadeado Cilíndrico De Disco","shopee","https://shopee.com.br/product/183962690/20498527913","pesquisar_marketplaces","Nenhum produto equivalente com link afiliado confirmado foi encontrado no catalogo.","0","","","","0"
"26","[GrandLarge] Cola Para Calçados Adesiva À Prova D_água Universal Fortes BR","shopee","https://shopee.com.br/product/243235233/21176302021","pesquisar_marketplaces","Nenhum produto equivalente com link afiliado confirmado foi encontrado no catalogo.","0","","","","0"
"27","(dmc) Conjunto Criativo De Vidro Resistente Ao Calor Para CopoCháLeite","shopee","https://shopee.com.br/product/653972653/21405417086","pesquisar_marketplaces","Nenhum produto equivalente com link afiliado confirmado foi encontrado no catalogo.","0","","","","0"
"28","Xiaomi Mijia AR Impressora De Bolso 300dpi Mini Portátil Para Viagem Fotográfica Festa Câmera DIY Share 500mAh Imagem","shopee","https://shopee.com.br/product/778120018/21740611999","pesquisar_marketplaces","Nenhum produto equivalente com link afiliado confirmado foi encontrado no catalogo.","0","","","","0"
"29","Suporte Para Geladeira Fogão E Máquina De Lavar Base Carrinho","shopee","https://shopee.com.br/Suporte-Para-Geladeira-Fogão-E-Máquina-De-Lavar-Base-Carrinho-i.406182835.22795515168","pesquisar_marketplaces","Nenhum produto equivalente com link afiliado confirmado foi encontrado no catalogo.","0","","","","0"
"30","Semorin Tira ferrugem de Roupa Brancas e Coloridas","shopee","https://shopee.com.br/Semorin-Tira-ferrugem-de-Roupa-Brancas-e-Coloridas-i.418160445.15920103313","pesquisar_marketplaces","Nenhum produto equivalente com link afiliado confirmado foi encontrado no catalogo.","0","","","","0"
"31","Vinil auto adesivo piso adesivos de parede de mármore à prova dwaterproof água filme decorativo banheiro cozinha sala estar decalques renovação chão","shopee","https://shopee.com.br/Vinil-auto-adesivo-piso-adesivos-de-parede-de-mármore-à-prova-dwaterproof-água-filme-decorativo-banheiro-cozinha-sala-estar-decalques-renovação-chão-i.455491218.13566802626","pesquisar_marketplaces","Nenhum produto equivalente com link afiliado confirmado foi encontrado no catalogo.","0","","","","0"
"32","(Serra) Bacia Para Lavar Cabelos Com Mangueira","shopee","https://shopee.com.br/product/354163234/11633080835","pesquisar_marketplaces","Nenhum produto equivalente com link afiliado confirmado foi encontrado no catalogo.","0","","","","0"
"33","Escovas de Aço Multiuso Kit 3 Pcs Aço Latão Nylon Cabo Plástico","shopee","https://shopee.com.br/Escovas-de-Aço-Multiuso-Kit-3-Pcs-Aço-Latão-Nylon-Cabo-Plástico-i.394786209.8065374301","pesquisar_marketplaces","Nenhum produto equivalente com link afiliado confirmado foi encontrado no catalogo.","0","","","","0"
"34","Cadeira Mochila Pesca Camping - Bolsa Térmica - Escolha a Sua","shopee","https://shopee.com.br/product/309454464/14913414754","pesquisar_marketplaces","Nenhum produto equivalente com link afiliado confirmado foi encontrado no catalogo.","0","","","","0"
"37","Rack de armazenamento para banheiro, Rack de armazenamento para banheiro, Rack de armazenamento, Caixa Organizadora, Instalação Livre, Luz, Luxo","outro","https://pt.aliexpress.com/item/1005005550834857.html","pesquisar_marketplaces","Nenhum produto equivalente com link afiliado confirmado foi encontrado no catalogo.","0","","","","0"
"38","Teclado Sem Fio Dobrável Ultrafino Bluetooth Para Computador De Mesa De Celular De Liga De Alumínio Com Suporte Hoder Windows iPad PC Notebook Portátil","shopee","https://shopee.com.br/product/835523837/21142761697","pesquisar_marketplaces","Nenhum produto equivalente com link afiliado confirmado foi encontrado no catalogo.","0","","","","0"
"39","Pilão com Socador em Inox Base Antideslizante Mimo Style","shopee","https://shopee.com.br/product/789785909/17680553113","pesquisar_marketplaces","Nenhum produto equivalente com link afiliado confirmado foi encontrado no catalogo.","0","","","","0"
"40","Batom Muda De Cor Com Flor Transparente De Longa Duração Na Temperatura HGF","shopee","https://shopee.com.br/product/582139676/21210315443","pesquisar_marketplaces","Nenhum produto equivalente com link afiliado confirmado foi encontrado no catalogo.","0","","","","0"
"41","[L & Z] Assento De Banho De Bebê Suporte Universal De Banheira Pode Sentar Almofada De Reclinação Recém-Nascido Aprender A","shopee","https://shopee.com.br/product/805048728/17186447100","pesquisar_marketplaces","Nenhum produto equivalente com link afiliado confirmado foi encontrado no catalogo.","0","","","","0"
"42","Capa de transporte Pet Carro - Bancos em Tecido","shopee","https://shopee.com.br/product/509680754/10570004716","pesquisar_marketplaces","Nenhum produto equivalente com link afiliado confirmado foi encontrado no catalogo.","0","","","","0"
"43","Rosa Verde Preto E Branco Polka-dot Tecido Prato Artefato Para Cabelo Em Rede Butterfly Twist Clip Acessórios De Com Flores","shopee","https://shopee.com.br/product/562741592/20275430324","pesquisar_marketplaces","Nenhum produto equivalente com link afiliado confirmado foi encontrado no catalogo.","0","","","","0"
"44","Retangular levantado jardim cama kit interior ao ar livre plantador de plástico crescer caixa vaso de flores elevado jardim cama vasos & plantadores","outro","https://pt.aliexpress.com/item/1005004682242519.html","pesquisar_marketplaces","Nenhum produto equivalente com link afiliado confirmado foi encontrado no catalogo.","0","","","","0"
"45","Carregamento de baterias strokeTreinamento de reabilitação de dedos versão em inglês da função manual equipamento de massagem pneumática elétrica luvas robóticas","shopee","https://shopee.com.br/Carregamento-de-baterias-strokeTreinamento-de-reabilitação-de-dedos-versão-em-inglês-da-função-manual-equipamento-de-massagem-pneumática-elétrica-luvas-robóticas-i.869007629.21051266800","pesquisar_marketplaces","Nenhum produto equivalente com link afiliado confirmado foi encontrado no catalogo.","0","","","","0"
"46","dreamedge Dispensador De Sabonete Manual Fixado Na Parede Gel Líquido Para Mão , Shampoo , Condicionador , S","shopee","https://shopee.com.br/product/288253730/16976442008","pesquisar_marketplaces","Nenhum produto equivalente com link afiliado confirmado foi encontrado no catalogo.","0","","","","0"
"47","Cortina Protetor Solar Infantil Blackout","shopee","https://shopee.com.br/product/450655062/8266051599","pesquisar_marketplaces","Nenhum produto equivalente com link afiliado confirmado foi encontrado no catalogo.","0","","","","0"
"48","6 Pçs Limpador De Orelha De Aço Inoxidável , Ferramenta De Remoção De Ouvido Para Adultos E Bebês","shopee","https://shopee.com.br/product/468016772/13639749956","pesquisar_marketplaces","Nenhum produto equivalente com link afiliado confirmado foi encontrado no catalogo.","0","","","","0"
"49","Magic Gem Cuidados cerâmicos da pintura do revestimento do carro para o líquido hidrofóbico do polímero da cera automática detalhando acessórios do carro selo nano do pulverizador M17","outro","https://pt.aliexpress.com/item/1005005170944764.html","pesquisar_marketplaces","Nenhum produto equivalente com link afiliado confirmado foi encontrado no catalogo.","0","","","","0"
"50","Caixa de telefone móvel Caixas de bloqueio de temporização universal Caixa de telefone de autodisciplina","shopee","https://shopee.com.br/Caixa-de-telefone-móvel-Caixas-de-bloqueio-de-temporização-universal-Caixa-de-telefone-de-autodisciplina-i.287930097.19273127356","pesquisar_marketplaces","Nenhum produto equivalente com link afiliado confirmado foi encontrado no catalogo.","0","","","","0"
"51","Stream Pólo Super Leve Vara De Pesca Dura De Alta Fibra De Carbono Telescópica Alça 3.6M 4.5M 5.4M 6.3M 7.2M Viagem Da Carpa","shopee","https://shopee.com.br/product/688984932/17673213687","pesquisar_marketplaces","Nenhum produto equivalente com link afiliado confirmado foi encontrado no catalogo.","0","","","","0"
"52","Mini Drone Para Crianças Bola Voadora De Ovni Brinquedo Operado À Mão Com Brilhante UFO Bumerangue Luz Led","shopee","https://shopee.com.br/Mini-Drone-Para-Crianças-Bola-Voadora-De-Ovni-Brinquedo-Operado-À-Mão-Com-Brilhante-UFO-Bumerangue-Luz-Led-i.288604203.15491876235","pesquisar_marketplaces","Nenhum produto equivalente com link afiliado confirmado foi encontrado no catalogo.","0","","","","0"
"53","Novo retro arco pérola borla primavera clipe rosa flor franja mar clip alto rabo de cavalo uma palavra menina grampo de cabelo acessórios para o cabelo","outro","https://pt.aliexpress.com/item/1005005046839685.html","pesquisar_marketplaces","Nenhum produto equivalente com link afiliado confirmado foi encontrado no catalogo.","0","","","","0"
"54","Pote De Vidro Borossilicato Com Tampa Bola Cortiça Lyor","shopee","https://shopee.com.br/product/284101173/21115902070","pesquisar_marketplaces","Nenhum produto equivalente com link afiliado confirmado foi encontrado no catalogo.","0","","","","0"
"55","Cadeiras de apoio traseiro modernas crianças apoio de braço bonito minimalista sala estar cadeiras de balanço macio silla plegable artigos domésticos","outro","https://pt.aliexpress.com/item/1005005164728128.html","pesquisar_marketplaces","Nenhum produto equivalente com link afiliado confirmado foi encontrado no catalogo.","0","","","","0"
"56","clio kill cover fownwear cushion all new 15g x 2ea","shopee","https://shopee.com.br/product/457864097/10282113778","pesquisar_marketplaces","Nenhum produto equivalente com link afiliado confirmado foi encontrado no catalogo.","0","","","","0"
"57","Toalha Banho Limpeza Compacta, Impermeável - Algodão 70x140 Cm 6 Unidades Descartável N°4","shopee","https://shopee.com.br/product/406783231/23713202600","pesquisar_marketplaces","Nenhum produto equivalente com link afiliado confirmado foi encontrado no catalogo.","0","","","","0"
"58","Lona Protetora Pintura e Reforma c Fita Adesiva 105cm x 20m Bobina Plástica 21 m² Cobertura P Obras Construção Móveis","shopee","https://shopee.com.br/product/427730819/23918337436","pesquisar_marketplaces","Nenhum produto equivalente com link afiliado confirmado foi encontrado no catalogo.","0","","","","0"
"59","10 Pares Meias De Nylon De Alta Qualidade Femininas De Verão Cristal Fino De Seda Transparente Sem Escorregamento Elásticas Curtas","shopee","https://shopee.com.br/product/885434694/22839060641","pesquisar_marketplaces","Nenhum produto equivalente com link afiliado confirmado foi encontrado no catalogo.","0","","","","0"
"60","Vaporizador Portátil BDV2000VB2 Black+Decker Branco e Vermelho 220V 1200W","shopee","https://shopee.com.br/product/469865617/7997654833","pesquisar_marketplaces","Nenhum produto equivalente com link afiliado confirmado foi encontrado no catalogo.","0","","","","0"
"61","Cachoeira pia da cozinha 304 pia de aço inoxidável grande único slot com toque multifunções cachoeira torneira acima do contador","outro","https://pt.aliexpress.com/item/1005005246705296.html","pesquisar_marketplaces","Nenhum produto equivalente com link afiliado confirmado foi encontrado no catalogo.","0","","","","0"
"62","Impressora Térmica Portátil Phomemo M08F A4 , Suporta 8,26 & quot _ X11,69","shopee","https://shopee.com.br/product/382880436/23929413927","pesquisar_marketplaces","Nenhum produto equivalente com link afiliado confirmado foi encontrado no catalogo.","0","","","","0"
"63","Folha Nordic grossa e quente, 100_ impermeável, saia de cama princesa, capas de colchão rosa, bandas elásticas","outro","https://pt.aliexpress.com/item/1005004698001487.html","pesquisar_marketplaces","Nenhum produto equivalente com link afiliado confirmado foi encontrado no catalogo.","0","","","","0"
"64","Mochila De Viagem Homens Ao Ar Livre Lazer Super Grande Capacidade De Negócios Mulheres Bagagem Multifuncional","shopee","https://shopee.com.br/product/891436696/23538620740","pesquisar_marketplaces","Nenhum produto equivalente com link afiliado confirmado foi encontrado no catalogo.","0","","","","0"
"65","Pellets Elétricos Removedor De Para Roupas Aparador De Bolas De Pelos Suéter Dispositivo Remoção De Bobinas De Barbear USB Recarregável Máquina De Pílulas Elétricas","shopee","https://shopee.com.br/product/689592454/22011713378","pesquisar_marketplaces","Nenhum produto equivalente com link afiliado confirmado foi encontrado no catalogo.","0","","","","0"
"66","Incomum lndividuplo criativo chocolate metal gás isqueiro cigarros acessórios charuto fumar isqueiros gadgets para homem","outro","https://pt.aliexpress.com/item/1005002272422181.html","pesquisar_marketplaces","Nenhum produto equivalente com link afiliado confirmado foi encontrado no catalogo.","0","","","","0"
"67","Mulheres Coreano Reunindo Bico De Pato Grampo De Cabelo Para Franja LateralMeninas Bonito Veludo Hairpin Rabo De Cavalo TitularElegante Acessórios OPopular Garra Headwear","shopee","https://shopee.com.br/product/237278390/21310194812","pesquisar_marketplaces","Nenhum produto equivalente com link afiliado confirmado foi encontrado no catalogo.","0","","","","0"
"68","Revestimento Antibacteriano À Prova D_água Para Gavetas De Uso Doméstico Almofada De Fundo De Papel Armários","shopee","https://shopee.com.br/Revestimento-Antibacteriano-À-Prova-D'água-Para-Gavetas-De-Uso-Doméstico-Almofada-De-Fundo-De-Papel-Armários-i.477427925.13326796191","pesquisar_marketplaces","Nenhum produto equivalente com link afiliado confirmado foi encontrado no catalogo.","0","","","","0"
"69","Novo suporte para celular para carro, espelho retrovisor para carro, navegação AR, carro multifuncional 360°","shopee","https://shopee.com.br/Novo-suporte-para-celular-para-carro-espelho-retrovisor-para-carro-navegação-AR-carro-multifuncional-360°-i.766258772.19870452818","pesquisar_marketplaces","Nenhum produto equivalente com link afiliado confirmado foi encontrado no catalogo.","0","","","","0"
"70","Torneira Cabeça De Pulverizador De Pia 3 Funções Pulverização G12 Bocal De Para De Cozinha Puxar Baixo Substituição Da","shopee","https://shopee.com.br/product/303324312/21930466947","pesquisar_marketplaces","Nenhum produto equivalente com link afiliado confirmado foi encontrado no catalogo.","0","","","","0"
"71","Garrafa Plástica 600ml com porta pírula comprimido","shopee","https://shopee.com.br/Garrafa-Plástica-600ml-com-porta-pírula-comprimido-i.954420116.23626991159","pesquisar_marketplaces","Nenhum produto equivalente com link afiliado confirmado foi encontrado no catalogo.","0","","","","0"
"72","Moagem Manual para Remover Primer Ferrugem, Cor Aço Telha Metal Remodelação, removedor de ferrugem, ferrugem Agente de Conversão, Livre","outro","https://pt.aliexpress.com/item/1005005364478980.html","pesquisar_marketplaces","Nenhum produto equivalente com link afiliado confirmado foi encontrado no catalogo.","0","","","","0"
"73","Mini Capacete Com Viseira Protork Tork Edition 788 Decorativo Para Cachorro Gato Pets Enfeite","shopee","https://shopee.com.br/product/774761480/20830850449","pesquisar_marketplaces","Nenhum produto equivalente com link afiliado confirmado foi encontrado no catalogo.","0","","","","0"
"74","7 Pcs1 Conjunto Palito De Metal Aço Inoxidável Oral Limpeza Dente Fio Dental Dentes Cleaner Com Tubo De Armazenamento Portátil","shopee","https://shopee.com.br/product/503563092/21225616198","pesquisar_marketplaces","Nenhum produto equivalente com link afiliado confirmado foi encontrado no catalogo.","0","","","","0"
"75","Bacia De Banho Sitz Para Banheiro Com Flusher 2000ml Bidê Durável Mulheres","shopee","https://shopee.com.br/Bacia-De-Banho-Sitz-Para-Banheiro-Com-Flusher-2000ml-Bidê-Durável-Mulheres-i.360857530.16692764125","pesquisar_marketplaces","Nenhum produto equivalente com link afiliado confirmado foi encontrado no catalogo.","0","","","","0"
"76","capa de chuva cachorro Capa De Chuva Para Cães De Quatro Patas À Prova D_água De Todos Incluso De PelúciaCachorros PequenosMédias","shopee","https://shopee.com.br/capa-de-chuva-cachorro-Capa-De-Chuva-Para-Cães-De-Quatro-Patas-À-Prova-D'água-De-Todos-Incluso-De-Pelúcia-Cachorros-Pequenos-Médias-i.518610561.14442668875","pesquisar_marketplaces","Nenhum produto equivalente com link afiliado confirmado foi encontrado no catalogo.","0","","","","0"
"77","Cabelo Com Aplique Tic Tac Para Volume","shopee","https://shopee.com.br/product/396969093/9286415158","pesquisar_marketplaces","Nenhum produto equivalente com link afiliado confirmado foi encontrado no catalogo.","0","","","","0"
"78","Kit 3 Em 1 Bico Alta Pressão De Metal Para Mangueiras Comuns + Conector De Torneira Com Rosca","shopee","https://shopee.com.br/product/647935056/23430129541","pesquisar_marketplaces","Nenhum produto equivalente com link afiliado confirmado foi encontrado no catalogo.","0","","","","0"
"79","Mangueira Mágica Retrátil Flexível 15 e 30 Metros","shopee","https://shopee.com.br/product/725043480/21507979639","pesquisar_marketplaces","Nenhum produto equivalente com link afiliado confirmado foi encontrado no catalogo.","0","","","","0"
"80","Porta Condimento Tempero 4 Compartimentos Utensilio Armazenamento Vinagre Oleo Cozinha Molho Parede Organizador Multifuncional","shopee","https://shopee.com.br/product/361333404/20068502954","pesquisar_marketplaces","Nenhum produto equivalente com link afiliado confirmado foi encontrado no catalogo.","0","","","","0"
"81","Massageador Almofada De Pescoço E Lombar corporal pés cabeça Shiatsu Veicular Pronto Entrega","shopee","https://shopee.com.br/product/332535015/20664208904","pesquisar_marketplaces","Nenhum produto equivalente com link afiliado confirmado foi encontrado no catalogo.","0","","","","0"
"82","Moedor de Grãos Café Elétrico Triturador Portátil Aço Inoxidável 110V","shopee","https://shopee.com.br/product/410629565/21340383097","pesquisar_marketplaces","Nenhum produto equivalente com link afiliado confirmado foi encontrado no catalogo.","0","","","","0"
"83","Lápis De Sobrancelha 4 Prong Com Quatro Pontas Líquida De Longa Duração","shopee","https://shopee.com.br/product/570396938/17332793619","pesquisar_marketplaces","Nenhum produto equivalente com link afiliado confirmado foi encontrado no catalogo.","0","","","","0"
"84","Fatiador De Frutas 4 Em 1 Cortador Melância Melão Aço Inox","shopee","https://shopee.com.br/Fatiador-De-Frutas-4-Em-1-Cortador-Melância-Melão-Aço-Inox-i.367933057.22813553792","pesquisar_marketplaces","Nenhum produto equivalente com link afiliado confirmado foi encontrado no catalogo.","0","","","","0"
"85","Shouhou Utensílios De Maquiagem  Cílios Magnéticos Reutilizáveis Com Aplicador","shopee","https://shopee.com.br/product/266359520/12108424908","pesquisar_marketplaces","Nenhum produto equivalente com link afiliado confirmado foi encontrado no catalogo.","0","","","","0"
"86","Céu estrelado lâmpada de projeção romântico atmosfera cósmica lâmpada cheia de estrelas sleep aid lâmpada presente aniversário noite lâmpada","outro","https://pt.aliexpress.com/item/1005004864228858.html","pesquisar_marketplaces","Nenhum produto equivalente com link afiliado confirmado foi encontrado no catalogo.","0","","","","0"
"87","20g Mini Molde De Bolo Flor De LuaMargaridaGirassolForma De LótusSelo Do Bolinho Para OutonoFestival","shopee","https://shopee.com.br/product/368241288/19112993325","pesquisar_marketplaces","Nenhum produto equivalente com link afiliado confirmado foi encontrado no catalogo.","0","","","","0"
"88","Depilador Indolor Caneta Sobrancelha Removedor Instantâneo Com Cabo Carregador","shopee","https://shopee.com.br/product/395174878/8440611551","pesquisar_marketplaces","Nenhum produto equivalente com link afiliado confirmado foi encontrado no catalogo.","0","","","","0"
"89","Capa De Colchão De Pelúcia, Capa de colchão acolchoada, de pelúcia, quente, macia, de veludo, acolchoada, kingqueen, não inclui fronha","shopee","https://shopee.com.br/Capa-De-Colchão-De-Pelúcia-Capa-de-colchão-acolchoada-de-pelúcia-quente-macia-de-veludo-acolchoada-king-queen-não-inclui-fronha-i.877477413.21270849466","pesquisar_marketplaces","Nenhum produto equivalente com link afiliado confirmado foi encontrado no catalogo.","0","","","","0"
"90","Capa Para Geladeiramaquina De Lavar Com Bolso Lateral","shopee","https://shopee.com.br/product/461628122/8975468817","pesquisar_marketplaces","Nenhum produto equivalente com link afiliado confirmado foi encontrado no catalogo.","0","","","","0"
"91","Sem instalação, a prateleira de armazenamento de pia sob a cozinha pode ser sobreposta com tempero de tração e prateleira de armazenamento de utensílios domésticos criativos","shopee","https://shopee.com.br/product/951765323/23036886749","pesquisar_marketplaces","Nenhum produto equivalente com link afiliado confirmado foi encontrado no catalogo.","0","","","","0"
"92","Airpods 12 airpods pro fone de ouvido sem fio Bluetooth capa protetora caixa de sapatos e bolsas da moda","shopee","https://shopee.com.br/product/398803530/6187489055","pesquisar_marketplaces","Nenhum produto equivalente com link afiliado confirmado foi encontrado no catalogo.","0","","","","0"
"93","Phomemo M110 Mini Impressora Auto-Adesiva Portátil De Rótulo Térmico Adesivo bluetooth Pocket Sticker 53mm Papelaria DIY","shopee","https://shopee.com.br/product/426149590/20733424935","pesquisar_marketplaces","Nenhum produto equivalente com link afiliado confirmado foi encontrado no catalogo.","0","","","","0"
"94","Colchão Cama Inflável Carro Veícular Viagem Super Resistente","shopee","https://shopee.com.br/Colchão-Cama-Inflável-Carro-Veícular-Viagem-Super-Resistente-i.349238386.7176754774","pesquisar_marketplaces","Nenhum produto equivalente com link afiliado confirmado foi encontrado no catalogo.","0","","","","0"
"95","Capa De Sofá Com Babados Para SalaElástico Grosso Liso 1234 Lugares","shopee","https://shopee.com.br/Capa-De-Sofá-Com-Babados-Para-Sala-Elástico-Grosso-Liso-1-2-3-4-Lugares-i.796222395.18722995507","pesquisar_marketplaces","Nenhum produto equivalente com link afiliado confirmado foi encontrado no catalogo.","0","","","","0"
"96","Cortador Fatiador Mandoline Multifuncional 5 Funções para Cortar Batata Legumes e Vegetais Food Chopper Inovador","shopee","https://shopee.com.br/Cortador-Fatiador-Mandoline-Multifuncional-5-Funções-para-Cortar-Batata-Legumes-e-Vegetais-Food-Chopper-Inovador-i.432582088.12283178624","pesquisar_marketplaces","Nenhum produto equivalente com link afiliado confirmado foi encontrado no catalogo.","0","","","","0"
"97","Película Iphone 3D Neon Luminoso Fluorescente Noturna Compatível Com iPhone","shopee","https://shopee.com.br/product/456820962/21624236441","pesquisar_marketplaces","Nenhum produto equivalente com link afiliado confirmado foi encontrado no catalogo.","0","","","","0"
"98","Konka Rotating Hot Food Isolamento Board, Household Rotary Hotplate, Mesa de jantar, Multifuncional placa de aquecimento elétrico, Casa","outro","https://pt.aliexpress.com/item/1005005397294137.html","pesquisar_marketplaces","Nenhum produto equivalente com link afiliado confirmado foi encontrado no catalogo.","0","","","","0"
"99","Chave Inglesa De Duas Pontas Ajustável Multifuncional Universal Para Reparo","shopee","https://shopee.com.br/product/290382102/10027426522","pesquisar_marketplaces","Nenhum produto equivalente com link afiliado confirmado foi encontrado no catalogo.","0","","","","0"
"100","Phomemo T02 Mini Impressora Portátil Térmica De 53mm Adesivo Sem Fio De Bolso Auto-Adesiva","shopee","https://shopee.com.br/product/537954121/19233424898","pesquisar_marketplaces","Nenhum produto equivalente com link afiliado confirmado foi encontrado no catalogo.","0","","","","0"
"101","Garrafa Caixa De Leite Estampada Leiteira de Acrílico 1Lt","shopee","https://shopee.com.br/product/424566498/18377129225","pesquisar_marketplaces","Nenhum produto equivalente com link afiliado confirmado foi encontrado no catalogo.","0","","","","0"
"102","Canecas De Cerâmica Com Desenho Criativo 220ml","shopee","https://shopee.com.br/product/324828330/4860320431","pesquisar_marketplaces","Nenhum produto equivalente com link afiliado confirmado foi encontrado no catalogo.","0","","","","0"
"103","Máquina De Molde Automático Completo Home Novo Tipo Divino U0Z1","shopee","https://shopee.com.br/product/207228496/22529316168","pesquisar_marketplaces","Nenhum produto equivalente com link afiliado confirmado foi encontrado no catalogo.","0","","","","0"
"105","Ycrays cinza display digital termostática torneira do chuveiro conjunto de bronze chuvas banheira para banheiro mixer com prateleira hidropotência","outro","https://pt.aliexpress.com/item/1005004551507207.html","pesquisar_marketplaces","Nenhum produto equivalente com link afiliado confirmado foi encontrado no catalogo.","0","","","","0"
"106","14 em 1 Multifuncional Alicates Chaves de Fenda Abridor de garrafas Martelo Multitool Aço Inoxidável Com Bainha de Nylon Ao Ar Livre","outro","https://pt.aliexpress.com/item/1005004945351979.html","pesquisar_marketplaces","Nenhum produto equivalente com link afiliado confirmado foi encontrado no catalogo.","0","","","","0"
"107","Kit Conjunto 3 Potes De Vidro hermético 200ml Tampa de Bambu","shopee","https://shopee.com.br/product/347331582/5276879624","pesquisar_marketplaces","Nenhum produto equivalente com link afiliado confirmado foi encontrado no catalogo.","0","","","","0"
"108","LRM Porca De Esquilo Em Forma Amêndoa Quebra-Nozes Abridor De Sheller Ferramenta De Cozinha Alicate Grampo","shopee","https://shopee.com.br/LRM-Porca-De-Esquilo-Em-Forma-Amêndoa-Quebra-Nozes-Abridor-De-Sheller-Ferramenta-De-Cozinha-Alicate-Grampo-i.193480846.18198466779","pesquisar_marketplaces","Nenhum produto equivalente com link afiliado confirmado foi encontrado no catalogo.","0","","","","0"
"109","Fatiador De Legumes Em Espiral Triturador De Cenoura","shopee","https://shopee.com.br/product/275369336/3740305721","pesquisar_marketplaces","Nenhum produto equivalente com link afiliado confirmado foi encontrado no catalogo.","0","","","","0"
"110","Esponja Limpa Bordas de Piscina com Pegador Passe LimpBucha de Lavar Louça Esponja Multiuso","shopee","https://shopee.com.br/product/341209981/12103190594","pesquisar_marketplaces","Nenhum produto equivalente com link afiliado confirmado foi encontrado no catalogo.","0","","","","0"
"111","Tapete De Sono Homem Dorminhoco Cão De Tamanho Superior Enorme Canil Uso Tik Tok Same Style","shopee","https://shopee.com.br/product/936958302/23734633334","pesquisar_marketplaces","Nenhum produto equivalente com link afiliado confirmado foi encontrado no catalogo.","0","","","","0"
"112","Ferramento de Treino de Tênis  Rebote de Bola de Tênis para EsporteExercício  Ferramenta Prática p Treino Esportivo","shopee","https://shopee.com.br/product/238607548/3437519211","pesquisar_marketplaces","Nenhum produto equivalente com link afiliado confirmado foi encontrado no catalogo.","0","","","","0"
"113","Luguafu Capa De Apoio Para Bebês Lavável Sem Berço De Enchimento Cadeira De Sofá Algodão","shopee","https://shopee.com.br/product/329893353/19825577034","pesquisar_marketplaces","Nenhum produto equivalente com link afiliado confirmado foi encontrado no catalogo.","0","","","","0"
"115","【 lua 】 Spring Batente Inovador De Portas Properly Hold Sua Cunha Aberta Da Porta","shopee","https://shopee.com.br/product/252080261/5748523290","pesquisar_marketplaces","Nenhum produto equivalente com link afiliado confirmado foi encontrado no catalogo.","0","","","","0"
"116","Brinquedo De Dentes De Silicone Para Bebês Chupando E Mastigar Goma","shopee","https://shopee.com.br/product/595016727/19030921880","pesquisar_marketplaces","Nenhum produto equivalente com link afiliado confirmado foi encontrado no catalogo.","0","","","","0"
"117","1 Pcs Luva De Banho De Dupla Face Sem Dor Para Crianças Macia Esfoliante De Sujeira Produtos De Banheiro E Adultos","shopee","https://shopee.com.br/1-Pcs-Luva-De-Banho-De-Dupla-Face-Sem-Dor-Para-Crianças-Macia-Esfoliante-De-Sujeira-Produtos-De-Banheiro-E-Adultos-i.264979861.22914740745","pesquisar_marketplaces","Nenhum produto equivalente com link afiliado confirmado foi encontrado no catalogo.","0","","","","0"
"118","sofaSofa Stretch Sofa Cover Sets All-Inclusive Universal Winter Thickened Beanbag Cover Cover New Integrated Anti-Scratching","shopee","https://shopee.com.br/sofaSofa-Stretch-Sofa-Cover-Sets-All-Inclusive-Universal-Winter-Thickened-Beanbag-Cover-Cover-New-Integrated-Anti-Scratching-i.736841775.22395577705","pesquisar_marketplaces","Nenhum produto equivalente com link afiliado confirmado foi encontrado no catalogo.","0","","","","0"
"119","Mochila Com Cordão De Cor Lisa Simples À Prova D_água Para Bola De BasqueteFutebol","shopee","https://shopee.com.br/product/538818398/20308060109","pesquisar_marketplaces","Nenhum produto equivalente com link afiliado confirmado foi encontrado no catalogo.","0","","","","0"
"120","24 Pcs Cadeira Perna Protetores De Piso , Alta Transparência Cobre , Proteger O Chão Para Reduzir Ruído , Fácil De Mover","shopee","https://shopee.com.br/product/634245871/20508466581","pesquisar_marketplaces","Nenhum produto equivalente com link afiliado confirmado foi encontrado no catalogo.","0","","","","0"
"121","Bola De Chuveiro Sucker Shower Ball , Banho De Esponja Natural Loofah Rub Ducha Esfregão Durável Escova De Massagem Saudável","shopee","https://shopee.com.br/Bola-De-Chuveiro-Sucker-Shower-Ball-Banho-De-Esponja-Natural-Loofah-Rub-Ducha-Esfregão-Durável-Escova-De-Massagem-Saudável-i.239156259.20796927942","pesquisar_marketplaces","Nenhum produto equivalente com link afiliado confirmado foi encontrado no catalogo.","0","","","","0"
"122","Capa De Celular Flexível 3d De Pato Para Samsung A11 A22 4G A10  A10S  A20  A20S  A30  A30S  A31  A50  A50S  A51  A70  A71","shopee","https://shopee.com.br/Capa-De-Celular-Flexível-3d-De-Pato-Para-Samsung-A11-A22-4G-A10-A10S-A20-A20S-A30-A30S-A31-A50-A50S-A51-A70-A71-i.497985489.2984438082","pesquisar_marketplaces","Nenhum produto equivalente com link afiliado confirmado foi encontrado no catalogo.","0","","","","0"
"123","Melancia De Aço Inoxidável Corte Cabo Plástico Mola Multifuncional Exposição De S2S0","shopee","https://shopee.com.br/product/429062557/23338160595","pesquisar_marketplaces","Nenhum produto equivalente com link afiliado confirmado foi encontrado no catalogo.","0","","","","0"
"124","NAIERDI Fechadura De Segurança Biométrica Preta Inteligente De Impressões Digitais Digital Eletrônica Entrada Sem Chave Ferragens Para Portas","shopee","https://shopee.com.br/product/860409615/14396535516","pesquisar_marketplaces","Nenhum produto equivalente com link afiliado confirmado foi encontrado no catalogo.","0","","","","0"
"125","Oushufei Instrumento De Beleza Do Pescoço Rosto E Massageador De Levantamento","shopee","https://shopee.com.br/product/239445391/19564441946","pesquisar_marketplaces","Nenhum produto equivalente com link afiliado confirmado foi encontrado no catalogo.","0","","","","0"
"126","Kit 2 Sacolas Bolsa Termica Bebidas Geladas Porta Garrafa Vinho Wine Bag Espumante Vodka","shopee","https://shopee.com.br/product/310625089/23014632504","pesquisar_marketplaces","Nenhum produto equivalente com link afiliado confirmado foi encontrado no catalogo.","0","","","","0"
"127","XQ 2 Em 1New Pea Oil Pot Casa De Vidro Escova De Óleo De Silicone Aço Inoxidável Bico De Tempero Garrafa De Cozinha Recipiente","shopee","https://shopee.com.br/product/519216403/15471766753","pesquisar_marketplaces","Nenhum produto equivalente com link afiliado confirmado foi encontrado no catalogo.","0","","","","0"
"128","Cadeira Araguaia Camping Pesca Dobrável Camuflada BELFIX","shopee","https://shopee.com.br/product/357239640/20325093799","pesquisar_marketplaces","Nenhum produto equivalente com link afiliado confirmado foi encontrado no catalogo.","0","","","","0"
"130","Adesivo para Cartão de Crédito","shopee","https://shopee.com.br/product/737249077/19468650513","pesquisar_marketplaces","Nenhum produto equivalente com link afiliado confirmado foi encontrado no catalogo.","0","","","","0"
"131","Portátil Concentrado Moka Pot, Alto Borosilicato De Vidro, Mão Cafeteira, Aparelho De Aço Inoxidável, Household","outro","https://pt.aliexpress.com/item/1005004426465539.html","pesquisar_marketplaces","Nenhum produto equivalente com link afiliado confirmado foi encontrado no catalogo.","0","","","","0"
"132","Creme De Lama Esfoliante De Limpeza De Corpo Inteiro 350ml","shopee","https://shopee.com.br/Creme-De-Lama-Esfoliante-De-Limpeza-De-Corpo-Inteiro-350ml-i.519199568.22234416501","pesquisar_marketplaces","Nenhum produto equivalente com link afiliado confirmado foi encontrado no catalogo.","0","","","","0"
"133","Copo De Água De 400ML Ins Wind Cherry Blossom Water Cup Com Colher De Sopa De Vidro Resistente Ao Calor Escritório Doméstica Grande Capacidade Caneca De Leite Café","shopee","https://shopee.com.br/product/750633087/23833526820","pesquisar_marketplaces","Nenhum produto equivalente com link afiliado confirmado foi encontrado no catalogo.","0","","","","0"
"134","Tripé De Selfie Sem Fio Com Controle Remoto De 150cm 81cm Mini Celular Dobrável Suporte De Portátil Para iPhone Android Smartphone","shopee","https://shopee.com.br/product/773678523/21331745641","pesquisar_marketplaces","Nenhum produto equivalente com link afiliado confirmado foi encontrado no catalogo.","0","","","","0"
"135","Acessório Da Ferramenta De Costura Para Linha Automática Para Máquina De Costura","shopee","https://shopee.com.br/product/342502596/10734501333","pesquisar_marketplaces","Nenhum produto equivalente com link afiliado confirmado foi encontrado no catalogo.","0","","","","0"
"136","SQ28 Câmera Esportiva HD Com Cartão À Prova D_água Gravação Direta Para EsportesDV Aérea","shopee","https://shopee.com.br/product/315897770/14884386036","pesquisar_marketplaces","Nenhum produto equivalente com link afiliado confirmado foi encontrado no catalogo.","0","","","","0"
"137","Bolsa Organizadora De Pendurar Na Parede Dupla FaceRoupa Íntimacloset","shopee","https://shopee.com.br/product/234485251/14920466730","pesquisar_marketplaces","Nenhum produto equivalente com link afiliado confirmado foi encontrado no catalogo.","0","","","","0"
"138","10 Pares De Óculos Redondos Antiderrapantes De SiliconePrevenir O Escorregamento Dos Retentor EsportivoGancho De Orelha Para PernasCapa Redonda","shopee","https://shopee.com.br/10-Pares-De-Óculos-Redondos-Antiderrapantes-De-Silicone-Prevenir-O-Escorregamento-Dos-Retentor-Esportivo-Gancho-De-Orelha-Para-Pernas-Capa-Redonda-i.183963684.3533591431","pesquisar_marketplaces","Nenhum produto equivalente com link afiliado confirmado foi encontrado no catalogo.","0","","","","0"
"139","Pijamas femininos M-5XL Primavera e verão Sexy coreana de seda gelada mangas compridas mais medidas outono e inverno Sed","shopee","https://shopee.com.br/product/563008920/13229922096","pesquisar_marketplaces","Nenhum produto equivalente com link afiliado confirmado foi encontrado no catalogo.","0","","","","0"
"140","Multifuncional Camping Stool, Cadeira Dobrável, Leve, Portátil, Vestível, Extração, Assento Esportivo, Outdoor Travel Furniture","outro","https://pt.aliexpress.com/item/1005003284526635.html","pesquisar_marketplaces","Nenhum produto equivalente com link afiliado confirmado foi encontrado no catalogo.","0","","","","0"
"141","Folha De Alumínio Sun Shade Protector Pad, Capas De Sombrinha, Filme De Isolamento Grosso, Quarto Janela De Sombreamento","outro","https://pt.aliexpress.com/item/1005004464347252.html","pesquisar_marketplaces","Nenhum produto equivalente com link afiliado confirmado foi encontrado no catalogo.","0","","","","0"
"142","Botao De Metal De Pressao comsem Alicate Aplicador Para Roupa Bebe","shopee","https://shopee.com.br/Alicate-Aplicador-Para-Botao-De-Metal-De-Pressao-Roupa-Bebe-i.550636680.22823989908","pesquisar_marketplaces","Nenhum produto equivalente com link afiliado confirmado foi encontrado no catalogo.","0","","","","0"
"143","BBking Calça de treinamento infantil 0-3T algodão antibacteriano respirável lavável calça fralda de bebê","shopee","https://shopee.com.br/product/570815558/12576225404","pesquisar_marketplaces","Nenhum produto equivalente com link afiliado confirmado foi encontrado no catalogo.","0","","","","0"
"144","Mosquiteiro Tela Para Janela Com Velcro Contra Mosca Mosquito Pernilongo Mosqueteira Inseto Removivel","shopee","https://shopee.com.br/Mosquiteiro-Tela-Para-Janela-Com-Velcro-Contra-Mosca-Mosquito-Pernilongo-Mosqueteira-Inseto-Removivel-i.480515428.14993271722","pesquisar_marketplaces","Nenhum produto equivalente com link afiliado confirmado foi encontrado no catalogo.","0","","","","0"
"145","Lâmpada De Mesa De Cristal , Do Quarto Sono , Universo Série Luminosa Bola Luz Da Noite Decoração Desktop Casal Namoradas Presentes Estudante De Aniversário Iluminação","shopee","https://shopee.com.br/Lâmpada-De-Mesa-De-Cristal-Do-Quarto-Sono-Universo-Série-Luminosa-Bola-Luz-Da-Noite-Decoração-Desktop-Casal-Namoradas-Presentes-Estudante-De-Aniversário-Iluminação-i.359390168.21138896239","pesquisar_marketplaces","Nenhum produto equivalente com link afiliado confirmado foi encontrado no catalogo.","0","","","","0"
"146","Broche de luxo Alfinete de Segurança Pérola e Strass","shopee","https://shopee.com.br/product/440668972/12022385275","pesquisar_marketplaces","Nenhum produto equivalente com link afiliado confirmado foi encontrado no catalogo.","0","","","","0"
"147","FOREVERGO Fonte De Água Automática Em Forma De Abelha Gato 2L USB Bebedouro Elétrico Mudo Recirculado Para Animais De Estimação C8P6","shopee","https://shopee.com.br/product/242908877/18547004416","pesquisar_marketplaces","Nenhum produto equivalente com link afiliado confirmado foi encontrado no catalogo.","0","","","","0"
"148","Máquina DORA Portátil Elétrico Dupla Waffles Sanduicheira Não Gruda Brinde Maquina Quebra","shopee","https://shopee.com.br/product/422421978/17971196175","pesquisar_marketplaces","Nenhum produto equivalente com link afiliado confirmado foi encontrado no catalogo.","0","","","","0"
"149","Pastilhas Auto Adesivo Decorativo Parede Prateada Metalizada Espelhada 30x30cm","shopee","https://shopee.com.br/product/748673225/14078662881","pesquisar_marketplaces","Nenhum produto equivalente com link afiliado confirmado foi encontrado no catalogo.","0","","","","0"
"150","Protetor de Fogão Defletor De Óleo Alumínio Evita e Protege Contra Respingos de Fritura Para Fogão Prático e Fácil de Limpar","shopee","https://shopee.com.br/Protetor-de-Fogão-Defletor-De-Óleo-Alumínio-Evita-e-Protege-Contra-Respingos-de-Fritura-Para-Fogão-Prático-e-Fácil-de-Limpar-i.646304379.21724266639","pesquisar_marketplaces","Nenhum produto equivalente com link afiliado confirmado foi encontrado no catalogo.","0","","","","0"
"151","Produtos spot Roupão De Banho Feminino Plus Size De Algodão Puro Absorvente Com 80-180Kg Toalha de banho Roupão Bath towel Bathrobe","shopee","https://shopee.com.br/product/537951568/12710743410","pesquisar_marketplaces","Nenhum produto equivalente com link afiliado confirmado foi encontrado no catalogo.","0","","","","0"
"152","Mini Bike Ergometrica Cicloergometro Pedalinho Monitor Lcd","shopee","https://shopee.com.br/product/407831463/8969541757","pesquisar_marketplaces","Nenhum produto equivalente com link afiliado confirmado foi encontrado no catalogo.","0","","","","0"
"153","Brinquedos elétricos de trança de cabelo infantil de três camadas de série obrigatóriamáquina de trança de cabelo automática","shopee","https://shopee.com.br/product/797508788/19313301782","pesquisar_marketplaces","Nenhum produto equivalente com link afiliado confirmado foi encontrado no catalogo.","0","","","","0"
"154","Sapateira Organizadora 6 Prateleiras Para Entrada Elegante","shopee","https://shopee.com.br/Sapateira-Organizadora-6-Prateleiras-Para-Entrada-Elegante-i.346268361.20898495282","pesquisar_marketplaces","Nenhum produto equivalente com link afiliado confirmado foi encontrado no catalogo.","0","","","","0"
"155","Envoltório De Plástico Dispenser Com Cortador De Slides Reutilizável Folha & Vedação Filme Cortador De Armazenamento De Cozinha Acessório Comprimento Ajustável","shopee","https://shopee.com.br/product/469661748/12002501793","pesquisar_marketplaces","Nenhum produto equivalente com link afiliado confirmado foi encontrado no catalogo.","0","","","","0"
"156","Adesivos De Unha 3d De Cor Lisa À Prova D _Água E Durável  Peelable DQ01-18","shopee","https://shopee.com.br/Adesivos-De-Unha-3d-De-Cor-Lisa-À-Prova-D-'Água-E-Durável-Peelable-DQ01-18-i.816501565.19753324036","pesquisar_marketplaces","Nenhum produto equivalente com link afiliado confirmado foi encontrado no catalogo.","0","","","","0"
"157","Chang hong casa pequena máquina de lavar roupa interior fabricantes crianças mãe e bebê lavagem 220v","outro","https://pt.aliexpress.com/item/1005005333158266.html","pesquisar_marketplaces","Nenhum produto equivalente com link afiliado confirmado foi encontrado no catalogo.","0","","","","0"
"158","Tabua Passar Roupa Portatil Plastica Dobravel","shopee","https://shopee.com.br/product/831890113/17883144550","pesquisar_marketplaces","Nenhum produto equivalente com link afiliado confirmado foi encontrado no catalogo.","0","","","","0"
"159","Condutor Urinário Feminino Sheeee Cone Descartável Xixi Em Pé Mictório 6 Unidades","shopee","https://shopee.com.br/product/717376264/17126354882","pesquisar_marketplaces","Nenhum produto equivalente com link afiliado confirmado foi encontrado no catalogo.","0","","","","0"
"160","12H Timing 3 Engrenagem Controle Remoto Ventilador Elétrico 220V50Hz UEKR Plug 2In1 TabelaPiso Ventilador 60W 8 Palavras Agitar Máquina de Ventilação","outro","https://pt.aliexpress.com/item/1005005438900483.html","pesquisar_marketplaces","Nenhum produto equivalente com link afiliado confirmado foi encontrado no catalogo.","0","","","","0"
"161","9L Lata De Lixo Pendurada Na Cozinha Parede Da Tampa Deslizante DomésticaGancho Plástica Para Porta Do Armário","shopee","https://shopee.com.br/product/279946464/22495622937","pesquisar_marketplaces","Nenhum produto equivalente com link afiliado confirmado foi encontrado no catalogo.","0","","","","0"
"162","Influenciador Bibihu Tênis Runaway De Quatro Rodas Patins De Caminhada Para Adultos Retráteis Sapatos De Deformação","shopee","https://shopee.com.br/product/828711897/21852034268","pesquisar_marketplaces","Nenhum produto equivalente com link afiliado confirmado foi encontrado no catalogo.","0","","","","0"
"163","(rs8s) Popular 1 Par Mulher Moda Feminina Luvas De Inverno Sem Dedo Macias E Quentes","shopee","https://shopee.com.br/product/296151860/18075753481","pesquisar_marketplaces","Nenhum produto equivalente com link afiliado confirmado foi encontrado no catalogo.","0","","","","0"
"164","[baishangworshipcool] Tennis Training Tool Exercício Bola De Tênis Auto-Estudo","shopee","https://shopee.com.br/product/253136714/7233307208","pesquisar_marketplaces","Nenhum produto equivalente com link afiliado confirmado foi encontrado no catalogo.","0","","","","0"
"165","3 Cor Regulável Cat Eye Light Strip Desk Lamp LED Sensor De Movimento Luz Recarregável USB Cozinha Armário Roupeiro Lâmpada 203040 Cm","shopee","https://shopee.com.br/product/349021694/15888340300","pesquisar_marketplaces","Nenhum produto equivalente com link afiliado confirmado foi encontrado no catalogo.","0","","","","0"
"166","Cabo De Suporte De Corda De Silicone Anti-Perda Para AirPods Pro Fone De Ouvido Bluetooth Sem Fio Alça De Pescoço Cordão","shopee","https://shopee.com.br/product/242909668/21072317221","pesquisar_marketplaces","Nenhum produto equivalente com link afiliado confirmado foi encontrado no catalogo.","0","","","","0"
"167","Mousse Depilatorio Depeeling 150ml Creme Para Depilar Racco","shopee","https://shopee.com.br/product/335139438/8389654582","pesquisar_marketplaces","Nenhum produto equivalente com link afiliado confirmado foi encontrado no catalogo.","0","","","","0"
"168","Escova para Gatos Removedor De Pelos Para Cães Escova Gatos Pet Aparador","shopee","https://shopee.com.br/product/735701971/11798921195","pesquisar_marketplaces","Nenhum produto equivalente com link afiliado confirmado foi encontrado no catalogo.","0","","","","0"
"169","EYEKAN Lentes De Contato Tipo Corda Limpadora De Máquina De Limpeza Manual","shopee","https://shopee.com.br/product/515653466/18650918999","pesquisar_marketplaces","Nenhum produto equivalente com link afiliado confirmado foi encontrado no catalogo.","0","","","","0"
"170","Parede Pendurado Saco De Lixo Caixa De Armazenamento Com Tampa De Plástico Bag Dispenser Rack Titular Cozinha Fontes Do Banheiro","shopee","https://shopee.com.br/product/359390626/22591237825","pesquisar_marketplaces","Nenhum produto equivalente com link afiliado confirmado foi encontrado no catalogo.","0","","","","0"
"171","Máquina da vibração da aptidão do exercício formador da plataforma da placa do formador do corpo máquinas da plataforma da perda de peso que agitam o treino 150kg180w","outro","https://pt.aliexpress.com/item/1005003686391097.html","pesquisar_marketplaces","Nenhum produto equivalente com link afiliado confirmado foi encontrado no catalogo.","0","","","","0"
"172","Balde De Suco 8 Facas De Folha 1000ml Portátil Sem Fio De Grande Capacidade Para Triturar O Gelo Doméstico Fresco","shopee","https://shopee.com.br/Balde-De-Suco-8-Facas-De-Folha-1000ml-Portátil-Sem-Fio-De-Grande-Capacidade-Para-Triturar-O-Gelo-Doméstico-Fresco-i.751360371.22491024851","pesquisar_marketplaces","Nenhum produto equivalente com link afiliado confirmado foi encontrado no catalogo.","0","","","","0"
"173","Manual Fruit Vegetable Cutter Carrot Potato Spiralizer Slicer Salad Noodle Spaghetti Pasta Maker Kitchen Accessories","shopee","https://shopee.com.br/Manual-Fruit-Vegetable-Cutter-Carrot-Potato-Spiralizer-Slicer-Salad-Noodle-Spaghetti-Pasta-Maker-Kitchen-Accessories-i.570709178.22532041199","pesquisar_marketplaces","Nenhum produto equivalente com link afiliado confirmado foi encontrado no catalogo.","0","","","","0"
"174","48W 110v 220v 360 ° Luz Do Ventilador Com Cabeça Agitadora Fan Light LED Adequada Para Quarto , Estudo , De Crianças , Banheiro , Cozinha , Etc .","shopee","https://shopee.com.br/product/427678694/19877018617","pesquisar_marketplaces","Nenhum produto equivalente com link afiliado confirmado foi encontrado no catalogo.","0","","","","0"
"175","Agulhas De Costura Sem Rosca De 1236 Peças Feitas À Mão Aço Inoxidável","shopee","https://shopee.com.br/Agulhas-De-Costura-Sem-Rosca-De-12-36-Peças-Feitas-À-Mão-Aço-Inoxidável-i.668815138.20431519933","pesquisar_marketplaces","Nenhum produto equivalente com link afiliado confirmado foi encontrado no catalogo.","0","","","","0"
"176","Capa Protetora De Silicone Respirável Com Dedos Do Pé Para Dor Relieve .","shopee","https://shopee.com.br/Capa-Protetora-De-Silicone-Respirável-Com-Dedos-Do-Pé-Para-Dor-Relieve-.-i.570396938.17005381465","pesquisar_marketplaces","Nenhum produto equivalente com link afiliado confirmado foi encontrado no catalogo.","0","","","","0"
"177","Novo Estilo Roupa De Grande Capacidade Dobrável","shopee","https://shopee.com.br/Novo-Estilo-Roupa-De-Grande-Capacidade-Dobrável-i.611629129.22225720530","pesquisar_marketplaces","Nenhum produto equivalente com link afiliado confirmado foi encontrado no catalogo.","0","","","","0"
"178","Feizer rgs65 65w corpo de liga alumínio ferro de solda elétrica inteligente oled display temperatura ajustável de xiaomiyoupin","outro","https://pt.aliexpress.com/item/1005004911685487.html","pesquisar_marketplaces","Nenhum produto equivalente com link afiliado confirmado foi encontrado no catalogo.","0","","","","0"
"179","Bolsa Crossbody - Carr Ken","shopee","https://shopee.com.br/product/289563822/18349491331","pesquisar_marketplaces","Nenhum produto equivalente com link afiliado confirmado foi encontrado no catalogo.","0","","","","0"
"180","Sandálias De Salto Inclinado Para Mulheres Novos Sapatos Romanos","shopee","https://shopee.com.br/product/519667789/10948050170","pesquisar_marketplaces","Nenhum produto equivalente com link afiliado confirmado foi encontrado no catalogo.","0","","","","0"
"181","Aparelho Movedor Móveis Fácil Levantador Materiais Pesados Kit 5 Peças Sliders","shopee","https://shopee.com.br/Aparelho-Movedor-Móveis-Fácil-Levantador-Materiais-Pesados-Kit-5-Peças-Sliders-i.375602651.10904529903","pesquisar_marketplaces","Nenhum produto equivalente com link afiliado confirmado foi encontrado no catalogo.","0","","","","0"
"183","Mini Câmera U21 Usb Wifi Para Vigilância Doméstica Ip 1080p Gravador De Movimento","shopee","https://shopee.com.br/Mini-Câmera-U21-Usb-Wifi-Para-Vigilância-Doméstica-Ip-1080p-Gravador-De-Movimento-i.360857354.13022058722","pesquisar_marketplaces","Nenhum produto equivalente com link afiliado confirmado foi encontrado no catalogo.","0","","","","0"
"184","Repelente Eletrônico Luminária Mata Mosquitos Insetos Pernilongos Dengue Armadilha Lâmpada LED Bivolt De Tomada","shopee","https://shopee.com.br/Repelente-Eletrônico-Luminária-Mata-Mosquitos-Insetos-Pernilongos-Dengue-Armadilha-Lâmpada-LED-Bivolt-De-Tomada-i.303847814.15104329298","pesquisar_marketplaces","Nenhum produto equivalente com link afiliado confirmado foi encontrado no catalogo.","0","","","","0"
"185","Descamador de Peixe,Remove Escamas de Peixes","shopee","https://shopee.com.br/Descamador-de-Peixe-Remove-Escamas-de-Peixes-i.429396993.9680283354","pesquisar_marketplaces","Nenhum produto equivalente com link afiliado confirmado foi encontrado no catalogo.","0","","","","0"
"186","Bule De Chá Com Isolamento Térmico De Aço Inoxidável 316 Cozido Doméstico Portátil Cafeteira","shopee","https://shopee.com.br/product/604997569/19430222341","pesquisar_marketplaces","Nenhum produto equivalente com link afiliado confirmado foi encontrado no catalogo.","0","","","","0"
"187","China cozinha fogão a gás combinação elétrica 2 queimadores utensílios de cozinha","outro","https://pt.aliexpress.com/item/1005003096301454.html","pesquisar_marketplaces","Nenhum produto equivalente com link afiliado confirmado foi encontrado no catalogo.","0","","","","0"
"188","Abridor De Lata Automática Multifuncional Tampa De Idosos E Crianças Ferramenta De Abertura Rotativa Elétrica","shopee","https://shopee.com.br/product/745978101/16053964295","pesquisar_marketplaces","Nenhum produto equivalente com link afiliado confirmado foi encontrado no catalogo.","0","","","","0"
"189","HFH-[Bring Your Own Clean Liquid] Cannonball Bucket Shu Cotton Mop","shopee","https://shopee.com.br/HFH-Bring-Your-Own-Clean-Liquid-Cannonball-Bucket-Shu-Cotton-Mop-i.847851913.20137583211","pesquisar_marketplaces","Nenhum produto equivalente com link afiliado confirmado foi encontrado no catalogo.","0","","","","0"
"190","Suporte De Celular Jaguar HUD Com Design De Leopardo GPS De 360 Graus Acessórios De Clipe Ajustável","shopee","https://shopee.com.br/Suporte-De-Celular-Jaguar-HUD-Com-Design-De-Leopardo-GPS-De-360-Graus-Acessórios-De-Clipe-Ajustável-i.831516528.20230087139","pesquisar_marketplaces","Nenhum produto equivalente com link afiliado confirmado foi encontrado no catalogo.","0","","","","0"
"191","[JLS6-011] Bolsa De Pano Ombro Nova Tecido Casual De Nylon Oxford Leve Para Mensageiro 2023","shopee","https://shopee.com.br/product/950340188/23434628978","pesquisar_marketplaces","Nenhum produto equivalente com link afiliado confirmado foi encontrado no catalogo.","0","","","","0"
"192","20 Folhas Grampeador Elétrico De Mesa Antiderrapante Multi-Propósito","shopee","https://shopee.com.br/20-Folhas-Grampeador-Elétrico-De-Mesa-Antiderrapante-Multi-Propósito-i.290353708.12901848562","pesquisar_marketplaces","Nenhum produto equivalente com link afiliado confirmado foi encontrado no catalogo.","0","","","","0"
"193","Descascador De Alimentos Frutas E Legumes Com Compartimento Reservatório cascas 17 Cm","shopee","https://shopee.com.br/Descascador-De-Alimentos-Frutas-E-Legumes-Com-Compartimento-Reservatório-cascas-17-Cm-i.462380397.20322482308","pesquisar_marketplaces","Nenhum produto equivalente com link afiliado confirmado foi encontrado no catalogo.","0","","","","0"
"195","Túnel Para Gatos De Estimação Interativo Cama De Brinquedo De Uso Duplo Brinquedos Internos HOT","shopee","https://shopee.com.br/product/272098192/21067187969","pesquisar_marketplaces","Nenhum produto equivalente com link afiliado confirmado foi encontrado no catalogo.","0","","","","0"
"196","Cozinha Tempero Rotativo Rack De Armazenamento Multifuncional 360 Graus Soja Vinegar Bandeja De Frutas Luz Luxo","shopee","https://shopee.com.br/product/809116891/14489970762","pesquisar_marketplaces","Nenhum produto equivalente com link afiliado confirmado foi encontrado no catalogo.","0","","","","0"
"197","Shampoo à Seco Above 150ML90G Fresh","shopee","https://shopee.com.br/product/536651228/13231859216","pesquisar_marketplaces","Nenhum produto equivalente com link afiliado confirmado foi encontrado no catalogo.","0","","","","0"
"198","Multi-purpose Car Umbrella, pára-sol, tamanho 4.22.2 m UV Proteção Car Umbrella Cover, barraca, sem moldura apenas lona","outro","https://pt.aliexpress.com/item/1005005096550834.html","pesquisar_marketplaces","Nenhum produto equivalente com link afiliado confirmado foi encontrado no catalogo.","0","","","","0"
"199","COM OFERTA Limpador de Persianas Max Clean Microfibra 22x6cm Clink Ou Paramount","shopee","https://shopee.com.br/COM-OFERTA-Limpador-de-Persianas-Max-Clean-Microfibra-22x6cm-Clink-Ou-Paramount-i.403112819.6188814135","pesquisar_marketplaces","Nenhum produto equivalente com link afiliado confirmado foi encontrado no catalogo.","0","","","","0"
"200","Batedor De Farinha De Carvalho De 13 Polegadas Misturador De Massa Ovos Em Aço Inoxidável","shopee","https://shopee.com.br/Batedor-De-Farinha-De-Carvalho-De-13-Polegadas-Misturador-De-Massa-Ovos-Em-Aço-Inoxidável-i.252084402.18166781194","pesquisar_marketplaces","Nenhum produto equivalente com link afiliado confirmado foi encontrado no catalogo.","0","","","","0"
"201","Porta Papel Higienico E Lenços Umidecidos Everest","shopee","https://shopee.com.br/product/449974386/17256169059","pesquisar_marketplaces","Nenhum produto equivalente com link afiliado confirmado foi encontrado no catalogo.","0","","","","0"
"202","Lâmina Navalha Tira Pelos Sobrancelha Buço Rosto","shopee","https://shopee.com.br/product/480515428/14058282487","pesquisar_marketplaces","Nenhum produto equivalente com link afiliado confirmado foi encontrado no catalogo.","0","","","","0"
"203","304 fogão de pressão de aço inoxidável, fogão a gás doméstico, fogão de indução, fundo duplo à prova de explosão geral, grande capacidade","outro","https://pt.aliexpress.com/item/1005005318418402.html","pesquisar_marketplaces","Nenhum produto equivalente com link afiliado confirmado foi encontrado no catalogo.","0","","","","0"
"204","Capa Para Telefone Apple Phone Case tpu Pure Color Cartoon Pacha Dog Twisting Ass Adequado iPhone14 Divertido 12ProMax 13 Novo Estilo 11 Silicone Fêmea","shopee","https://shopee.com.br/product/919361494/21077098454","pesquisar_marketplaces","Nenhum produto equivalente com link afiliado confirmado foi encontrado no catalogo.","0","","","","0"
"205","3D Cartoon Corredor Carpet Staircase Hotel Lobby Área de Faixa Tapete Corredor Sala Decoração Casa Anti-derrapante Tapete Cuttable","outro","https://pt.aliexpress.com/item/1005005134447801.html","pesquisar_marketplaces","Nenhum produto equivalente com link afiliado confirmado foi encontrado no catalogo.","0","","","","0"
"206","Estantes nórdicos do ferro forjado com porta de vidro, armário de exposição, prateleira simples, estantes home da sala, armazenamento do quarto","outro","https://pt.aliexpress.com/item/1005005076481292.html","pesquisar_marketplaces","Nenhum produto equivalente com link afiliado confirmado foi encontrado no catalogo.","0","","","","0"
"207","Kit 12 Cadarço De Silicone Colorido","shopee","https://shopee.com.br/Kit-12-Cadarço-De-Silicone-Colorido-i.510222079.19617180192","pesquisar_marketplaces","Nenhum produto equivalente com link afiliado confirmado foi encontrado no catalogo.","0","","","","0"
"208","Hailicare 3.9mm Palito De Ouvido Com Câmera Para Bebês Adultos Otoscópio Endoscópio Remoção De Cera Android IOS Colher Conjunto De Limpeza Removedor","shopee","https://shopee.com.br/Hailicare-3.9mm-Palito-De-Ouvido-Com-Câmera-Para-Bebês-Adultos-Otoscópio-Endoscópio-Remoção-De-Cera-Android-IOS-Colher-Conjunto-De-Limpeza-Removedor-i.440728825.17681900501","pesquisar_marketplaces","Nenhum produto equivalente com link afiliado confirmado foi encontrado no catalogo.","0","","","","0"
"209","USB 2.4G Controle Remoto Carro de Escalada de Parede Carro de Corrida Antigravidade Recarregável Carro de Acrobacias Brinquedos Para Crianças","shopee","https://shopee.com.br/USB-2.4G-Controle-Remoto-Carro-de-Escalada-de-Parede-Carro-de-Corrida-Antigravidade-Recarregável-Carro-de-Acrobacias-Brinquedos-Para-Crianças-i.779333818.22503004433","pesquisar_marketplaces","Nenhum produto equivalente com link afiliado confirmado foi encontrado no catalogo.","0","","","","0"
"210","Varal de Parede Mágico Retrátil Branco 70cm Ordene Original","shopee","https://shopee.com.br/product/337302879/5563148620","pesquisar_marketplaces","Nenhum produto equivalente com link afiliado confirmado foi encontrado no catalogo.","0","","","","0"
"211","Transparent 6 Shot Glass Dispenser and Holder, Liquid Pouring Artifact, for Wedding","shopee","https://shopee.com.br/Transparent-6-Shot-Glass-Dispenser-and-Holder-Liquid-Pouring-Artifact-for-Wedding-i.296224310.12589000234","pesquisar_marketplaces","Nenhum produto equivalente com link afiliado confirmado foi encontrado no catalogo.","0","","","","0"
"213","Ventilador Porta Lâmpada De Sofá Estudo Remota Nórdica Economizador De Energia Grande led De Varanda Calma De Vento","shopee","https://shopee.com.br/Ventilador-Porta-Lâmpada-De-Sofá-Estudo-Remota-Nórdica-Economizador-De-Energia-Grande-led-De-Varanda-Calma-De-Vento-i.455794481.15495545781","pesquisar_marketplaces","Nenhum produto equivalente com link afiliado confirmado foi encontrado no catalogo.","0","","","","0"
"214","Mini máquina de lavar sapato doméstico, forte, semiautomática, inteligente, casa, 220V","outro","https://pt.aliexpress.com/item/1005004841547936.html","pesquisar_marketplaces","Nenhum produto equivalente com link afiliado confirmado foi encontrado no catalogo.","0","","","","0"
"215","Manual simples dobrável carport portátil móvel carro abrigo tenda cobre estacionamento garagem","outro","https://pt.aliexpress.com/item/1005004613875213.html","pesquisar_marketplaces","Nenhum produto equivalente com link afiliado confirmado foi encontrado no catalogo.","0","","","","0"
"216","Carregador De Celular Portátil Chaveiro 1500mah Tipo C Para Iphone 11,12,13 e 14.","shopee","https://shopee.com.br/product/311507758/22615169004","pesquisar_marketplaces","Nenhum produto equivalente com link afiliado confirmado foi encontrado no catalogo.","0","","","","0"
"217","Rodo Twister Cabo Retrátil Chega até 1,40m Junta Articulada","shopee","https://shopee.com.br/product/648148313/21109282703","pesquisar_marketplaces","Nenhum produto equivalente com link afiliado confirmado foi encontrado no catalogo.","0","","","","0"
"218","【produtos À Vista】 Cozinha De 1 Peça Para Fazer Almôndegas De Carne Faz Bolinhos De Arroz E Bolas De Peixe Fácil De Operar","shopee","https://shopee.com.br/【produtos-À-Vista】-Cozinha-De-1-Peça-Para-Fazer-Almôndegas-De-Carne-Faz-Bolinhos-De-Arroz-E-Bolas-De-Peixe-Fácil-De-Operar-i.237000922.22528101303","pesquisar_marketplaces","Nenhum produto equivalente com link afiliado confirmado foi encontrado no catalogo.","0","","","","0"
"219","Multifuncional madeira maciça Folding Escada, Household Chair Stool, Dual-Purpose Cadeiras, Escalada Pedal Stair, Step, Ins","outro","https://pt.aliexpress.com/item/1005005321352840.html","pesquisar_marketplaces","Nenhum produto equivalente com link afiliado confirmado foi encontrado no catalogo.","0","","","","0"
"220","Sofá Cama E Esteiras Fofas Para Gatos Pequenos Preguiçosos Filhotes De","shopee","https://shopee.com.br/product/909101546/19178031310","pesquisar_marketplaces","Nenhum produto equivalente com link afiliado confirmado foi encontrado no catalogo.","0","","","","0"
"221","Vaso Sanitário Portátil Banheiro Químico 10 litros para Motor Homes, Barcos, Campings e Eventos Lorben","shopee","https://shopee.com.br/product/386114683/12206216810","pesquisar_marketplaces","Nenhum produto equivalente com link afiliado confirmado foi encontrado no catalogo.","0","","","","0"
"222","Cintura Alta Verão Elástica Tencel Emagrecedor Visual Feminino Reto Alto Elástico Mãe Tornozelo Comprimento Calça Jeans Solta Trou","shopee","https://shopee.com.br/product/315735353/22331710894","pesquisar_marketplaces","Nenhum produto equivalente com link afiliado confirmado foi encontrado no catalogo.","0","","","","0"
"224","Lixa Elétrica De Pé Esfoliador Tira Calos Pedicure Portátil Recarregavel","shopee","https://shopee.com.br/Lixa-Elétrica-De-Pé-Esfoliador-Tira-Calos-Pedicure-Portátil-Recarregavel-i.344500144.16503009147","pesquisar_marketplaces","Nenhum produto equivalente com link afiliado confirmado foi encontrado no catalogo.","0","","","","0"
"225","Mops Para Casa Jardim Coletor de pó eletrostático mop descartável vácuo papel chão toalhetes rosca plana mop limpeza ferramenta para casa","outro","https://pt.aliexpress.com/item/4000659590998.html","pesquisar_marketplaces","Nenhum produto equivalente com link afiliado confirmado foi encontrado no catalogo.","0","","","","0"
"226","Papel Adesivo de Parede 10 METROS x 45CM 3D Modelo Linho Decoração","shopee","https://shopee.com.br/Papel-Adesivo-de-Parede-10-METROS-x-45CM-3D-Modelo-Linho-Decoração-i.468544017.14138694459","pesquisar_marketplaces","Nenhum produto equivalente com link afiliado confirmado foi encontrado no catalogo.","0","","","","0"
"227","Kit 3 Em 1 Bico Alta Pressão Para Mangueira + Conector Top","shopee","https://shopee.com.br/Kit-3-Em-1-Bico-Alta-Pressão-Para-Mangueira-Conector-Top-i.927963980.18470480490","pesquisar_marketplaces","Nenhum produto equivalente com link afiliado confirmado foi encontrado no catalogo.","0","","","","0"
"228","Par de Almofadas dos Pés Antiderrapante de Salto Alto Proteção Respirável","shopee","https://shopee.com.br/Par-de-Almofadas-dos-Pés-Antiderrapante-de-Salto-Alto-Proteção-Respirável-i.421603492.20970572784","pesquisar_marketplaces","Nenhum produto equivalente com link afiliado confirmado foi encontrado no catalogo.","0","","","","0"
"229","Sacola de bebê para mães, fraldas de maternidade, bolsa de mamães, organizador de carrinho, troca de transporte, cuidados com o bebê, viagem, mochila RI5C","shopee","https://shopee.com.br/product/968511652/23132554682","pesquisar_marketplaces","Nenhum produto equivalente com link afiliado confirmado foi encontrado no catalogo.","0","","","","0"
"230","Sofá Infantil Fofo Pelúcia Multicolorida Para Casa Quarto Decoração Desenho Criativo Encosto Poltrona 2 Em 1","shopee","https://shopee.com.br/Sofá-Infantil-Fofo-Pelúcia-Multicolorida-Para-Casa-Quarto-Decoração-Desenho-Criativo-Encosto-Poltrona-2-Em-1-i.215436671.22811134044","pesquisar_marketplaces","Nenhum produto equivalente com link afiliado confirmado foi encontrado no catalogo.","0","","","","0"
"231","Pode ser dobrado alta qualit refrigerar esteira de cama macio confortável esfria folhas de látex tailandês conjunto de folha de cama para o verão almofada de colchão fresco","outro","https://pt.aliexpress.com/item/1005005109548981.html","pesquisar_marketplaces","Nenhum produto equivalente com link afiliado confirmado foi encontrado no catalogo.","0","","","","0"
"233","Dispenser Giratorio p Cereais Graos Alimentos c 6 Divisorias","shopee","https://shopee.com.br/product/491113942/15692065396","pesquisar_marketplaces","Nenhum produto equivalente com link afiliado confirmado foi encontrado no catalogo.","0","","","","0"
"234","Joelheira De Compressão Articulada Com Cintas Cruzadas Tensor Articulado","shopee","https://shopee.com.br/Joelheira-De-Compressão-Articulada-Com-Cintas-Cruzadas-Tensor-Articulado-i.539989319.11765223816","pesquisar_marketplaces","Nenhum produto equivalente com link afiliado confirmado foi encontrado no catalogo.","0","","","","0"
"235","Custom Fit Couro Car Floor Mats Para A Maioria Dos Modelos De Carro Tapete Completo Conjunto Com Logotipo Da Marca Interior Acessórios almofada de proteção","outro","https://pt.aliexpress.com/item/1005004564998452.html","pesquisar_marketplaces","Nenhum produto equivalente com link afiliado confirmado foi encontrado no catalogo.","0","","","","0"
"236","High-rise vidro limpeza artefato doméstico escova high-rise dupla face limpeza ferramenta especial janela externa","outro","https://pt.aliexpress.com/item/1005004509316118.html","pesquisar_marketplaces","Nenhum produto equivalente com link afiliado confirmado foi encontrado no catalogo.","0","","","","0"
"237","Fivela dianteira sem rastreamento, sutiã esportivo corretivo sem costassutiã esportivo com fivela frontal","shopee","https://shopee.com.br/product/766569382/14896691893","pesquisar_marketplaces","Nenhum produto equivalente com link afiliado confirmado foi encontrado no catalogo.","0","","","","0"
"238","Churrasqueira elétrica, Bife, Espeto giratório automático, máquina de grelha, fogão sem fumaça Kebab, forno assado para churrasco, panela quente, UE","outro","https://pt.aliexpress.com/item/32636594487.html","pesquisar_marketplaces","Nenhum produto equivalente com link afiliado confirmado foi encontrado no catalogo.","0","","","","0"
"239","Kit 4 Ou 8 Gancho Adesivo Para Prateleira Suporte","shopee","https://shopee.com.br/Kit-4-Ou-8-Gancho-Adesivo-Para-Prateleira-Suporte-i.325073930.14279463284","pesquisar_marketplaces","Nenhum produto equivalente com link afiliado confirmado foi encontrado no catalogo.","0","","","","0"
"240","Mini Maquina Costura Portátil Elétrica Pilha + Pedal Bivolt 110V 220VMini Maquina Costura Portátil Elétrica Pilha + Pedal Bivolt 110V 220V","shopee","https://shopee.com.br/product/299222557/12086218519","pesquisar_marketplaces","Nenhum produto equivalente com link afiliado confirmado foi encontrado no catalogo.","0","","","","0"
"241","Meias Do Bebê Com Solas De Borracha Para Crianças Sapato Chinelos Em Casa Menina Piso Anti Deslizamento Animais Primeiros Passos","shopee","https://shopee.com.br/product/711443279/16859039577","pesquisar_marketplaces","Nenhum produto equivalente com link afiliado confirmado foi encontrado no catalogo.","0","","","","0"
"242","Wmuncc Short Feminino Folgado De Cintura Alta Anti-glareFitnessSecagem Rápida2 Em 1 Para TreinoCorrida","shopee","https://shopee.com.br/product/524226326/15052244214","pesquisar_marketplaces","Nenhum produto equivalente com link afiliado confirmado foi encontrado no catalogo.","0","","","","0"
"243","Papel De Parede À Prova D_água-Adesivo De Óleo De Cozinha Fogo Gabinete Resistente A Altas Temperaturas D_água-Pro","shopee","https://shopee.com.br/product/741450806/19531804817","pesquisar_marketplaces","Nenhum produto equivalente com link afiliado confirmado foi encontrado no catalogo.","0","","","","0"
"245","Mop plano com esfregão telescópico com alça giratória de 360 graus, Spin Mop para casa, Limpeza de telhas de cozinha, Cotonetes de fibra superfina","outro","https://pt.aliexpress.com/item/32978164943.html","pesquisar_marketplaces","Nenhum produto equivalente com link afiliado confirmado foi encontrado no catalogo.","0","","","","0"
"246","Cortador Ralador Fatiador De Legumes Vegetais Multifuncional","shopee","https://shopee.com.br/Cortador-Ralador-Fatiador-De-Legumes-Vegetais-Multifuncional-i.303546236.19228403727","pesquisar_marketplaces","Nenhum produto equivalente com link afiliado confirmado foi encontrado no catalogo.","0","","","","0"
"247","Enrolador de cabelo automático,profissional curling ferro ferramenta estilo","shopee","https://shopee.com.br/product/537850824/12424121720","pesquisar_marketplaces","Nenhum produto equivalente com link afiliado confirmado foi encontrado no catalogo.","0","","","","0"
"248","Ralador Fatiador De Cenoura Mandoline Multi-Função Com FiltroCozinha E Frutas Vegetais","shopee","https://shopee.com.br/Ralador-Fatiador-De-Cenoura-Mandoline-Multi-Função-Com-Filtro-Cozinha-E-Frutas-Vegetais-i.713578541.19313570810","pesquisar_marketplaces","Nenhum produto equivalente com link afiliado confirmado foi encontrado no catalogo.","0","","","","0"
"249","Lâmpadas de parede LED de penas nórdicas modernas, arandelas de cabeceira, luminárias LED internas, quarto e sala de estar, decoração luxuosa","outro","https://pt.aliexpress.com/item/1005004370224091.html","pesquisar_marketplaces","Nenhum produto equivalente com link afiliado confirmado foi encontrado no catalogo.","0","","","","0"
"250","Altura Ajustável Equipamentos Médicos Assento, Assento De Transporte Do Paciente, Cadeira De Rodas Commode","outro","https://pt.aliexpress.com/item/4000292057594.html","pesquisar_marketplaces","Nenhum produto equivalente com link afiliado confirmado foi encontrado no catalogo.","0","","","","0"
"251","Escama De Peixe Pano De Limpeza De Microfibra De Polimento 1 Pcs Macio Toalha Absorverível Cozinha De Vidro Organizador","shopee","https://shopee.com.br/Escama-De-Peixe-Pano-De-Limpeza-De-Microfibra-De-Polimento-1-Pcs-Macio-Toalha-Absorverível-Cozinha-De-Vidro-Organizador-i.238883163.14402732933","pesquisar_marketplaces","Nenhum produto equivalente com link afiliado confirmado foi encontrado no catalogo.","0","","","","0"
"252","Abridor De Latas Elétrico , Automático De Segurança Para Cozinhas","shopee","https://shopee.com.br/Abridor-De-Latas-Elétrico-Automático-De-Segurança-Para-Cozinhas-i.240548726.23439757049","pesquisar_marketplaces","Nenhum produto equivalente com link afiliado confirmado foi encontrado no catalogo.","0","","","","0"
"253","ANTIONE Cobertor Temporizador Multi-Funções Temperatura Ajustável Flanela De Febre Rápida Material Macio Elétrico","shopee","https://shopee.com.br/ANTIONE-Cobertor-Temporizador-Multi-Funções-Temperatura-Ajustável-Flanela-De-Febre-Rápida-Material-Macio-Elétrico-i.455425893.23930412994","pesquisar_marketplaces","Nenhum produto equivalente com link afiliado confirmado foi encontrado no catalogo.","0","","","","0"
"254","Carteira Com Zíper Para iPhone 14 13 12 Pro Max 14 Plus Capa Alça Cartão Suporte De Couro Transversal","shopee","https://shopee.com.br/Carteira-Com-Zíper-Para-iPhone-14-13-12-Pro-Max-14-Plus-Capa-Alça-Cartão-Suporte-De-Couro-Transversal-i.597841858.21266111312","pesquisar_marketplaces","Nenhum produto equivalente com link afiliado confirmado foi encontrado no catalogo.","0","","","","0"
"255","4 Em 1 Suporte De Celular Multifuncional Antiderrapante Com Rotação 360 Para CarroInstrumentos","shopee","https://shopee.com.br/product/279646587/15721699457","pesquisar_marketplaces","Nenhum produto equivalente com link afiliado confirmado foi encontrado no catalogo.","0","","","","0"
"256","Suporte Para Cama E Mesa Articulado Universal Ptablet E Cel","shopee","https://shopee.com.br/Suporte-Para-Cama-E-Mesa-Articulado-Universal-P-tablet-E-Cel-i.462301847.6693291770","pesquisar_marketplaces","Nenhum produto equivalente com link afiliado confirmado foi encontrado no catalogo.","0","","","","0"
"257","Fita Adesiva À Prova D_água Reparo De Telhado De Parede Resistente A Altas Temperaturas Fixação De Piscinas","shopee","https://shopee.com.br/Fita-Adesiva-À-Prova-D'água-Reparo-De-Telhado-De-Parede-Resistente-A-Altas-Temperaturas-Fixação-De-Piscinas-i.572527804.23324846704","pesquisar_marketplaces","Nenhum produto equivalente com link afiliado confirmado foi encontrado no catalogo.","0","","","","0"
"258","[LK] Chapéu De Inverno Mulher Carta Proteção Das Orelhas Cor Sólida Botões De Bola De Pelúcia Decoração Feijão Cachecol Desgaste Diário","shopee","https://shopee.com.br/product/184022825/19575732633","pesquisar_marketplaces","Nenhum produto equivalente com link afiliado confirmado foi encontrado no catalogo.","0","","","","0"
"259","Lâminas de agulha ultra afiadas de aço inoxidável, amaciador de carne, cozinhar ferramenta para amaciar, marinada, churrasco, sabor, maximizador, 48","outro","https://pt.aliexpress.com/item/1005003026425716.html","pesquisar_marketplaces","Nenhum produto equivalente com link afiliado confirmado foi encontrado no catalogo.","0","","","","0"
"260","Balança de Bagagem Gancho Digital 50Kg Portátil","shopee","https://shopee.com.br/Balança-de-Bagagem-Gancho-Digital-50Kg-Portátil-i.294602625.22924973611","pesquisar_marketplaces","Nenhum produto equivalente com link afiliado confirmado foi encontrado no catalogo.","0","","","","0"
"261","Saco De Tempero De Parede Especiarias Vedação","shopee","https://shopee.com.br/Saco-De-Tempero-De-Parede-Especiarias-Vedação-i.183992955.12598421449","pesquisar_marketplaces","Nenhum produto equivalente com link afiliado confirmado foi encontrado no catalogo.","0","","","","0"
"262","sutiã sem costura Sexy Feminino sutia adesivo Invisível ZXYOUPING","shopee","https://shopee.com.br/product/833099466/21156770419","pesquisar_marketplaces","Nenhum produto equivalente com link afiliado confirmado foi encontrado no catalogo.","0","","","","0"
"263","Multi-função cremalheira da máquina de lavar louça, cremalheira do prato, dreno, armário, porta, pia, bancada, armazenamento do prato","outro","https://pt.aliexpress.com/item/1005004849101099.html","pesquisar_marketplaces","Nenhum produto equivalente com link afiliado confirmado foi encontrado no catalogo.","0","","","","0"
"264","1meias De Barco Invisíveis De Verão Meias De Silicone Sem Escorregamento Para Sapatos De Salto Alto Finas De Seda De Gelo Meio-Palma","shopee","https://shopee.com.br/product/183962819/8166052486","pesquisar_marketplaces","Nenhum produto equivalente com link afiliado confirmado foi encontrado no catalogo.","0","","","","0"
"265","Lanterna com Ventilador Portátil Acampamento 2 em 1 Recarregável e Carregamento Solar Ventilador GSH9299","shopee","https://shopee.com.br/Lanterna-com-Ventilador-Portátil-Acampamento-2-em-1-Recarregável-e-Carregamento-Solar-Ventilador-GSH9299-i.344939301.20038580128","pesquisar_marketplaces","Nenhum produto equivalente com link afiliado confirmado foi encontrado no catalogo.","0","","","","0"
"266","Lanterna 90 Graus Led + Cob Recarregavel Usb Ima Magnetico","shopee","https://shopee.com.br/product/405574574/19814454811","pesquisar_marketplaces","Nenhum produto equivalente com link afiliado confirmado foi encontrado no catalogo.","0","","","","0"
"267","Topmount aço inoxidável cachoeira pia para cozinha, Grande slot único, lavatório, torneira de toque multifunções","outro","https://pt.aliexpress.com/item/1005004759630922.html","pesquisar_marketplaces","Nenhum produto equivalente com link afiliado confirmado foi encontrado no catalogo.","0","","","","0"
"268","Bacia Flip Drain Banheiro De Drenagem Afundamento ABS Bottle Trap With Black Pipe Drains Kit Filtro Desodorante Antibloqueio Do Lavatório","shopee","https://shopee.com.br/product/573424408/22807122577","pesquisar_marketplaces","Nenhum produto equivalente com link afiliado confirmado foi encontrado no catalogo.","0","","","","0"
"269","Bolsa Tiracolo Feminina De Ombro Multicamadas De Grande Capacidade","shopee","https://shopee.com.br/product/448168037/21929063631","pesquisar_marketplaces","Nenhum produto equivalente com link afiliado confirmado foi encontrado no catalogo.","0","","","","0"
"270","Paleta de sombras de cinco cores ROTO mini 5 lantejoulas coloridas fosco perolado brilhante, durável e adequado para cosméticos de sombra de grade de cinco gongos à prova d_água","shopee","https://shopee.com.br/product/383819832/7295409852","pesquisar_marketplaces","Nenhum produto equivalente com link afiliado confirmado foi encontrado no catalogo.","0","","","","0"
"271","Ace Aço Inoxidável Secagem Dobrável Rack Metal Pendurador Organização Do Cabide","shopee","https://shopee.com.br/product/422414644/19269529640","pesquisar_marketplaces","Nenhum produto equivalente com link afiliado confirmado foi encontrado no catalogo.","0","","","","0"
"272","Cinta Modeladora Short Afina Cintura 4 Barbatanas","shopee","https://shopee.com.br/Cinta-Modeladora-Short-Afina-Cintura-4-Barbatanas-i.345079039.16122116924","pesquisar_marketplaces","Nenhum produto equivalente com link afiliado confirmado foi encontrado no catalogo.","0","","","","0"
"273","Saltos altos de couro envernizado para mulheres, bombas de metal, sapatos de senhora do escritório, sapatos de barco, ol, 8939N","outro","https://pt.aliexpress.com/item/1005002029801919.html","pesquisar_marketplaces","Nenhum produto equivalente com link afiliado confirmado foi encontrado no catalogo.","0","","","","0"
"274","Armário de armazenamento dobrável com ímã móvel, organizadores empilháveis do armazenamento, mobília home, prateleiras da sala de estar","outro","https://pt.aliexpress.com/item/1005005373423601.html","pesquisar_marketplaces","Nenhum produto equivalente com link afiliado confirmado foi encontrado no catalogo.","0","","","","0"
"275","Suporte De Metal Para Galão Água Mineral Com Válvula Dosador bico Destacável Balcão dispenser Mesa Cozinha","shopee","https://shopee.com.br/Suporte-De-Metal-Para-Galão-Água-Mineral-Com-Válvula-Dosador-bico-Destacável-Balcão-dispenser-Mesa-Cozinha-i.413719632.23725120134","pesquisar_marketplaces","Nenhum produto equivalente com link afiliado confirmado foi encontrado no catalogo.","0","","","","0"
"277","Kit Com 6 Cercas Plásticas Decorativas Para JardimCanteiro De Casas ou Apartamentos (2.4m)","shopee","https://shopee.com.br/Kit-Com-6-Cercas-Plásticas-Decorativas-Para-Jardim-Canteiro-De-Casas-ou-Apartamentos-(2.4m)-i.340979277.8357558324","pesquisar_marketplaces","Nenhum produto equivalente com link afiliado confirmado foi encontrado no catalogo.","0","","","","0"
"278","Sofá Poltrona Descanso Portátil Inflável Ultra Lounge","shopee","https://shopee.com.br/Sofá-Poltrona-Descanso-Portátil-Inflável-Ultra-Lounge-i.378486098.21268606146","pesquisar_marketplaces","Nenhum produto equivalente com link afiliado confirmado foi encontrado no catalogo.","0","","","","0"
"279","2021 3d móvel impressora do prego m1 padrão digital máquina de impressora da arte do prego o2nails h1 portátil equipamento da arte do prego do telefone","outro","https://pt.aliexpress.com/item/1005003634361165.html","pesquisar_marketplaces","Nenhum produto equivalente com link afiliado confirmado foi encontrado no catalogo.","0","","","","0"
"280","Meias De Silicone Gel Hidratante Anti Rachadura Barco","shopee","https://shopee.com.br/Meias-De-Silicone-Gel-Hidratante-Anti-Rachadura-Barco-i.268030001.7139803513","pesquisar_marketplaces","Nenhum produto equivalente com link afiliado confirmado foi encontrado no catalogo.","0","","","","0"
"281","Sutiã Top academia  top alto impacto","shopee","https://shopee.com.br/product/350170986/20833289672","pesquisar_marketplaces","Nenhum produto equivalente com link afiliado confirmado foi encontrado no catalogo.","0","","","","0"
"283","Escova de dentes em forma de U de 360 graus para crianças, bebê infantil 2-6-12 anos, Escova macia em forma de U para crianças","shopee","https://shopee.com.br/Escova-de-dentes-em-forma-de-U-de-360-graus-para-crianças-bebê-infantil-2-6-12-anos-Escova-macia-em-forma-de-U-para-crianças-i.405522417.22001863299","pesquisar_marketplaces","Nenhum produto equivalente com link afiliado confirmado foi encontrado no catalogo.","0","","","","0"
"284","Bolsa Tiracolo  De Mão De Tecido De Cor Lisa Com Um Ombro","shopee","https://shopee.com.br/product/292011948/3747329331","pesquisar_marketplaces","Nenhum produto equivalente com link afiliado confirmado foi encontrado no catalogo.","0","","","","0"
"285","Outono E Inverno Amamentação Grávida Com Capuz Feminina Manga Comprida Dew Meia-Pescoço Camisola","shopee","https://shopee.com.br/product/236429061/7637053438","pesquisar_marketplaces","Nenhum produto equivalente com link afiliado confirmado foi encontrado no catalogo.","0","","","","0"
"286","Multi-Funcional Iron Flower Rack, Piso Varanda e sala de estar, pequeno volume, ferro fino, alta resistência","outro","https://pt.aliexpress.com/item/1005004035301377.html","pesquisar_marketplaces","Nenhum produto equivalente com link afiliado confirmado foi encontrado no catalogo.","0","","","","0"
"287","DS11545 Massageador Elétrico Profissional Muscular Pistola Portátil Original Massagem","shopee","https://shopee.com.br/DS11545-Massageador-Elétrico-Profissional-Muscular-Pistola-Portátil-Original-Massagem-i.405570236.20230591663","pesquisar_marketplaces","Nenhum produto equivalente com link afiliado confirmado foi encontrado no catalogo.","0","","","","0"
"288","Eco-friendly antiaderente café da manhã frigideira grill pan multi-função omlette pan terno para indução com anti-calor lidar com 26cm","outro","https://pt.aliexpress.com/item/1005004716678169.html","pesquisar_marketplaces","Nenhum produto equivalente com link afiliado confirmado foi encontrado no catalogo.","0","","","","0"
"289","2022 Sandálias Gladiador Mulher De Salto Alto Cabeça Aberta sexy Rebite Calcanhar Bloco Sapatos De Plataforma De Verão De Volta zip Tamanho 35-40 Femininas","shopee","https://shopee.com.br/product/657339051/18917980001","pesquisar_marketplaces","Nenhum produto equivalente com link afiliado confirmado foi encontrado no catalogo.","0","","","","0"
"290","ALSTON-Projetor Portátil Full HD LED, Bluetooth, Android, Wi-Fi, compatível com HDMI, USB, Cinema Beamer, 8000Lumens, 1080P, BH908","outro","https://pt.aliexpress.com/item/1005005149168688.html","pesquisar_marketplaces","Nenhum produto equivalente com link afiliado confirmado foi encontrado no catalogo.","0","","","","0"
"291","Nova Moda Relógios De Parede De Quartzo 3D Real Grande RelógioDIY Sala De Estar Decoração Espelho Adesivo","shopee","https://shopee.com.br/product/264593534/13776429246","pesquisar_marketplaces","Nenhum produto equivalente com link afiliado confirmado foi encontrado no catalogo.","0","","","","0"
"292","Travesseiro De Casal Almofada Casal Novo Estilo Almofada de Pressão Memória Rebote Lento Almofada Anti-paralisia das Mãos","shopee","https://shopee.com.br/product/619203587/16101531626","pesquisar_marketplaces","Nenhum produto equivalente com link afiliado confirmado foi encontrado no catalogo.","0","","","","0"
"293","PROMOÇÃO Suporte Veicular Viseira Para Carro 360 Graus Para Celular Do Telefone Da Mão Espelho Retrovisor Carro Universal Multifuncional","shopee","https://shopee.com.br/*PROMOÇÃO*-Suporte-Veicular-Viseira-Para-Carro-360-Graus-Para-Celular-Do-Telefone-Da-Mão-Espelho-Retrovisor-Carro-Universal-Multifuncional-i.821365805.22320045320","pesquisar_marketplaces","Nenhum produto equivalente com link afiliado confirmado foi encontrado no catalogo.","0","","","","0"
"294","Calça Feminina Viscolycra com Bolso Lisa Básica","shopee","https://shopee.com.br/product/555629507/18510501857","pesquisar_marketplaces","Nenhum produto equivalente com link afiliado confirmado foi encontrado no catalogo.","0","","","","0"
"295","Varal De Parede Retrátil Fio Aço Inoxidável Suporta Até 20kg","shopee","https://shopee.com.br/Varal-De-Parede-Retrátil-Fio-Aço-Inoxidável-Suporta-Até-20kg-i.286640040.15904266677","pesquisar_marketplaces","Nenhum produto equivalente com link afiliado confirmado foi encontrado no catalogo.","0","","","","0"
"296","Manual Clip Massageador Cervical Coluna Ombro De Desbloqueador Rolo De Massagem Multifuncional De Pescoço Corporal De","shopee","https://shopee.com.br/Manual-Clip-Massageador-Cervical-Coluna-Ombro-De-Desbloqueador-Rolo-De-Massagem-Multifuncional-De-Pescoço-Corporal-De-i.431675002.19855795421","pesquisar_marketplaces","Nenhum produto equivalente com link afiliado confirmado foi encontrado no catalogo.","0","","","","0"
"297","Mini Fonte De Bebedouro Hello Kitty De Mesa","shopee","https://shopee.com.br/product/793915168/20717508658","pesquisar_marketplaces","Nenhum produto equivalente com link afiliado confirmado foi encontrado no catalogo.","0","","","","0"
"298","Fio Dental Palito P Higiene Bucal Descartável 88 Unidades","shopee","https://shopee.com.br/product/367519053/22408617256","pesquisar_marketplaces","Nenhum produto equivalente com link afiliado confirmado foi encontrado no catalogo.","0","","","","0"
"299","Botas de neve de couro sintético para mulheres, inverno quente, tamanho 40","outro","https://pt.aliexpress.com/item/1005005009811193.html","pesquisar_marketplaces","Nenhum produto equivalente com link afiliado confirmado foi encontrado no catalogo.","0","","","","0"
"300","Berço Portátil com Mosquiteiro Sleep até 15Kgs Colorê Voyage","shopee","https://shopee.com.br/Berço-Portátil-com-Mosquiteiro-Sleep-até-15Kgs-Colorê-Voyage-i.340054154.21158546276","pesquisar_marketplaces","Nenhum produto equivalente com link afiliado confirmado foi encontrado no catalogo.","0","","","","0"
"601","Mini Processador de Alimentos Triturador Alho Eletrico Sem Fio USB Knup KP-UD103","shopee","https://shopee.com.br/Mini-Processador-de-Alimentos-Triturador-Alho-Eletrico-Sem-Fio-USB-Knup-KP-UD103-i.748581559.14393121899","revisao_candidato_catalogo","Ha candidato semelhante, mas a correspondencia exige revisao visual.","1","cozinha-ml-docx-22","Processador Elétrico Mini Triturador de Alimentos Alho USB","mercado_livre","0.7368421052631579"
"602","(Meifuyi) Filtro De Torneira De Refrigerante  Cotofrafar Para Beber Água  Dispensador De Bebida  Festa  Fm","shopee","https://shopee.com.br/(Meifuyi)-Filtro-De-Torneira-De-Refrigerante-Cotofrafar-Para-Beber-Água-Dispensador-De-Bebida-Festa-Fm-i.287897963.7293746862","pesquisar_marketplaces","Nenhum produto equivalente com link afiliado confirmado foi encontrado no catalogo.","0","","","","0"
"603","Panela De Cozimento Elétrica Multifuncional 110V220V Dormitório Elétrico Wok De 600W Pote Anti-Aderente Baixo Potência Noodle CNEUReino UnidoUS Plug","shopee","https://shopee.com.br/product/619203587/22404622285","pesquisar_marketplaces","Nenhum produto equivalente com link afiliado confirmado foi encontrado no catalogo.","0","","","","0"
"604","1 Pc Tuya Cortina Inteligente Bt Motor Interruptor De Controle De Voz Cortina Elétrica Robô App Controle Temporizador Configuração Compatível Com Alexa","shopee","https://shopee.com.br/1-Pc-Tuya-Cortina-Inteligente-Bt-Motor-Interruptor-De-Controle-De-Voz-Cortina-Elétrica-Robô-App-Controle-Temporizador-Configuração-Compatível-Com-Alexa-i.343537796.13805149156","pesquisar_marketplaces","Nenhum produto equivalente com link afiliado confirmado foi encontrado no catalogo.","0","","","","0"
"605","BOZZH-Placa Multifuncional De Queijo De Bambu, Bandeja De Pizza De Pão, Placa De Charcutaria, Ferramentas De Cozinha, Prato De Jantar","outro","https://pt.aliexpress.com/item/1005003040881141.html","pesquisar_marketplaces","Nenhum produto equivalente com link afiliado confirmado foi encontrado no catalogo.","0","","","","0"
"606","Espelho de Maquiagem Dobrável com Luz LED, Vaidade Desktop, 3 Luzes Tone, Ampliação 2X, 360 ° Ajustável, Recarregável, 3X","outro","https://pt.aliexpress.com/item/1005001497339572.html","pesquisar_marketplaces","Nenhum produto equivalente com link afiliado confirmado foi encontrado no catalogo.","0","","","","0"
"607","120W 6A Carregamento Super Rápido 180 ° Cabo De Carga Super Rápida Rotativo Silicone Líquido Para Carregador De Jogo Móvel Tipo C Xiaomi iPhone 13 pro 14","shopee","https://shopee.com.br/120W-6A-Carregamento-Super-Rápido-180-°-Cabo-De-Carga-Super-Rápida-Rotativo-Silicone-Líquido-Para-Carregador-De-Jogo-Móvel-Tipo-C-Xiaomi-iPhone-13-pro-14-i.890898742.22324651241","pesquisar_marketplaces","Nenhum produto equivalente com link afiliado confirmado foi encontrado no catalogo.","0","","","","0"
"608","Guarda Chuva Automático Preto Tecido Duplo Grande Reforçado","shopee","https://shopee.com.br/product/448628081/22706390879","pesquisar_marketplaces","Nenhum produto equivalente com link afiliado confirmado foi encontrado no catalogo.","0","","","","0"
"609","Cozinha cremalheira bancada forno de microondas integrado fogão arroz eletrodoméstico prateleira armazenamento desktop fogão","outro","https://pt.aliexpress.com/item/1005004434756286.html","pesquisar_marketplaces","Nenhum produto equivalente com link afiliado confirmado foi encontrado no catalogo.","0","","","","0"
"610","Novas Mulheres De Cintura Alta Barriga Segurando Gordura Quente Pelvis Correção Moldar CalcinhaSenhoras Respirável Shaper Do CorpoQualidade Confortável Emagrecimento Cueca Breve","shopee","https://shopee.com.br/Novas-Mulheres-De-Cintura-Alta-Barriga-Segurando-Gordura-Quente-Pelvis-Correção-Moldar-Calcinha-Senhoras-Respirável-Shaper-Do-Corpo-Qualidade-Confortável-Emagrecimento-Cueca-Breve-i.793686679.19713026525","pesquisar_marketplaces","Nenhum produto equivalente com link afiliado confirmado foi encontrado no catalogo.","0","","","","0"
"611","【 Ready Stock 】 Bidet Conjunto De Torneiras De Uso Duplo Torneira De Banheiro Latão Cinza Montado Na Parede Pistola De Alta Pressão","shopee","https://shopee.com.br/【-Ready-Stock-】-Bidet-Conjunto-De-Torneiras-De-Uso-Duplo-Torneira-De-Banheiro-Latão-Cinza-Montado-Na-Parede-Pistola-De-Alta-Pressão-i.754119450.18642425932","pesquisar_marketplaces","Nenhum produto equivalente com link afiliado confirmado foi encontrado no catalogo.","0","","","","0"
"613","Mosquiteiro Para Berço Portátil Multifuncional Dobrável De Bebê","shopee","https://shopee.com.br/product/311370504/17879998474","pesquisar_marketplaces","Nenhum produto equivalente com link afiliado confirmado foi encontrado no catalogo.","0","","","","0"
"614","Fritadeira sem Óleo Britânia Air Fryer Oven BFR2100P, 12 Litros, 2 em 1, Preta - 127v","shopee","https://shopee.com.br/Fritadeira-sem-Óleo-Britânia-Air-Fryer-Oven-BFR2100P-12-Litros-2-em-1-Preta-i.464124535.15591106105","pesquisar_marketplaces","Nenhum produto equivalente com link afiliado confirmado foi encontrado no catalogo.","0","","","","0"
"615","Mini Lixeira Retratil Silicone Cesto Dobravel Multiuso Para Pendurar Portatil Cozinha 1.5L","shopee","https://shopee.com.br/Lixeira-Retratil-Silicone-Cesto-Dobravel-Multiuso-Para-Pendurar-Portatil-Cozinha-1.5L-i.389800143.19139993609","pesquisar_marketplaces","Nenhum produto equivalente com link afiliado confirmado foi encontrado no catalogo.","0","","","","0"
"616","Cortina Blackout Com Ventosas Para Proteção Contra O Sol De Sala De Estar , Anti-Uv","shopee","https://shopee.com.br/Cortina-Blackout-Com-Ventosas-Para-Proteção-Contra-O-Sol-De-Sala-De-Estar-Anti-Uv-i.368241288.18926438011","pesquisar_marketplaces","Nenhum produto equivalente com link afiliado confirmado foi encontrado no catalogo.","0","","","","0"
"617","Tablet Magico Lousa Digital 12 polegadas","shopee","https://shopee.com.br/Tablet-Magico-Lousa-Digital-12-polegadas-i.720777227.14888943374","pesquisar_marketplaces","Nenhum produto equivalente com link afiliado confirmado foi encontrado no catalogo.","0","","","","0"
"618","Boia Adulto Em Formato De Beringela Gigante Com Mochila Alça","shopee","https://shopee.com.br/product/402093902/20848643892","pesquisar_marketplaces","Nenhum produto equivalente com link afiliado confirmado foi encontrado no catalogo.","0","","","","0"
"619","Panos de limpeza milagrosos NanoScale sem riscos (reutilizáveis)","shopee","https://shopee.com.br/Panos-de-limpeza-milagrosos-NanoScale-sem-riscos-(reutilizáveis)-i.474682856.12205645337","pesquisar_marketplaces","Nenhum produto equivalente com link afiliado confirmado foi encontrado no catalogo.","0","","","","0"
"620","3D Seersucker Capa De Sofá Elástica 1234 Lugares Braço Capas De Estiques Stretch Móveis Para Casa Sala De Estar Decoração Protetor Cobre","shopee","https://shopee.com.br/product/442145017/15262089855","pesquisar_marketplaces","Nenhum produto equivalente com link afiliado confirmado foi encontrado no catalogo.","0","","","","0"
"621","Chaveiro Com Gancho De Parede Coruja Noturna Magnética Para Manter Chaves HL🦉","shopee","https://shopee.com.br/product/217643044/5252653234","pesquisar_marketplaces","Nenhum produto equivalente com link afiliado confirmado foi encontrado no catalogo.","0","","","","0"
"622","Bolsa De Viagem Multifuncional Dobrável De Grande Capacidade Impermeável","shopee","https://shopee.com.br/product/394103132/16835786003","pesquisar_marketplaces","Nenhum produto equivalente com link afiliado confirmado foi encontrado no catalogo.","0","","","","0"
"623","Criativo Cerâmica Incenso Vara Quadro Sapo Ornamentos Decorativos de alta qualidade","shopee","https://shopee.com.br/Criativo-Cerâmica-Incenso-Vara-Quadro-Sapo-Ornamentos-Decorativos-de-alta-qualidade-i.505288897.19272787294","pesquisar_marketplaces","Nenhum produto equivalente com link afiliado confirmado foi encontrado no catalogo.","0","","","","0"
"624","Caneta De Rejunte À Prova D_água Para Reparo De Lacunas De Azulejo","shopee","https://shopee.com.br/Caneta-De-Rejunte-À-Prova-D'água-Para-Reparo-De-Lacunas-De-Azulejo-i.252075125.14723745393","pesquisar_marketplaces","Nenhum produto equivalente com link afiliado confirmado foi encontrado no catalogo.","0","","","","0"
"626","Konka Instrumento De Remoção De Ácaros Sem Fio Home Cama Especial De Grande Sucção Pequeno Aspirador Esterilização Para Artefato De Ácaro , Além De Completa","shopee","https://shopee.com.br/product/399598195/22116956711","pesquisar_marketplaces","Nenhum produto equivalente com link afiliado confirmado foi encontrado no catalogo.","0","","","","0"
"627","Alicate Aplicador Botões Tic tac De Metal N35 Roupa De Bebê","shopee","https://shopee.com.br/Alicate-Aplicador-Botões-Tic-tac-De-Metal-N35-Roupa-De-Bebê-i.385266141.15650583884","pesquisar_marketplaces","Nenhum produto equivalente com link afiliado confirmado foi encontrado no catalogo.","0","","","","0"
"628","Adesivo jateado para vidro adesivo para janela de vidro película para janela adesivo de janela adesivo blackout janela","shopee","https://shopee.com.br/product/395103872/10883506327","pesquisar_marketplaces","Nenhum produto equivalente com link afiliado confirmado foi encontrado no catalogo.","0","","","","0"
"630","Almofada Giratória Para Mover Idosos e Acamados","shopee","https://shopee.com.br/Almofada-Giratória-Para-Mover-Idosos-e-Acamados-i.380631544.12919360153","pesquisar_marketplaces","Nenhum produto equivalente com link afiliado confirmado foi encontrado no catalogo.","0","","","","0"
"631","Niimbot D11D110D101B21B3S Etiqueta De Impressora Portátil Bluetooth Térmica Máquina De Preço","shopee","https://shopee.com.br/Niimbot-D11-D110-D101-B21-B3S-Etiqueta-De-Impressora-Portátil-Bluetooth-Térmica-Máquina-De-Preço-i.442668510.15750718632","pesquisar_marketplaces","Nenhum produto equivalente com link afiliado confirmado foi encontrado no catalogo.","0","","","","0"
"632","(stock) Carregador Magnético Sem Fio Dobrável 3 Em 1 Para iPhone 131211 Pro MaxX8Portátil Apple Watch 76 AirPod 3","shopee","https://shopee.com.br/(stock)-Carregador-Magnético-Sem-Fio-Dobrável-3-Em-1-Para-iPhone-13-12-11-Pro-Max-X-8-Portátil-Apple-Watch-7-6-AirPod-3-i.337907789.18221183823","pesquisar_marketplaces","Nenhum produto equivalente com link afiliado confirmado foi encontrado no catalogo.","0","","","","0"
"634","Moderno mini penteadeira com gaveta flip espelho multi-funcional casa quarto maquiagem cômoda mesa casa mobília da família","outro","https://pt.aliexpress.com/item/4001052533008.html","pesquisar_marketplaces","Nenhum produto equivalente com link afiliado confirmado foi encontrado no catalogo.","0","","","","0"
"635","Limpador de Vidros Magnético Rodo Mágico Dupla Face Com Super Ímã","shopee","https://shopee.com.br/Limpador-de-Vidros-Magnético-Rodo-Mágico-Dupla-Face-Com-Super-Ímã-i.310739855.8865635384","pesquisar_marketplaces","Nenhum produto equivalente com link afiliado confirmado foi encontrado no catalogo.","0","","","","0"
"636","Máquina elétrica do exercício da vibração do corpo, Preguiçoso perde peso, Emagrecimento Fitness Equipment, Música elétrica Indoor","outro","https://pt.aliexpress.com/item/4000586686331.html","pesquisar_marketplaces","Nenhum produto equivalente com link afiliado confirmado foi encontrado no catalogo.","0","","","","0"
"637","Enfiador De Agulha Simples Passador de Linha","shopee","https://shopee.com.br/Enfiador-De-Agulha-Simples-Passador-de-Linha-i.422956226.11776708613","pesquisar_marketplaces","Nenhum produto equivalente com link afiliado confirmado foi encontrado no catalogo.","0","","","","0"
"638","Toalha De Mesa Transparente De Plástico PVC, Toalha De Mesa Impermeável, Decoração Retangular De Renda, Tampa De Poeira De Mesa De Chá, Vidro Macio, Festa De Casamento","outro","https://pt.aliexpress.com/item/1005004209873041.html","pesquisar_marketplaces","Nenhum produto equivalente com link afiliado confirmado foi encontrado no catalogo.","0","","","","0"
"639","24 Peça unhas postiças decoradas realista bailarina francesinha natural 46 modelos","shopee","https://shopee.com.br/product/311967320/17968510131","pesquisar_marketplaces","Nenhum produto equivalente com link afiliado confirmado foi encontrado no catalogo.","0","","","","0"
"640","Roexboz Dispensador de doces, minidispensador automático para doces e frutas secas, 26 cm","amazon","https://www.amazon.com.br/dp/B09MNFYZFY","pesquisar_marketplaces","Nenhum produto equivalente com link afiliado confirmado foi encontrado no catalogo.","0","","","","0"
"641","Placa Reparo Consertar Dobradiça Armário Móveis Mdf","shopee","https://shopee.com.br/Placa-Reparo-Consertar-Dobradiça-Armário-Móveis-Mdf-i.658268072.15439671623","pesquisar_marketplaces","Nenhum produto equivalente com link afiliado confirmado foi encontrado no catalogo.","0","","","","0"
"642","Rack Estante Com 3 Prateleiras Para Lavanderia Máquina De Lavar Organizador LR-0044","shopee","https://shopee.com.br/Rack-Estante-Com-3-Prateleiras-Para-Lavanderia-Máquina-De-Lavar-Organizador-LR-0044-i.382586847.23324345018","pesquisar_marketplaces","Nenhum produto equivalente com link afiliado confirmado foi encontrado no catalogo.","0","","","","0"
"643","Deck Modular Sucupira Base Plastica 29cm x 29cm","shopee","https://shopee.com.br/product/415104740/9235642924","pesquisar_marketplaces","Nenhum produto equivalente com link afiliado confirmado foi encontrado no catalogo.","0","","","","0"
"644","Sapatos de borracha para mulher e homem capa zíperes unissex reutilizável à prova dwaterproof água cobre branco antiderrapante silicone capas de chuva sapatos novos","outro","https://pt.aliexpress.com/item/1005003609500788.html","pesquisar_marketplaces","Nenhum produto equivalente com link afiliado confirmado foi encontrado no catalogo.","0","","","","0"
"645","Esfregão Escova De Limpeza Vassoura Elétrica Recarregável Sem Fio","shopee","https://shopee.com.br/Esfregão-Escova-De-Limpeza-Vassoura-Elétrica-Recarregável-Sem-Fio-i.309778123.9915934215","pesquisar_marketplaces","Nenhum produto equivalente com link afiliado confirmado foi encontrado no catalogo.","0","","","","0"
"646","100 _ Tênis De Deformação Original Quatro Rodas De Corrida Redondo De Para Adultos","shopee","https://shopee.com.br/100-Tênis-De-Deformação-Original-Quatro-Rodas-De-Corrida-Redondo-De-Para-Adultos-i.915082420.21667039019","pesquisar_marketplaces","Nenhum produto equivalente com link afiliado confirmado foi encontrado no catalogo.","0","","","","0"
"647","Cabide De Roupa Íntima MultifuncionalSem Costura Em Formato De Onda Durável Para Economia De Espaço","shopee","https://shopee.com.br/Cabide-De-Roupa-Íntima-Multifuncional-Sem-Costura-Em-Formato-De-Onda-Durável-Para-Economia-De-Espaço-i.359389982.18024851105","pesquisar_marketplaces","Nenhum produto equivalente com link afiliado confirmado foi encontrado no catalogo.","0","","","","0"
"648","1 pc engrossar acolchoado capa de colchão impresso lençol com laço anti-bactérias cama capa colchas sem fronha","outro","https://pt.aliexpress.com/item/1005004954636038.html","pesquisar_marketplaces","Nenhum produto equivalente com link afiliado confirmado foi encontrado no catalogo.","0","","","","0"
"649","Top Alto Impacto Esportivo C Ziper Treino Academia Corrida","shopee","https://shopee.com.br/product/775661501/18903447649","pesquisar_marketplaces","Nenhum produto equivalente com link afiliado confirmado foi encontrado no catalogo.","0","","","","0"
"650","Suporte Adesivo De 2 Peças Para Haste De Cortina Sem Pregos Ajustáveis","shopee","https://shopee.com.br/Suporte-Adesivo-De-2-Peças-Para-Haste-De-Cortina-Sem-Pregos-Ajustáveis-i.847777743.17783128163","pesquisar_marketplaces","Nenhum produto equivalente com link afiliado confirmado foi encontrado no catalogo.","0","","","","0"
"652","Bota De Chuva Com Zíper Impermeável Anti-Derrapante","shopee","https://shopee.com.br/Bota-De-Chuva-Com-Zíper-Impermeável-Anti-Derrapante-i.586487791.14450643787","pesquisar_marketplaces","Nenhum produto equivalente com link afiliado confirmado foi encontrado no catalogo.","0","","","","0"
"653","Marmita Com Bolsa Térmica Lancheira Infantil Portátil Com Compartimento Em Aço Inoxidável De 188Caixa De Comida Para PiqueniqueEscola","shopee","https://shopee.com.br/product/777921031/18104298207","pesquisar_marketplaces","Nenhum produto equivalente com link afiliado confirmado foi encontrado no catalogo.","0","","","","0"
"654","Cortina Magnética Com Fivela À Prova De Vazamento Par De Metal Destacável 20MM Botão De Cadarço","shopee","https://shopee.com.br/Cortina-Magnética-Com-Fivela-À-Prova-De-Vazamento-Par-De-Metal-Destacável-20MM-Botão-De-Cadarço-i.781248642.21605985483","pesquisar_marketplaces","Nenhum produto equivalente com link afiliado confirmado foi encontrado no catalogo.","0","","","","0"
"655","Produtos Semorin Tira Manchas, Tira Ferragem e Sabão de Coco","shopee","https://shopee.com.br/Produtos-Semorin-Tira-Manchas-Tira-Ferragem-e-Sabão-de-Coco-i.326868861.8747418059","pesquisar_marketplaces","Nenhum produto equivalente com link afiliado confirmado foi encontrado no catalogo.","0","","","","0"
"656","porta-bebéscanguru porta-bebés","shopee","https://shopee.com.br/porta-bebés-canguru-porta-bebés-i.520464201.20217666268","pesquisar_marketplaces","Nenhum produto equivalente com link afiliado confirmado foi encontrado no catalogo.","0","","","","0"
"657","Reusável Máquina De Lavar Cabelo Removedor De Pêlos Pet Pele Fiapos Coletor Bola Filtragem Reutilizável Limpeza Acessórios De Lavanderia","shopee","https://shopee.com.br/Reusável-Máquina-De-Lavar-Cabelo-Removedor-De-Pêlos-Pet-Pele-Fiapos-Coletor-Bola-Filtragem-Reutilizável-Limpeza-Acessórios-De-Lavanderia-i.807597901.18549935584","pesquisar_marketplaces","Nenhum produto equivalente com link afiliado confirmado foi encontrado no catalogo.","0","","","","0"
"658","Máquina Elétrica Multifuncional De 220v Com 2 Pratos  Donut  Ovoette  Não Gruda","shopee","https://shopee.com.br/product/315047498/9190452270","pesquisar_marketplaces","Nenhum produto equivalente com link afiliado confirmado foi encontrado no catalogo.","0","","","","0"
"659","Rodo Mop Dobrável Esfregão Alta Absorção Limpeza Espuma Pva","shopee","https://shopee.com.br/Rodo-Mop-Dobrável-Esfregão-Alta-Absorção-Limpeza-Espuma-Pva-i.304669298.21405626376","pesquisar_marketplaces","Nenhum produto equivalente com link afiliado confirmado foi encontrado no catalogo.","0","","","","0"
"660","Mini Máquina De Lavar Roupa Turbo Portátil Dobrável Lavadora Ultra-Sônica Com Secadora De Baldes Para MeiasInteriorBra","shopee","https://shopee.com.br/product/752457185/16957564538","pesquisar_marketplaces","Nenhum produto equivalente com link afiliado confirmado foi encontrado no catalogo.","0","","","","0"
"661","Portátil feminino perineal imersão toalete sitz homem hemorróidas cuidados banheira bacia com flusher （A bomba precisa ser comprada separadamente）","shopee","https://shopee.com.br/Portátil-feminino-perineal-imersão-toalete-sitz-banheira-bacia-com-flusher-homem-hemorróidas-cuidados-i.639493912.17402807541","pesquisar_marketplaces","Nenhum produto equivalente com link afiliado confirmado foi encontrado no catalogo.","0","","","","0"
"662","Fenda armário de armazenamento wc slot rack banheiro organizador gaveta armários ultra estreita cozinha organização armazenamento gabinete","outro","https://pt.aliexpress.com/item/1005004007997946.html","pesquisar_marketplaces","Nenhum produto equivalente com link afiliado confirmado foi encontrado no catalogo.","0","","","","0"
"663","Capa Cortina Proteção Solar Anti Vento Protetora Crianças Janela Carro","shopee","https://shopee.com.br/product/405619883/9227721935","pesquisar_marketplaces","Nenhum produto equivalente com link afiliado confirmado foi encontrado no catalogo.","0","","","","0"
"664","Clipes Magnéticos Cílios Curvador De Sem Cola Precisa De Aplicar Aplicador Ferramentas Maquiagem","shopee","https://shopee.com.br/product/190998340/7638547672","pesquisar_marketplaces","Nenhum produto equivalente com link afiliado confirmado foi encontrado no catalogo.","0","","","","0"
"665","Tapete De Atividades Tatame Infantil 195x150 Dupla Face","shopee","https://shopee.com.br/product/308503570/8219550097","pesquisar_marketplaces","Nenhum produto equivalente com link afiliado confirmado foi encontrado no catalogo.","0","","","","0"
"666","Brinquedo Interativo Gruda No Chão Ventosa Puxar Morder Pets","shopee","https://shopee.com.br/product/349219205/6167699697","pesquisar_marketplaces","Nenhum produto equivalente com link afiliado confirmado foi encontrado no catalogo.","0","","","","0"
"667","Realista falso músculo silicone masculino peito meia corpo terno com ponto flutuante design, para cosplay halloween adereços","outro","https://pt.aliexpress.com/item/1005003996270147.html","pesquisar_marketplaces","Nenhum produto equivalente com link afiliado confirmado foi encontrado no catalogo.","0","","","","0"
"668","Baseus GF3 Aspersor De Lavagem De Carro Mangueira De Água Retrátil Fisio Pressurizado Durável E Conveniente Para Transportar Jardins Carros","shopee","https://shopee.com.br/product/287563186/19443685480","pesquisar_marketplaces","Nenhum produto equivalente com link afiliado confirmado foi encontrado no catalogo.","0","","","","0"
"669","Prateleira de cozinha multifuncional com porta do armário, armário de armazenamento de vários andares, forno microondas, panela","outro","https://pt.aliexpress.com/item/1005004016575459.html","pesquisar_marketplaces","Nenhum produto equivalente com link afiliado confirmado foi encontrado no catalogo.","0","","","","0"
"670","Underwear Caixa De Armazenamento De Parede Montado Calcinha Meias Organizador 6 Células Claro Roupeiro Destacável","shopee","https://shopee.com.br/Underwear-Caixa-De-Armazenamento-De-Parede-Montado-Calcinha-Meias-Organizador-6-Células-Claro-Roupeiro-Destacável-i.695671230.18326380513","pesquisar_marketplaces","Nenhum produto equivalente com link afiliado confirmado foi encontrado no catalogo.","0","","","","0"
"671","Colocar Um Pedido Para Ver As Dentesquatro Estações De Arte Geral Pano Capa De Sofá Tecido Universal Anti-Spill Moderno Simples Tudo Incluído Almofada Brochure Yifan2 . Meu","shopee","https://shopee.com.br/Colocar-Um-Pedido-Para-Ver-As-Dentesquatro-Estações-De-Arte-Geral-Pano-Capa-De-Sofá-Tecido-Universal-Anti-Spill-Moderno-Simples-Tudo-Incluído-Almofada-Brochure-Yifan2-.-Meu-i.767621738.20149437079","pesquisar_marketplaces","Nenhum produto equivalente com link afiliado confirmado foi encontrado no catalogo.","0","","","","0"
"672","Lbx moderno e minimalista sala de estar quarto lazer couro silicone cadeira preguiçoso","outro","https://pt.aliexpress.com/item/1005004669722265.html","pesquisar_marketplaces","Nenhum produto equivalente com link afiliado confirmado foi encontrado no catalogo.","0","","","","0"
"673","(Dilidili) Nordic Pássaro Lâmpada De Parede, Parede De Montagem De Fixação Pássaro Paredes Arandela Moderna Luz De Parede Acrílico Para Sala De Estar","shopee","https://shopee.com.br/(Dilidili)-Nordic-Pássaro-Lâmpada-De-Parede-Parede-De-Montagem-De-Fixação-Pássaro-Paredes-Arandela-Moderna-Luz-De-Parede-Acrílico-Para-Sala-De-Estar-i.375313851.10841419924","pesquisar_marketplaces","Nenhum produto equivalente com link afiliado confirmado foi encontrado no catalogo.","0","","","","0"
"675","Papel De Parede Adesivo 3D Para Cozinha Banheiro Azulejo Alumínio Lavável Com Relevo Impermeável 1mx61cm","shopee","https://shopee.com.br/Papel-De-Parede-Adesivo-3D-Para-Cozinha-Banheiro-Azulejo-Alumínio-Lavável-Com-Relevo-Impermeável-1mx61cm-i.372762135.11002536274","pesquisar_marketplaces","Nenhum produto equivalente com link afiliado confirmado foi encontrado no catalogo.","0","","","","0"
"676","250g Reparo De Terremotos Pomada Universal De Parede Creme De Para Rachaduras Ferramenta De Construção","shopee","https://shopee.com.br/250g-Reparo-De-Terremotos-Pomada-Universal-De-Parede-Creme-De-Para-Rachaduras-Ferramenta-De-Construção-i.264109044.18628928178","pesquisar_marketplaces","Nenhum produto equivalente com link afiliado confirmado foi encontrado no catalogo.","0","","","","0"
"677","Escova Eletrica de Limpeza 5 em 1 Sem Fio Limpador Multiuso Pratico Para Cozinha , Banheiro prático","shopee","https://shopee.com.br/Escova-Eletrica-de-Limpeza-5-em-1-Sem-Fio-Limpador-Multiuso-Pratico-Para-Cozinha-Banheiro-prático-i.756344105.22716924356","pesquisar_marketplaces","Nenhum produto equivalente com link afiliado confirmado foi encontrado no catalogo.","0","","","","0"
"678","20beads Massageador De Costas Para O Corpo Natural Carbonizado Guasha Relaxar Massagem Stick Das SPA Tratamento Da Ponto Ferramenta","shopee","https://shopee.com.br/20beads-Massageador-De-Costas-Para-O-Corpo-Natural-Carbonizado-Guasha-Relaxar-Massagem-Stick-Das-SPA-Tratamento-Da-Ponto-Ferramenta-i.431675002.18560019853","pesquisar_marketplaces","Nenhum produto equivalente com link afiliado confirmado foi encontrado no catalogo.","0","","","","0"
"679","Natural único incorporado Desktop fogão a gás, fogão feroz de alta potência, forno doméstico, sincronismo, 5.2KW","outro","https://pt.aliexpress.com/item/1005004659892649.html","pesquisar_marketplaces","Nenhum produto equivalente com link afiliado confirmado foi encontrado no catalogo.","0","","","","0"
"681","Rodo Magico ESFREGÃO Inteligente Mop 360 Graus Flexível Dobrável Azul Envio 24h PUXA E SECA","shopee","https://shopee.com.br/Rodo-Magico-ESFREGÃO-Inteligente-Mop-360-Graus-Flexível-Dobrável-Azul-Envio-24h-PUXA-E-SECA-i.437756718.20504850371","pesquisar_marketplaces","Nenhum produto equivalente com link afiliado confirmado foi encontrado no catalogo.","0","","","","0"
"682","Luminaria Solar impermeáveis para jardim, luzes solares para caminhos ao ar livre, luzes de decoração de jardim com energia solar","shopee","https://shopee.com.br/Luminaria-Solar-impermeáveis-para-jardim-luzes-solares-para-caminhos-ao-ar-livre-luzes-de-decoração-de-jardim-com-energia-solar-i.601471304.21426697453","pesquisar_marketplaces","Nenhum produto equivalente com link afiliado confirmado foi encontrado no catalogo.","0","","","","0"
"683","Calçados Esportivos Das Crianças 2022 Novo Estilo Primavera Verão Meninos Meninas Sapatos Bebê Net De Malha Esportes Do Jardim De Infância Casuais","shopee","https://shopee.com.br/product/779701482/21007534054","pesquisar_marketplaces","Nenhum produto equivalente com link afiliado confirmado foi encontrado no catalogo.","0","","","","0"
"684","E27 Colorido LED Stage Piscando Luz Lâmpada 6 W Rotação De Cristal Bola Mágica Mini Para Festa De Natal Decoração Do Partido De Disco","shopee","https://shopee.com.br/E27-Colorido-LED-Stage-Piscando-Luz-Lâmpada-6-W-Rotação-De-Cristal-Bola-Mágica-Mini-Para-Festa-De-Natal-Decoração-Do-Partido-De-Disco-i.788665221.10796401186","pesquisar_marketplaces","Nenhum produto equivalente com link afiliado confirmado foi encontrado no catalogo.","0","","","","0"
"685","(Neil Baby) Conjunto de 4 peças  6 camadas de fraldas de pano para bebês","shopee","https://shopee.com.br/product/580396226/13584363321","pesquisar_marketplaces","Nenhum produto equivalente com link afiliado confirmado foi encontrado no catalogo.","0","","","","0"
"686","Snapinsta.app_video_F04814CE11D3D9D2CCA83CB7617211B2_video_dashinit","shopee","https://shopee.com.br/product/912757248/18868453083","pesquisar_marketplaces","Nenhum produto equivalente com link afiliado confirmado foi encontrado no catalogo.","0","","","","0"
"687","Organizador de alimentos de armazenamento de cozinha recipiente pet seal estável latas para geladeira de alta capacidade caixa de armazenamento de frutas vegetais ovos frescos","outro","https://pt.aliexpress.com/item/1005003211869657.html","pesquisar_marketplaces","Nenhum produto equivalente com link afiliado confirmado foi encontrado no catalogo.","0","","","","0"
"688","Lâmpada De Cabeceira De Madeira Candeeiro De Parede Do Quarto Leitura USB Carregador LED Corredor Magnético De Varanda","shopee","https://shopee.com.br/Lâmpada-De-Cabeceira-De-Madeira-Candeeiro-De-Parede-Do-Quarto-Leitura-USB-Carregador-LED-Corredor-Magnético-De-Varanda-i.713687406.18467477526","pesquisar_marketplaces","Nenhum produto equivalente com link afiliado confirmado foi encontrado no catalogo.","0","","","","0"
"689","Removedor De Pêlos, Fiapos E Pequenas Sujeiras","shopee","https://shopee.com.br/product/673551760/21639452733","pesquisar_marketplaces","Nenhum produto equivalente com link afiliado confirmado foi encontrado no catalogo.","0","","","","0"
"690","Mini tábua de engomar dobrável mesa dobrável tábua de engomar multifuncional cobertura da placa de ferro para uso doméstico e de viagem 81.5x31x12cm","outro","https://pt.aliexpress.com/item/1005004849416345.html","revisao_conflito_video","O mesmo arquivo de video aparece associado a titulos de produtos diferentes.","0","","","","0"
"691","Gancho De Porta De Chuveiro , 2 Peças Vidro De Cabide De Aço Inoxidável , Limpador De Toalha De Banho","shopee","https://shopee.com.br/product/519216403/21444152404","revisao_conflito_video","O mesmo arquivo de video aparece associado a titulos de produtos diferentes.","0","","","","0"
"692","Cesta De Armazenamento De Artigos Dobrável Organizador Diversos Impressão Bonito Cosméticos Recipiente Multifuncional SN002 Cesta De Armazenamento De Linho De Algodão Organizador De Mesa","shopee","https://shopee.com.br/Cesta-De-Armazenamento-De-Artigos-Dobrável-Organizador-Diversos-Impressão-Bonito-Cosméticos-Recipiente-Multifuncional-SN002-Cesta-De-Armazenamento-De-Linho-De-Algodão-Organizador-De-Mesa-i.581711171.22907302861","pesquisar_marketplaces","Nenhum produto equivalente com link afiliado confirmado foi encontrado no catalogo.","0","","","","0"
"693","Bandeja para freezer com compartimentos de 12 xícara Souper Cubes, com tampa, pacote com 2 unidades, para congelar 12 porções perfeitas de 12 xícara de molhos ou outros alimentos.","amazon","https://www.amazon.com.br/dp/B08B514B5R","pesquisar_marketplaces","Nenhum produto equivalente com link afiliado confirmado foi encontrado no catalogo.","0","","","","0"
"694","90g  20g Gel Removedor De Mofo Mintiml Para Casa  Banheiro  Remoção De Mofo","shopee","https://shopee.com.br/product/461248942/4097074532","pesquisar_marketplaces","Nenhum produto equivalente com link afiliado confirmado foi encontrado no catalogo.","0","","","","0"
"695","Lâmina de Aço Inoxidável Moedor de Café Moedor de Especiarias UUOUU Tigela Lavável кофемолка кофемолка элекрическая мельница для специй","outro","https://pt.aliexpress.com/item/1005004150679442.html","pesquisar_marketplaces","Nenhum produto equivalente com link afiliado confirmado foi encontrado no catalogo.","0","","","","0"
"696","Sofá De Couro Autoadesivo Reparo De Macio Madeira De Estofamento , Cadeira-20 x 3050  137cm","shopee","https://shopee.com.br/Sofá-De-Couro-Autoadesivo-Reparo-De-Macio-Madeira-De-Estofamento-Cadeira-20-x-30-50-*-137cm-i.239156259.23108791297","pesquisar_marketplaces","Nenhum produto equivalente com link afiliado confirmado foi encontrado no catalogo.","0","","","","0"
"697","OUHOE Removedor De Manchas de Pedra Pedra Pó De Limpeza De Limpeza da Mancha de Óleo para Cozinha Piso 30g beauty6","shopee","https://shopee.com.br/OUHOE-Removedor-De-Manchas-de-Pedra-Pedra-Pó-De-Limpeza-De-Limpeza-da-Mancha-de-Óleo-para-Cozinha-Piso-30g-beauty6-i.627317590.18264152035","pesquisar_marketplaces","Nenhum produto equivalente com link afiliado confirmado foi encontrado no catalogo.","0","","","","0"
"698","Presentes De Natal Aplicáveis Para Eilik Intelligent Robot Desktop Pet Tendência Brinquedo Companheiro Bonito brinquedos Entrega Rápida","outro","https://pt.aliexpress.com/item/1005004573608018.html","pesquisar_marketplaces","Nenhum produto equivalente com link afiliado confirmado foi encontrado no catalogo.","0","","","","0"
"700","50 Fio Dental SuperfinoBastões De Higiene Bucal","shopee","https://shopee.com.br/50-Fio-Dental-Superfino-Bastões-De-Higiene-Bucal-i.574215695.8596108853","pesquisar_marketplaces","Nenhum produto equivalente com link afiliado confirmado foi encontrado no catalogo.","0","","","","0"
"701","Cortador Multifuncional de Alimentos 13 em 1","shopee","https://shopee.com.br/Cortador-Multifuncional-de-Alimentos-13-em-1-i.829134902.18637098621","pesquisar_marketplaces","Nenhum produto equivalente com link afiliado confirmado foi encontrado no catalogo.","0","","","","0"
"702","Kit 4 de Ferramentas de Beleza Extrator de Acne Removedor de Cravo Espinha Aço Inoxidável Agulhas","shopee","https://shopee.com.br/product/338731091/8774768103","pesquisar_marketplaces","Nenhum produto equivalente com link afiliado confirmado foi encontrado no catalogo.","0","","","","0"
"703","Sutiã Adesivo Pushup Sutian Adesivo levante Seios Peitos Invisible","shopee","https://shopee.com.br/Sutiã-Adesivo-Pushup-Sutian-Adesivo-levante-Seios-Peitos-Invisible-i.425326129.8560851645","pesquisar_marketplaces","Nenhum produto equivalente com link afiliado confirmado foi encontrado no catalogo.","0","","","","0"
"704","Removedor Profissional De Calos De Aço Inoxidável , Raspador De Lima De Pés De Ferramentas De Pedicure","shopee","https://shopee.com.br/Aço-Inoxidável-Pé-Pedicure-Arquivo-Callus-Remover-Raspador-Rasp-Portátil-Colossal-Ralador-Scrubber-Pro-Para-Wet-Dry-Pés-YUK-i.294990212.18317656164","pesquisar_marketplaces","Nenhum produto equivalente com link afiliado confirmado foi encontrado no catalogo.","0","","","","0"
"705","1 Rolo Autocolante De Faça-Você-Mesmo Mini Quadrado Espelho Brilhante Mosaico De Vidro AdesivosBanheiro Portátil Superfície Removível Festa De Natal Decorativa","shopee","https://shopee.com.br/product/183963642/9702214714","pesquisar_marketplaces","Nenhum produto equivalente com link afiliado confirmado foi encontrado no catalogo.","0","","","","0"
"706","Cortador Vegetal Elétrico, Multi-Funcional, Grating, Cortando, Desfiado, Batatas, Rolo, Cozinha, Casa","outro","https://pt.aliexpress.com/item/1005004969931932.html","pesquisar_marketplaces","Nenhum produto equivalente com link afiliado confirmado foi encontrado no catalogo.","0","","","","0"
"707","LEOPOLDO Suporte De Proteção Vento Contra Incêndio Isolamento Térmico À Prova De Para Hob Home Wok Rack Gas Fogão Anel","shopee","https://shopee.com.br/LEOPOLDO-Suporte-De-Proteção-Vento-Contra-Incêndio-Isolamento-Térmico-À-Prova-De-Para-Hob-Home-Wok-Rack-Gas-Fogão-Anel-i.431669739.18336639100","pesquisar_marketplaces","Nenhum produto equivalente com link afiliado confirmado foi encontrado no catalogo.","0","","","","0"
"708","Cola De Vedação De Furo De Parede Ar Condicionado Tubo De Pia Lama À Prova D_água Cimento Marca De Argila Nova","shopee","https://shopee.com.br/product/378823192/18253438704","pesquisar_marketplaces","Nenhum produto equivalente com link afiliado confirmado foi encontrado no catalogo.","0","","","","0"
"709","Capa de Máquina de Lavar com Zíper ou com Tampa Forrada Flanelada Perolizada Impermeavel ou PVC e Plastico - Modelo Tamanho Cor Marca 6kg 7kg 8kg 9kg 10 kg 11 kg 12kg 13kg 14kg 15kg Capa para Maquina de L","shopee","https://shopee.com.br/product/685176825/14762042009","pesquisar_marketplaces","Nenhum produto equivalente com link afiliado confirmado foi encontrado no catalogo.","0","","","","0"
"711","Chave Torx De Cabeça Dupla Universal De 8-22 Mm, Reparo Automático, Ferramenta Manual Ajustável Display Portátil Gancho 230 Mm","shopee","https://shopee.com.br/Chave-Torx-De-Cabeça-Dupla-Universal-De-8-22-Mm-Reparo-Automático-Ferramenta-Manual-Ajustável-Display-Portátil-Gancho-230-Mm-i.713216590.18230021500","pesquisar_marketplaces","Nenhum produto equivalente com link afiliado confirmado foi encontrado no catalogo.","0","","","","0"
"712","LED Digital Projeção Despertador Para O Quarto Mesa Eletrônico Relógios De USB Wake Up Relógio Com No Teto Da Parede","shopee","https://shopee.com.br/LED-Digital-Projeção-Despertador-Para-O-Quarto-Mesa-Eletrônico-Relógios-De-USB-Wake-Up-Relógio-Com-No-Teto-Da-Parede-i.729749836.19522842755","pesquisar_marketplaces","Nenhum produto equivalente com link afiliado confirmado foi encontrado no catalogo.","0","","","","0"
"713","Bomba De Ar Elétrica Potente De 220V 55W Saco De Compressão A Vácuo Para Sacos De Armazenamento De Roupas Máquina Seladora","shopee","https://shopee.com.br/Bomba-De-Ar-Elétrica-Potente-De-220V-55W-Saco-De-Compressão-A-Vácuo-Para-Sacos-De-Armazenamento-De-Roupas-Máquina-Seladora-i.285187596.20162129993","pesquisar_marketplaces","Nenhum produto equivalente com link afiliado confirmado foi encontrado no catalogo.","0","","","","0"
"714","Lençol De Transferência Para Idoso E Acamado Longevitech até 100kg lavavél","shopee","https://shopee.com.br/product/322474435/11276821599","pesquisar_marketplaces","Nenhum produto equivalente com link afiliado confirmado foi encontrado no catalogo.","0","","","","0"
"715","Pintura de Areia Movediça de Vidro 3D Criativa Nórdica Decoração de Casa Enfeite de Areia Ampulheta Sala de Estar Escritório Montanhas","shopee","https://shopee.com.br/product/551973149/21735481314","pesquisar_marketplaces","Nenhum produto equivalente com link afiliado confirmado foi encontrado no catalogo.","0","","","","0"
"716","Monsterzeug Automatic Spaghetti Fork Electric Cutlery Self Rotating Fork for Children Electric","outro","https://www.amazon.de/dp/B07GKSDPBZ","pesquisar_marketplaces","Nenhum produto equivalente com link afiliado confirmado foi encontrado no catalogo.","0","","","","0"
"717","Schrling não há necessidade de broca sombra circo estilo xadrez padrão dentro da montagem sem danos cortinas de rolo de tensão","outro","https://pt.aliexpress.com/item/1005003786960479.html","pesquisar_marketplaces","Nenhum produto equivalente com link afiliado confirmado foi encontrado no catalogo.","0","","","","0"
"812","Máquina De Lavar Roupa Capa De Couro Anti-Poeira Frigorífico Pano Impermeável Protetor Solar Tapete Descartável Toalha De Mesa De Cabeceira","shopee","https://shopee.com.br/product/896486513/20570187299","pesquisar_marketplaces","Nenhum produto equivalente com link afiliado confirmado foi encontrado no catalogo.","0","","","","0"
"813","Desconto Banco RetráctilCadeira De Plástico Pesca Portátil Plataforma-Up Handy Tool Outdoor","shopee","https://shopee.com.br/product/809116891/21440824786","pesquisar_marketplaces","Nenhum produto equivalente com link afiliado confirmado foi encontrado no catalogo.","0","","","","0"
"814","Papel de Parede Autoadesivo 3D de Couro","shopee","https://shopee.com.br/product/237278536/6334463048","pesquisar_marketplaces","Nenhum produto equivalente com link afiliado confirmado foi encontrado no catalogo.","0","","","","0"
"815","Escova Longa de Banho para Esfregar as Costas com Massageador Condor Produto Original","shopee","https://shopee.com.br/Escova-Longa-de-Banho-para-Esfregar-as-Costas-com-Massageador-Condor-Produto-Original-i.401565264.16776084015","pesquisar_marketplaces","Nenhum produto equivalente com link afiliado confirmado foi encontrado no catalogo.","0","","","","0"
"816","Fritadeira de ar duplo com cesta dupla 9l dois zona dupla 2 cesta fritadeira de ar profundo elétrica","outro","https://pt.aliexpress.com/item/1005004987155396.html","pesquisar_marketplaces","Nenhum produto equivalente com link afiliado confirmado foi encontrado no catalogo.","0","","","","0"
"817","97L Wall Mounted Lata De Lixo Para Cozinha Recarga Bin Higiênico Porta De Armário De Pendurado Com Tampa","shopee","https://shopee.com.br/9-7L-Wall-Mounted-Lata-De-Lixo-Para-Cozinha-Recarga-Bin-Higiênico-Porta-De-Armário-De-Pendurado-Com-Tampa-i.709233482.18412692424","pesquisar_marketplaces","Nenhum produto equivalente com link afiliado confirmado foi encontrado no catalogo.","0","","","","0"
"818","Novo Universal 1080 ° Aerador Extensor De Rotação Torneira Plástico Filtro De Respingos Torneiras De Lavatório De Cozinha Bubbler Bico Braço Robótico","shopee","https://shopee.com.br/Novo-Universal-1080-°-Aerador-Extensor-De-Rotação-Torneira-Plástico-Filtro-De-Respingos-Torneiras-De-Lavatório-De-Cozinha-Bubbler-Bico-Braço-Robótico-i.745631864.19557439189","pesquisar_marketplaces","Nenhum produto equivalente com link afiliado confirmado foi encontrado no catalogo.","0","","","","0"
"819","Adesivo Vinilico Para Piso De Azulejo Mármore Moderno Com Cola Antiderrapante Lavável","shopee","https://shopee.com.br/Piso-Vinilico-Adesivo-De-Azulejo-Mármore-Moderno-Com-Cola-Antiderrapante-Lavável-i.719874190.23804470314","pesquisar_marketplaces","Nenhum produto equivalente com link afiliado confirmado foi encontrado no catalogo.","0","","","","0"
"820","Corda De Varal nylon Antiderrapante Para Cabides Ajustável 5 Metros","shopee","https://shopee.com.br/Corda-De-Varal-nylon-Antiderrapante-Para-Cabides-Ajustável-5-Metros-i.441081894.13262523812","pesquisar_marketplaces","Nenhum produto equivalente com link afiliado confirmado foi encontrado no catalogo.","0","","","","0"
"821","Tampa Vaso Sanitário Infantil Meninos Meninas Sapo Com Escada","shopee","https://shopee.com.br/Tampa-Vaso-Sanitário-Infantil-Meninos-Meninas-Sapo-Com-Escada-i.503616988.18520038166","pesquisar_marketplaces","Nenhum produto equivalente com link afiliado confirmado foi encontrado no catalogo.","0","","","","0"
"822","Mini Aspirador De Pó Usb Portátil Completo Linha Premium Carro E Casa","shopee","https://shopee.com.br/product/328666563/12952497384","pesquisar_marketplaces","Nenhum produto equivalente com link afiliado confirmado foi encontrado no catalogo.","0","","","","0"
"823","Anime Figura Super Luigi Bro Jar De Armazenamento, Candy Savings Box, Action Figure Modelo Brinquedos, Coleção Brinquedos, Presentes para Crianças","outro","https://pt.aliexpress.com/item/1005004436781107.html","pesquisar_marketplaces","Nenhum produto equivalente com link afiliado confirmado foi encontrado no catalogo.","0","","","","0"
"824","E10 SUPVAN Fabricante Da Etiqueta Sem Fio Mini Impressora Térmica Para Home Kitchen Frigorífico Armazenamento","shopee","https://shopee.com.br/product/826907150/20027674352","pesquisar_marketplaces","Nenhum produto equivalente com link afiliado confirmado foi encontrado no catalogo.","0","","","","0"
"825","Caere Cofrinho  Cofre De Porquinho Elétrico Fofo Para Casa  Cachorro  Moeda  Economia De Dinheiro","shopee","https://shopee.com.br/Caere-Cofrinho-Cofre-De-Porquinho-Elétrico-Fofo-Para-Casa-Cachorro-Moeda-Economia-De-Dinheiro-i.289651175.12816129460","pesquisar_marketplaces","Nenhum produto equivalente com link afiliado confirmado foi encontrado no catalogo.","0","","","","0"
"826","Película autoadesiva para cozinha resistente a altas temperaturas, Impermeável e à prova de óleo do vinil, Adesivo Dwall do banheiro 3, Casa","outro","https://pt.aliexpress.com/item/1005003335206480.html","pesquisar_marketplaces","Nenhum produto equivalente com link afiliado confirmado foi encontrado no catalogo.","0","","","","0"
"828","Estilo nórdico abstrato tapete geométrico, quarto tapetes, tapete corredor corredor, sala de estar área tapete, tapete cozinha, veludo cristal capacho","outro","https://pt.aliexpress.com/item/1005001809240850.html","pesquisar_marketplaces","Nenhum produto equivalente com link afiliado confirmado foi encontrado no catalogo.","0","","","","0"
"829","Palmilha De Salto Com Almofada De Ar 3-9cm Para Aumentar A AlturaSuporte Calcanhar","shopee","https://shopee.com.br/Palmilha-De-Salto-Com-Almofada-De-Ar-3-9cm-Para-Aumentar-A-Altura-Suporte-Calcanhar-i.576628917.12240946744","pesquisar_marketplaces","Nenhum produto equivalente com link afiliado confirmado foi encontrado no catalogo.","0","","","","0"
"830","3D Unicórnio EVA Cute Pencil Box Caixa De Lápis Para Estudantes Escolares Crianças De Três Camadas Grande Capacidade","shopee","https://shopee.com.br/product/458731651/18054110629","pesquisar_marketplaces","Nenhum produto equivalente com link afiliado confirmado foi encontrado no catalogo.","0","","","","0"
"831","Fabricante de crepe","outro","https://pt.aliexpress.com/item/1005002286998102.html","pesquisar_marketplaces","Nenhum produto equivalente com link afiliado confirmado foi encontrado no catalogo.","0","","","","0"
"832","4 Em 1 Recarregável Ventilador De Refrigeração Mesa Portátil 1500mAh Telescópica Dobrável Fã Handheld 4 Velocidades Mini","shopee","https://shopee.com.br/4-Em-1-Recarregável-Ventilador-De-Refrigeração-Mesa-Portátil-1500mAh-Telescópica-Dobrável-Fã-Handheld-4-Velocidades-Mini-i.692727016.17427404938","pesquisar_marketplaces","Nenhum produto equivalente com link afiliado confirmado foi encontrado no catalogo.","0","","","","0"
"833","Papel de parede adesivo 3d para crianças, frutas frescas, vasos de flores para o quarto das crianças, sala de estar, decoração estéreo, papel de parede de vinil","outro","https://pt.aliexpress.com/item/1005001946744950.html","pesquisar_marketplaces","Nenhum produto equivalente com link afiliado confirmado foi encontrado no catalogo.","0","","","","0"
"834","ACBR 153050ml Bomba Cosmética Sem Ar Loção Vazia Creme Facial Recarregável","shopee","https://shopee.com.br/ACBR-15-30-50ml-Bomba-Cosmética-Sem-Ar-Loção-Vazia-Creme-Facial-Recarregável-i.272098192.14984427750","pesquisar_marketplaces","Nenhum produto equivalente com link afiliado confirmado foi encontrado no catalogo.","0","","","","0"
"835","Suporte Porta Shampoo Cromado Pendurar Banheiro Reforcado","shopee","https://shopee.com.br/product/283760455/16575003488","pesquisar_marketplaces","Nenhum produto equivalente com link afiliado confirmado foi encontrado no catalogo.","0","","","","0"
"836","Handheld Electric Garment Steamer, Máquina de suspensão portátil, passar roupa, 1000W, 220V, 6 furos Steam, Viagem","outro","https://pt.aliexpress.com/item/1005003135523055.html","pesquisar_marketplaces","Nenhum produto equivalente com link afiliado confirmado foi encontrado no catalogo.","0","","","","0"
"837","Pano De Limpeza Mágica Espessado 2023","shopee","https://shopee.com.br/product/429059908/18869114490","pesquisar_marketplaces","Nenhum produto equivalente com link afiliado confirmado foi encontrado no catalogo.","0","","","","0"
"839","Cabo Carregador USB 60w Mini Multifuncional 5 Em 1 Carregamento Rápido Suporte Para Telefone Celular Cartão De Caixa De Armazenamento MicroType-C","shopee","https://shopee.com.br/product/826249805/21828140214","pesquisar_marketplaces","Nenhum produto equivalente com link afiliado confirmado foi encontrado no catalogo.","0","","","","0"
"841","Capa De Silicone Com Desenho Para Carregador Apple iPhone 12 18W20W","shopee","https://shopee.com.br/product/326505401/16564434237","pesquisar_marketplaces","Nenhum produto equivalente com link afiliado confirmado foi encontrado no catalogo.","0","","","","0"
"842","Trança De Cabelo Automático Elétrico Máquina DIY Magia Styling Meninas Mulheres Braider Elétrica Do Ferramentas","shopee","https://shopee.com.br/product/462106902/12086136482","pesquisar_marketplaces","Nenhum produto equivalente com link afiliado confirmado foi encontrado no catalogo.","0","","","","0"
"843","Chinês Portátil Chá Set, Cerâmica Outdoor Viagem Tarde Bule, Porcelana Chá Cup Set, Teaware, Teaware Define Presente para o Amigo","outro","https://pt.aliexpress.com/item/1005003274307587.html","pesquisar_marketplaces","Nenhum produto equivalente com link afiliado confirmado foi encontrado no catalogo.","0","","","","0"
"844","Assento pra Bebê Manter Postura Pronto pra Uso","shopee","https://shopee.com.br/Assento-pra-Bebê-Manter-Postura-Pronto-pra-Uso-i.343871484.8644421925","pesquisar_marketplaces","Nenhum produto equivalente com link afiliado confirmado foi encontrado no catalogo.","0","","","","0"
"845","COM OFERTA Kit 3 Escova Anti Estática Aço Nylon Multi Função Eletrônica","shopee","https://shopee.com.br/COM-OFERTA-Kit-3-Escova-Anti-Estática-Aço-Nylon-Multi-Função-Eletrônica-i.441876138.10206320580","pesquisar_marketplaces","Nenhum produto equivalente com link afiliado confirmado foi encontrado no catalogo.","0","","","","0"
"846","2 Corretor Noturno Joanetes Ortopédico Articulado","shopee","https://shopee.com.br/2-Corretor-Noturno-Joanetes-Ortopédico-Articulado-i.288788255.9878968866","pesquisar_marketplaces","Nenhum produto equivalente com link afiliado confirmado foi encontrado no catalogo.","0","","","","0"
"848","Suporte Para Celular Mãozinha Flexível para Mesa Apoio de Tablet Celular Cor Aleatoria","shopee","https://shopee.com.br/product/395174878/14166436952","pesquisar_marketplaces","Nenhum produto equivalente com link afiliado confirmado foi encontrado no catalogo.","0","","","","0"
"849","Aço inoxidável Mão Pipoca Máquina, pequeno Manual Pipoca Maker, Abrir Firing, Mini Popper, 001","outro","https://pt.aliexpress.com/item/4000894225320.html","pesquisar_marketplaces","Nenhum produto equivalente com link afiliado confirmado foi encontrado no catalogo.","0","","","","0"
"850","Banheira Ofurô Dobrável Portátil Retangular PVC Com Encosto Inflável VG+","shopee","https://shopee.com.br/Banheira-Ofurô-Dobrável-Portátil-Retangular-PVC-Com-Encosto-Inflável-VG--i.303541780.14137936321","pesquisar_marketplaces","Nenhum produto equivalente com link afiliado confirmado foi encontrado no catalogo.","0","","","","0"
"851","B Ferramenta De Irrigação Automática De Jardim Planta Gotejamento Interno De Pássaros","shopee","https://shopee.com.br/product/244858376/9474893673","pesquisar_marketplaces","Nenhum produto equivalente com link afiliado confirmado foi encontrado no catalogo.","0","","","","0"
"853","Escova De Aço Para Limpeza Esponja Panela Fogão Louça Cozinha Porta Detergente Sabão Dispenser Multiuso","shopee","https://shopee.com.br/Escova-De-Aço-Para-Limpeza-Esponja-Panela-Fogão-Louça-Cozinha-Porta-Detergente-Sabão-Dispenser-Multiuso-i.444300037.15195386765","pesquisar_marketplaces","Nenhum produto equivalente com link afiliado confirmado foi encontrado no catalogo.","0","","","","0"
"854","Creme de pintura de cera Mofajang  DIY Hair Wax  Style Creme De Lama Estilo Cabelo Modelagem Temporária 7 cores","shopee","https://shopee.com.br/product/482304313/13974401396","pesquisar_marketplaces","Nenhum produto equivalente com link afiliado confirmado foi encontrado no catalogo.","0","","","","0"
"855","Campainha Olho Brilhante Com Lâmpada De LED Elétrica Para Halloween","shopee","https://shopee.com.br/product/521945575/18325594576","pesquisar_marketplaces","Nenhum produto equivalente com link afiliado confirmado foi encontrado no catalogo.","0","","","","0"
"856","Seladora Embaladora A Vácuo Vacuum Elétrico Automático + 10PCS Saco de vácuo","shopee","https://shopee.com.br/Seladora-Embaladora-A-Vácuo-Vacuum-Elétrico-Automático-10PCS-Saco-de-vácuo-i.534109767.20612321031","pesquisar_marketplaces","Nenhum produto equivalente com link afiliado confirmado foi encontrado no catalogo.","0","","","","0"
"860","Cabeceira Macia Bolsa Grande Encosto Almofada Sofá Tatami Leitura Triângulo Travesseiro Lombar Removível","shopee","https://shopee.com.br/Cabeceira-Macia-Bolsa-Grande-Encosto-Almofada-Sofá-Tatami-Leitura-Triângulo-Travesseiro-Lombar-Removível-i.889108203.13097221929","pesquisar_marketplaces","Nenhum produto equivalente com link afiliado confirmado foi encontrado no catalogo.","0","","","","0"
"861","2022 Nova 4G Telefone Do Cartão SIM Relógio Inteligente Dos Homens Esportes Aptidão Wifi Internet Gravação Da Câmera Freqüência Cardíaca De Oxigênio No Sangue","shopee","https://shopee.com.br/product/540354935/17234729783","pesquisar_marketplaces","Nenhum produto equivalente com link afiliado confirmado foi encontrado no catalogo.","0","","","","0"
"862","Rede De Camping Grande Com Mosquiteira 2 Pessoas Pop-up Peso Leve Pára-Quedas Pendurado Balanço","shopee","https://shopee.com.br/product/807939403/15393237397","pesquisar_marketplaces","Nenhum produto equivalente com link afiliado confirmado foi encontrado no catalogo.","0","","","","0"
"863","Refrigerador De Ar Ventilador Umidificador Portátil Com Led Reservatório De Água Led Usb","shopee","https://shopee.com.br/Refrigerador-De-Ar-Ventilador-Umidificador-Portátil-Com-Led-Reservatório-De-Água-Led-Usb-i.659435897.12797962480","pesquisar_marketplaces","Nenhum produto equivalente com link afiliado confirmado foi encontrado no catalogo.","0","","","","0"
"864","6 PçsConjunto Mini Batom Mate Com Estrela De Longa DuraçãoAveludado Cor Pastel À Prova D_água Portátil","shopee","https://shopee.com.br/6-Pçs-Conjunto-Mini-Batom-Mate-Com-Estrela-De-Longa-Duração-Aveludado-Cor-Pastel-À-Prova-D'água-Portátil-i.479102795.15970241718","pesquisar_marketplaces","Nenhum produto equivalente com link afiliado confirmado foi encontrado no catalogo.","0","","","","0"
"865","Martelo de segurança automática ferramenta aço inoxidável bainha náilon sobrevivência ao ar livre acampamento caminhadas portátil bolso faca multitool garra martelo","outro","https://pt.aliexpress.com/item/1005003690864759.html","pesquisar_marketplaces","Nenhum produto equivalente com link afiliado confirmado foi encontrado no catalogo.","0","","","","0"
"866","Tesoura Mira Laser Para Cortes Mais Precisos","shopee","https://shopee.com.br/product/353814159/3269436051","pesquisar_marketplaces","Nenhum produto equivalente com link afiliado confirmado foi encontrado no catalogo.","0","","","","0"
"870","Bolsa de laptop impermeável multifuncional para homens, escola, esporte, negócios, viagens, caminhadas, negócios, mochilas de luxo, novo, 2023","outro","https://pt.aliexpress.com/item/1005002419780569.html","pesquisar_marketplaces","Nenhum produto equivalente com link afiliado confirmado foi encontrado no catalogo.","0","","","","0"
"871","3 Em 1 Removedor De Silicone Raspador De Acabamento De Calafetagem Kit De Ferramentas De Remoção De Moldes Conjunto Manuais","shopee","https://shopee.com.br/3-Em-1-Removedor-De-Silicone-Raspador-De-Acabamento-De-Calafetagem-Kit-De-Ferramentas-De-Remoção-De-Moldes-Conjunto-Manuais-i.343877387.20350876853","pesquisar_marketplaces","Nenhum produto equivalente com link afiliado confirmado foi encontrado no catalogo.","0","","","","0"
"872","Sofá Elástico À Prova D_água Capa De Almofada De Velo Jacquard Seccional 123 Lugares Em Forma De L Universal Móveis Protetores De Casa Decoração De Sala De Estar","shopee","https://shopee.com.br/Sofá-Elástico-À-Prova-D'água-Capa-De-Almofada-De-Velo-Jacquard-Seccional-1-2-3-Lugares-Em-Forma-De-L-Universal-Móveis-Protetores-De-Casa-Decoração-De-Sala-De-Estar-i.442145017.21741954179","pesquisar_marketplaces","Nenhum produto equivalente com link afiliado confirmado foi encontrado no catalogo.","0","","","","0"
"873","MINI GELADEIRA REFRIGERADOR AQUECEDOR 12V AUTOMOTIVO 4L PORTATIL COM ALÇA PARA TRANSPORTE","shopee","https://shopee.com.br/product/359541001/13926414348","pesquisar_marketplaces","Nenhum produto equivalente com link afiliado confirmado foi encontrado no catalogo.","0","","","","0"
"875","1 Rolo 5M Papel De Parede Autoadesivo 3D De Espuma Espessada Adesivo À Prova D_água Esfoliante De Umidade Decoração De Casa","shopee","https://shopee.com.br/1-Rolo-5M-Papel-De-Parede-Autoadesivo-3D-De-Espuma-Espessada-Adesivo-À-Prova-D'água-Esfoliante-De-Umidade-Decoração-De-Casa-i.455490990.17785040646","pesquisar_marketplaces","Nenhum produto equivalente com link afiliado confirmado foi encontrado no catalogo.","0","","","","0"
"877","DOYING Desktop Shipping Label Printer High Speed USB Direct Thermal Printer Label Maker Sticker 40-80mm Paper Width for Shipping Postage Barcodes Labels Printing Compatible with Amazon Ebay Shopify Fe","amazon","https://www.amazon.com.br/DOYING-Shipping-Barcodes-Printing-Compatible/dp/B0BN5X8YLC","pesquisar_marketplaces","Nenhum produto equivalente com link afiliado confirmado foi encontrado no catalogo.","0","","","","0"
"878","Saboneteira Inteligente Para Sabão Em Barra Multifuncional - Usa até o Ultimo Pedacinho de Sabão","shopee","https://shopee.com.br/Saboneteira-Inteligente-Para-Sabão-Em-Barra-Multifuncional-Usa-até-o-Ultimo-Pedacinho-de-Sabão-i.697209697.23316202443","pesquisar_marketplaces","Nenhum produto equivalente com link afiliado confirmado foi encontrado no catalogo.","0","","","","0"
"879","Projetor Xiaomi Wanbo T2 max 1080p 4k Hdr10 Wif Bluetooth lacrado","shopee","https://shopee.com.br/Projetor-Xiaomi-Wanbo-T2-max-1080p-4k-Hdr10-Wif-Bluetooth-lacrado69-i.280504615.17252284106","pesquisar_marketplaces","Nenhum produto equivalente com link afiliado confirmado foi encontrado no catalogo.","0","","","","0"
"880","Suporte Para Celular Universal Espelho Retrovisor Carro 360","shopee","https://shopee.com.br/Suporte-Para-Celular-Universal-Espelho-Retrovisor-Carro-360-i.293532362.18758589770","pesquisar_marketplaces","Nenhum produto equivalente com link afiliado confirmado foi encontrado no catalogo.","0","","","","0"
"881","Binoculo Luneta Com Nitidez Zoom Profissional Oferta PROMOCAO","shopee","https://shopee.com.br/Binoculo-Luneta-Com-Nitidez-8km-Zoom-Profissional-Oferta-PROMOCAO-i.766258772.17467557991","pesquisar_marketplaces","Nenhum produto equivalente com link afiliado confirmado foi encontrado no catalogo.","0","","","","0"
"882","Caixa de tecido de pelúcia dos desenhos animados para braço de carro, 2 em 1, fofo, adorável, coelho, curto, criativo, suporte, assento","outro","https://pt.aliexpress.com/item/1005004795296112.html","pesquisar_marketplaces","Nenhum produto equivalente com link afiliado confirmado foi encontrado no catalogo.","0","","","","0"
"883","brincos feminino luxo atacado para revender brincos 2022 moda brincos coloridos tendêncLuxo ouro cor longa borla brincos para mulher temperamento folha balançar brincos casamento brinco dia dos namorados","outro","https://pt.aliexpress.com/item/1005004548477399.html","pesquisar_marketplaces","Nenhum produto equivalente com link afiliado confirmado foi encontrado no catalogo.","0","","","","0"
"884","220v hicon máquina de gelo elétrica bala cilíndrica máquina de gelo automático do agregado familiar mini máquina de fazer gelo para a loja de chá de leite","outro","https://pt.aliexpress.com/item/1005002783983280.html","pesquisar_marketplaces","Nenhum produto equivalente com link afiliado confirmado foi encontrado no catalogo.","0","","","","0"
"885","Saco de viagem compras portátil dobrávelArmazenamento grande espesso","shopee","https://shopee.com.br/Saco-De-Viagem-Compras-Portátil-Dobrável-Armazenamento-Grande-Espesso-i.810682012.18931462969","pesquisar_marketplaces","Nenhum produto equivalente com link afiliado confirmado foi encontrado no catalogo.","0","","","","0"
"886","AULA-H530 Mouse giratório sem fio, Decompress carregamento, RGB Gaming Mouse, quatro modos, mais novo","outro","https://pt.aliexpress.com/item/1005005123641983.html","pesquisar_marketplaces","Nenhum produto equivalente com link afiliado confirmado foi encontrado no catalogo.","0","","","","0"
"887","Uvr de alta qualidade engrossar alta densidade natural látex colchão quarto hotel tatami almofada cama única dupla respirável tapete chão","outro","https://pt.aliexpress.com/item/1005004564364236.html","pesquisar_marketplaces","Nenhum produto equivalente com link afiliado confirmado foi encontrado no catalogo.","0","","","","0"
"888","Mulheres Chinelos de Plataforma Sapatos de Verão Sandálias Flats 2022 Nova Tendência Causal Cunhas Flip Flops Sapatas Das Senhoras Praia Sandália de Slides","outro","https://pt.aliexpress.com/item/1005004290007698.html","pesquisar_marketplaces","Nenhum produto equivalente com link afiliado confirmado foi encontrado no catalogo.","0","","","","0"
"889","Limpador De Colchão De Sofá De Cama Aspirador De Pó Ácaro","shopee","https://shopee.com.br/Limpador-De-Colchão-De-Sofá-De-Cama-Aspirador-De-Pó-Ácaro-i.415110337.21138727793","pesquisar_marketplaces","Nenhum produto equivalente com link afiliado confirmado foi encontrado no catalogo.","0","","","","0"
"890","1 Peça Bolsa De OmbroTransversal Feminina Grande Capacidade De Cor Lisa","shopee","https://shopee.com.br/product/326612345/12353516791","pesquisar_marketplaces","Nenhum produto equivalente com link afiliado confirmado foi encontrado no catalogo.","0","","","","0"
"891","Inverno flanela casal cama acolchoado folha de cama 2 pessoas pelúcia colchão capa elástica fitted folha 90 150 180x200 macio quente grosso","outro","https://pt.aliexpress.com/item/1005004774548332.html","pesquisar_marketplaces","Nenhum produto equivalente com link afiliado confirmado foi encontrado no catalogo.","0","","","","0"
"892","(Baosity5) Mini Fechadura Digital De Porta Com Fechadura Digital Para Hotel  Quarto","shopee","https://shopee.com.br/product/283359603/8828025594","pesquisar_marketplaces","Nenhum produto equivalente com link afiliado confirmado foi encontrado no catalogo.","0","","","","0"
"893","Casa em camadas cozinha dupla-camada armário utensílios de mesa caixa de armazenamento de plástico com placa de cobertura drenagem tigela rack","outro","https://pt.aliexpress.com/item/1005004294525091.html","pesquisar_marketplaces","Nenhum produto equivalente com link afiliado confirmado foi encontrado no catalogo.","0","","","","0"
"894","Porta Cortina Box Varão Bastão Banheiro de Extensível Universal Ajustável","shopee","https://shopee.com.br/Porta-Cortina-Box-Varão-Bastão-Banheiro-de-Extensível-Universal-Ajustável-i.450698625.18446196468","pesquisar_marketplaces","Nenhum produto equivalente com link afiliado confirmado foi encontrado no catalogo.","0","","","","0"
"895","Peripage a4 Impressora Portátil Mini a4 Documento Térmica Bluetooth Telefone 210 Milímetros Papelaria Bluetooth","shopee","https://shopee.com.br/Peripage-a4-Impressora-Portátil-Mini-a4-Documento-Térmica-Bluetooth-Telefone-210-Milímetros-Papelaria-Bluetooth-i.427027955.20615213937","pesquisar_marketplaces","Nenhum produto equivalente com link afiliado confirmado foi encontrado no catalogo.","0","","","","0"
"896","Fajas Colombianas Butt Lifter para Mulheres, Renda, Cintura Alta, Booty Lifting, Hip Enhancer, Bodysuit, Skims Slimming Underwear, Body Shapers","shopee","https://shopee.com.br/Short-Calcinha-Enchimento-Levanta-Bumbum-(Bunda)-Promoção-i.357426643.13469017628","pesquisar_marketplaces","Nenhum produto equivalente com link afiliado confirmado foi encontrado no catalogo.","0","","","","0"
"897","Casa shabu-shabu cozimento elétrico três-em-um aprofundamento e aumentando o aquecimento de dupla face da máquina de fritar","outro","https://pt.aliexpress.com/item/1005004507752344.html","pesquisar_marketplaces","Nenhum produto equivalente com link afiliado confirmado foi encontrado no catalogo.","0","","","","0"
"898","Escova De Limpeza TEABR Portátil Para Banheiro Limpo Multifuncional","shopee","https://shopee.com.br/product/191445078/23006712975","pesquisar_marketplaces","Nenhum produto equivalente com link afiliado confirmado foi encontrado no catalogo.","0","","","","0"
"899","Rastreador gps De Carromini smart Magnético Com Gravador De Voz Para VeículosCrianças anti-Perda","shopee","https://shopee.com.br/Rastreador-gps-De-Carro-mini-smart-Magnético-Com-Gravador-De-Voz-Para-Veículos-Crianças-anti-Perda-i.709598326.19404491985","pesquisar_marketplaces","Nenhum produto equivalente com link afiliado confirmado foi encontrado no catalogo.","0","","","","0"
"900","Cadeado De Impressão Digital Biométrica Loja","shopee","https://shopee.com.br/Cadeado-De-Impressão-Digital-Biométrica-Loja-i.303324312.17432028569","pesquisar_marketplaces","Nenhum produto equivalente com link afiliado confirmado foi encontrado no catalogo.","0","","","","0"
"1201","Varal Portátil 2 em 1 Prateleira Multiuso Com Regulagem Ajustável Varanda Janela Sacada Apartamento","shopee","https://shopee.com.br/product/341061019/9980115892","pesquisar_marketplaces","Nenhum produto equivalente com link afiliado confirmado foi encontrado no catalogo.","0","","","","0"
"1202","Massageador De Corpo Portátil Mini ElétricaMeridianoPescoço Para CostasEstimulador De Dor Muscular","shopee","https://shopee.com.br/product/609062939/16128517487","pesquisar_marketplaces","Nenhum produto equivalente com link afiliado confirmado foi encontrado no catalogo.","0","","","","0"
"1203","Cicada dourada Bionic Anti-respingo Nail Clippers Set, Aço inoxidável Nail Clippers, Única Personalidade Criativa Nail Scissors","outro","https://pt.aliexpress.com/item/1005003461346024.html","pesquisar_marketplaces","Nenhum produto equivalente com link afiliado confirmado foi encontrado no catalogo.","0","","","","0"
"1204","Cozinha Louça Rack Caixa De Armazenamento De Com Tampa Tigela De Mesa Esgoto De Prato Armário De Plástico Vida Doméstica Diária","shopee","https://shopee.com.br/product/799999458/19743639823","pesquisar_marketplaces","Nenhum produto equivalente com link afiliado confirmado foi encontrado no catalogo.","0","","","","0"
"1205","Gimbal Estabilizador Smartphone Celular Moza Mini S Dobravel","shopee","https://shopee.com.br/Gimbal-Estabilizador-Smartphone-Celular-Moza-Mini-S-Dobravel-i.768023730.17172957179","pesquisar_marketplaces","Nenhum produto equivalente com link afiliado confirmado foi encontrado no catalogo.","0","","","","0"
"1206","Carro Audi TT RS Elétrico 12V Branco Bel Brink","amazon","https://www.amazon.com.br/Carro-Elétrico-Branco-Bel-Brink/dp/B07YL9WVDD","pesquisar_marketplaces","Nenhum produto equivalente com link afiliado confirmado foi encontrado no catalogo.","0","","","","0"
"1207","Prateleira de armazenamento multifuncional para vaso sanitário, slot estreito, organizador do banheiro, gavetas, multi camada, 16cm, 20cm","outro","https://pt.aliexpress.com/item/1005004024811142.html","pesquisar_marketplaces","Nenhum produto equivalente com link afiliado confirmado foi encontrado no catalogo.","0","","","","0"
"1208","Hoverboard Overboard Infantil Skate Elétrico 6.5 Led Bluetooth Bateria De Grande Capacidade Motor Brushless","shopee","https://shopee.com.br/product/542974007/10067402558","pesquisar_marketplaces","Nenhum produto equivalente com link afiliado confirmado foi encontrado no catalogo.","0","","","","0"
"1209","Escova De Limpeza Elétrica 3 Em 1 Purificador De Energia Mágica Para Cozinha Banheiro","shopee","https://shopee.com.br/Escova-De-Limpeza-Elétrica-3-Em-1-Purificador-De-Energia-Mágica-Para-Cozinha-Banheiro-i.659435897.21740666502","pesquisar_marketplaces","Nenhum produto equivalente com link afiliado confirmado foi encontrado no catalogo.","0","","","","0"
"1210","Cortador Triturador Elétrico Multifuncional Para Vegetais E Carnes Aço Inoxidável Elétrico De Legumes 4 Em 1 Sem Fio Alho Com Carregamento USB Cozinhau","shopee","https://shopee.com.br/Cortador-Triturador-Elétrico-Multifuncional-Para-Vegetais-E-Carnes-Aço-Inoxidável-Elétrico-De-Legumes-4-Em-1-Sem-Fio-Alho-Com-Carregamento-USB-Cozinhau-i.591385230.19554837277","pesquisar_marketplaces","Nenhum produto equivalente com link afiliado confirmado foi encontrado no catalogo.","0","","","","0"
"1211","Organizador Banheiro Suporte Prateleira Cantoneira Toalheiro Ajustavel Shampoo Sabonete","shopee","https://shopee.com.br/product/370031901/12047198856","pesquisar_marketplaces","Nenhum produto equivalente com link afiliado confirmado foi encontrado no catalogo.","0","","","","0"
"1212","Mini Processador E Batedor De Ovos e Claras 3 Em 1 Mixer Triturador Recarregável USB","shopee","https://shopee.com.br/Mini-Processador-E-Batedor-De-Ovos-e-Claras-3-Em-1-Mixer-Triturador-Recarregável-USB-i.683193861.20323841089","pesquisar_marketplaces","Nenhum produto equivalente com link afiliado confirmado foi encontrado no catalogo.","0","","","","0"
"1213","Cozinha Quick Thaw Machine Food Grade Alumínio Carne Bife Preservação Rápida E Descongelamento Bandeja Doméstico Fusão De Gelo Artefato","outro","https://pt.aliexpress.com/item/1005004813377872.html","pesquisar_marketplaces","Nenhum produto equivalente com link afiliado confirmado foi encontrado no catalogo.","0","","","","0"
"1214","4 Buraco Panela Para Hamburguer Pan Fabricante Punho De Madeira Frigideira 243","shopee","https://shopee.com.br/4-Buraco-Panela-Para-Hamburguer-Pan-Fabricante-Punho-De-Madeira-Frigideira-243-i.516527780.13003078011","pesquisar_marketplaces","Nenhum produto equivalente com link afiliado confirmado foi encontrado no catalogo.","0","","","","0"
"1215","Tampa do assento de carro dianteiro e traseiro para Auto, BMW, Audi, Toyota, Honda, Ford Edge, Mondeo, Ecosport, Focus, Automóveis Seat Covers, Car-Styling","outro","https://pt.aliexpress.com/item/32909531281.html","pesquisar_marketplaces","Nenhum produto equivalente com link afiliado confirmado foi encontrado no catalogo.","0","","","","0"
"1216","1X 1080 ° Extensão Universal Do Cabeçote De Spray Giratório Da Torneira","shopee","https://shopee.com.br/1X-1080-°-Extensão-Universal-Do-Cabeçote-De-Spray-Giratório-Da-Torneira-i.383377881.17780567126","pesquisar_marketplaces","Nenhum produto equivalente com link afiliado confirmado foi encontrado no catalogo.","0","","","","0"
"1217","COLORFALLC Elástico Linha De Roupa Novo Cabide De Corda De Viagem","shopee","https://shopee.com.br/COLORFALLC-Elástico-Linha-De-Roupa-Novo-Cabide-De-Corda-De-Viagem-i.432191080.20840944094","pesquisar_marketplaces","Nenhum produto equivalente com link afiliado confirmado foi encontrado no catalogo.","0","","","","0"
"1218","Tinta Parede Tintas De Parede Parede Produtos De Limpeza Doméstica Para Mudança De Cor E Proteção Ambiental Capa De Grafite Pequeno Rolo Tinta papel de parede","shopee","https://shopee.com.br/Pasta-De-Reparo-De-Parede-Produtos-De-Limpeza-Doméstica-Para-Mudança-De-Cor-E-Proteção-Ambiental-Capa-De-Grafite-Pequeno-Rolo-Tinta-i.634184380.20653178460","pesquisar_marketplaces","Nenhum produto equivalente com link afiliado confirmado foi encontrado no catalogo.","0","","","","0"
"1219","Suporte De Torneira Durável Prático De Esponja De Pia Para Armazenamento De Sabão Instalação Livre Cabide De Drenagem Banheiro Rag De Sabonete De Louça Cesta De Esgoto De Cozinha","shopee","https://shopee.com.br/Suporte-De-Torneira-Durável-Prático-De-Esponja-De-Pia-Para-Armazenamento-De-Sabão-Instalação-Livre-Cabide-De-Drenagem-Banheiro-Rag-De-Sabonete-De-Louça-Cesta-De-Esgoto-De-Cozinha-i.264593767.16888561887","pesquisar_marketplaces","Nenhum produto equivalente com link afiliado confirmado foi encontrado no catalogo.","0","","","","0"
"1220","Gongyu Suicer Extrator De Suco De Imprensa FriaMáquina mokkom mk199 Extratores Frutas","shopee","https://shopee.com.br/Gongyu-Suicer-Extrator-De-Suco-De-Imprensa-Fria-Máquina-mokkom-mk199-Extratores-Frutas-i.773487304.21917592457","pesquisar_marketplaces","Nenhum produto equivalente com link afiliado confirmado foi encontrado no catalogo.","0","","","","0"
"1221","Alicate De Botão De Metal Tic Tac De Pressão + 50 Botão","shopee","https://shopee.com.br/Alicate-De-Botão-De-Metal-Tic-Tac-De-Pressão-50-Botão-i.380926777.16884877725","pesquisar_marketplaces","Nenhum produto equivalente com link afiliado confirmado foi encontrado no catalogo.","0","","","","0"
"1222","voador flynova Aeronave De Indução Pequeno Fadas fly Controle Remoto","shopee","https://shopee.com.br/voador-flynova-Aeronave-De-Indução-Pequeno-Fadas-fly-Controle-Remoto-i.489640377.11066219039","pesquisar_marketplaces","Nenhum produto equivalente com link afiliado confirmado foi encontrado no catalogo.","0","","","","0"
"1223","Para Lavar RoupaColetor De Pelos Fiapo Reutilizável Máquina De Lavar Roupa","shopee","https://shopee.com.br/Para-Lavar-Roupa-Coletor-De-Pelos-Fiapo-Reutilizável-Máquina-De-Lavar-Roupa-i.359390626.17446300957","pesquisar_marketplaces","Nenhum produto equivalente com link afiliado confirmado foi encontrado no catalogo.","0","","","","0"
"1224","Cxh triciclo elétrico doméstico pick-up pequena bateria de lítio scooter para os idosos","outro","https://pt.aliexpress.com/item/1005004527954617.html","pesquisar_marketplaces","Nenhum produto equivalente com link afiliado confirmado foi encontrado no catalogo.","0","","","","0"
"1225","Máquina De Cabelo Trançada Elétrica Automática Para Fazer TorçãoTricô Tranças","shopee","https://shopee.com.br/Máquina-De-Cabelo-Trançada-Elétrica-Automática-Para-Fazer-Torção-Tricô-Tranças-i.288633995.14570829264","pesquisar_marketplaces","Nenhum produto equivalente com link afiliado confirmado foi encontrado no catalogo.","0","","","","0"
"1226","Máquina De Fechar Pastel Utensílios De Pastelaria Bolinho","shopee","https://shopee.com.br/Máquina-De-Fechar-Pastel-Utensílios-De-Pastelaria-Bolinho-i.594674305.19242502058","pesquisar_marketplaces","Nenhum produto equivalente com link afiliado confirmado foi encontrado no catalogo.","0","","","","0"
"1227","Espremedor Extrator Industrial Sucos Laranja Limão Frutas Inox Copo espremedor de laranja eletrico espremedor de suco fruta frutas elétrico","shopee","https://shopee.com.br/Espremedor-Extrator-Industrial-Sucos-Laranja-Limão-Frutas-Inox-Copo-espremedor-de-laranja-eletrico-espremedor-de-suco-fruta-frutas-elétrico-i.417730810.23605826993","pesquisar_marketplaces","Nenhum produto equivalente com link afiliado confirmado foi encontrado no catalogo.","0","","","","0"
"1228","Avental De Cintura Transparente À Prova D_água E Óleo Para CozinhaCasa","shopee","https://shopee.com.br/Avental-De-Cintura-Transparente-À-Prova-D'água-E-Óleo-Para-Cozinha-Casa-i.274616417.17358868317","pesquisar_marketplaces","Nenhum produto equivalente com link afiliado confirmado foi encontrado no catalogo.","0","","","","0"
"1229","400g moderno doméstico tubulação agente de dragagem banheiro cozinha esgoto toalete dreno chão desodorante limpeza antibacteriana","outro","https://pt.aliexpress.com/item/1005004572291205.html","pesquisar_marketplaces","Nenhum produto equivalente com link afiliado confirmado foi encontrado no catalogo.","0","","","","0"
"1231","Banheira Bubbles, Safety 1st, Azul","amazon","https://www.amazon.com.br/dp/B07BZBHHHQ","pesquisar_marketplaces","Nenhum produto equivalente com link afiliado confirmado foi encontrado no catalogo.","0","","","","0"
"1233","Kit De Ferramentas Reparo De Bicicleta Bike Remendo De Pneu","shopee","https://shopee.com.br/product/745198275/16165137175","pesquisar_marketplaces","Nenhum produto equivalente com link afiliado confirmado foi encontrado no catalogo.","0","","","","0"
"1234","Capa De Cama Antiderrapante Colchão De Solteiro Peça Única Algodão Acolchoado Simmons Protetora De Grosso 1.8 Antipoeira Tudo Incluído 22.8","shopee","https://shopee.com.br/product/564599077/21839251426","pesquisar_marketplaces","Nenhum produto equivalente com link afiliado confirmado foi encontrado no catalogo.","0","","","","0"
"1235","Silicone Power Adapter Case para iPhone, Carregador Protector Case, Shell com Cord Winder, Protector Cable, Mais novo, 2021, 11, 12, M1","outro","https://pt.aliexpress.com/item/1005003113329026.html","pesquisar_marketplaces","Nenhum produto equivalente com link afiliado confirmado foi encontrado no catalogo.","0","","","","0"
"1236","Cadeira reclinável dobrável para adultos, Lazer Cadeira de balanço para casa, Sofá para almoço, Celebridade Internet, Simples e Moderno, Celebridade Internet","outro","https://pt.aliexpress.com/item/1005004717457736.html","pesquisar_marketplaces","Nenhum produto equivalente com link afiliado confirmado foi encontrado no catalogo.","0","","","","0"
"1237","Organizador Porta Ovos Geladeira 30un Com Tampa Cozinha","shopee","https://shopee.com.br/Organizador-Porta-Ovos-Geladeira-30un-Com-Tampa-Cozinha-i.250753603.20039792962","pesquisar_marketplaces","Nenhum produto equivalente com link afiliado confirmado foi encontrado no catalogo.","0","","","","0"
"1238","Multifuncional abrir cadeira de rodas móvel assento cama deficientes idosos higiênico mão empurrar reabilitação cadeira commode","outro","https://pt.aliexpress.com/item/1005002985128431.html","pesquisar_marketplaces","Nenhum produto equivalente com link afiliado confirmado foi encontrado no catalogo.","0","","","","0"
"1239","Banheira Spa Ofurô Dobrável Bend Infantil Adulto Grande 120L - Azul","shopee","https://shopee.com.br/product/292706113/15353829584","pesquisar_marketplaces","Nenhum produto equivalente com link afiliado confirmado foi encontrado no catalogo.","0","","","","0"
"1240","Pá Para Caixa De Areia De Gato Com Bolsas Auto-CleaningLitterColherVaquinha","shopee","https://shopee.com.br/product/812850443/19425822321","pesquisar_marketplaces","Nenhum produto equivalente com link afiliado confirmado foi encontrado no catalogo.","0","","","","0"
"1241","Secador Elétrico Inteligente 220V Esterilização , Desumidificador Ajustável Máquina De Secagem","shopee","https://shopee.com.br/Secador-Elétrico-Inteligente-220V-Esterilização-Desumidificador-Ajustável-Máquina-De-Secagem-i.382880436.14778286084","pesquisar_marketplaces","Nenhum produto equivalente com link afiliado confirmado foi encontrado no catalogo.","0","","","","0"
"1243","2021 Peripage Mini Impressora Portátil Bluetooth Térmica 203dpi Branco Etiqueta Impressora De Recibos Foto Sem Fio","shopee","https://shopee.com.br/2021-Peripage-Mini-Impressora-Portátil-Bluetooth-Térmica-203dpi-Branco-Etiqueta-Impressora-De-Recibos-Foto-Sem-Fio-i.237304769.9274919332","pesquisar_marketplaces","Nenhum produto equivalente com link afiliado confirmado foi encontrado no catalogo.","0","","","","0"
"1244","2022 nova Cozinha Condimento Prateleira Fixado Na Parede Rack de Grande Capacidade Multifuncional Caixa de Armazenamento Condimento Condimento Caixa de Soco Livre pha","shopee","https://shopee.com.br/product/358285752/19935753785","pesquisar_marketplaces","Nenhum produto equivalente com link afiliado confirmado foi encontrado no catalogo.","0","","","","0"
"1245","Fita De Vedação Impermeável Fofa À Prova D_água Para CozinhaBanheiroQuartoCanto","shopee","https://shopee.com.br/Fita-De-Vedação-Impermeável-Fofa-À-Prova-D'água-Para-Cozinha-Banheiro-Quarto-Canto-i.780964221.19511160229","pesquisar_marketplaces","Nenhum produto equivalente com link afiliado confirmado foi encontrado no catalogo.","0","","","","0"
"1246","Contact Adesivo Papel De Parede Madeira 1metro","shopee","https://shopee.com.br/product/329207271/8356213833","pesquisar_marketplaces","Nenhum produto equivalente com link afiliado confirmado foi encontrado no catalogo.","0","","","","0"
"1248","Barraca Infantil Varios Modelos Policia, Bombeiro, Sorveteria","shopee","https://shopee.com.br/product/291971077/16685333029","pesquisar_marketplaces","Nenhum produto equivalente com link afiliado confirmado foi encontrado no catalogo.","0","","","","0"
"1249","Mochila De Peito Masculina À Prova D_água Com Trava De CódigoPequena Esportiva Etc . Bolsa De Ombro Tipo Mensageiro Para Motocicleta Interface USB De Carregamento","shopee","https://shopee.com.br/product/733539223/17135951695","pesquisar_marketplaces","Nenhum produto equivalente com link afiliado confirmado foi encontrado no catalogo.","0","","","","0"
"1250","Caixa de medidor elétrico pintura decorativa caixa de alimentação capa interruptor esconder pinturas decoração da parede lona quadros poster 40x30cm","outro","https://pt.aliexpress.com/item/1005003590467765.html","pesquisar_marketplaces","Nenhum produto equivalente com link afiliado confirmado foi encontrado no catalogo.","0","","","","0"
"1251","Cabeceira Macia Bolsa Costas Almofada Lombar Triangular Travesseiro Menina Dormir Sofá","shopee","https://shopee.com.br/Cabeceira-Macia-Bolsa-Costas-Almofada-Lombar-Triangular-Travesseiro-Menina-Dormir-Sofá-i.578503974.16986737480","pesquisar_marketplaces","Nenhum produto equivalente com link afiliado confirmado foi encontrado no catalogo.","0","","","","0"
"1252","Tinta Spray Cromado Automotiva Carro Moto Roda Chapas Bike","shopee","https://shopee.com.br/Tinta-Spray-Cromado-Automotiva-Carro-Moto-Roda-Chapas-Bike-i.354895824.4875867318","pesquisar_marketplaces","Nenhum produto equivalente com link afiliado confirmado foi encontrado no catalogo.","0","","","","0"
"1253","Touca Borboleta Estilo Coreano Com Borla De Cabelo Feminina","shopee","https://shopee.com.br/product/721245419/17226582760","pesquisar_marketplaces","Nenhum produto equivalente com link afiliado confirmado foi encontrado no catalogo.","0","","","","0"
"1254","Tela Mosquiteiro Janela Com Fita Magnética Contra Mosquitos","shopee","https://shopee.com.br/product/733005134/14875886657","pesquisar_marketplaces","Nenhum produto equivalente com link afiliado confirmado foi encontrado no catalogo.","0","","","","0"
"1255","2Pcs Home Wall Mounted Self Adhesive Adjustable Curtain Rod Bracket Holder","shopee","https://shopee.com.br/2Pcs-Home-Wall-Mounted-Self-Adhesive-Adjustable-Curtain-Rod-Bracket-Holder-i.264593369.11931516073","pesquisar_marketplaces","Nenhum produto equivalente com link afiliado confirmado foi encontrado no catalogo.","0","","","","0"
"1256","Rolo de teclado alto-falante bluetooth, portátil, sem fio, dobrável, com controle remoto, interruptor magnético inteligente, para escritório doméstico, para ipad, telefone","outro","https://pt.aliexpress.com/item/32976988551.html","pesquisar_marketplaces","Nenhum produto equivalente com link afiliado confirmado foi encontrado no catalogo.","0","","","","0"
"1257","Impermeável reflexivo adulto e terno de chuva, Impermeável, Equitação de motocicleta, Impermeável, Caminhadas ao ar livre, Pesca, Rainproof Protect Gear","outro","https://pt.aliexpress.com/item/1005002839451671.html","pesquisar_marketplaces","Nenhum produto equivalente com link afiliado confirmado foi encontrado no catalogo.","0","","","","0"
"1258","Baby Bed Guardrail Berço, Lactentes Barreira, Cerca Rail, Berço Berços, Adaptável à cama, 0 a 36 Meses, 3 em 1","outro","https://pt.aliexpress.com/item/1005004832307815.html","pesquisar_marketplaces","Nenhum produto equivalente com link afiliado confirmado foi encontrado no catalogo.","0","","","","0"
"1259","Capa de sofá para sala de estar capa de sofá de pelúcia nordic sofá almofada não-deslizamento toalha de sofá em forma de l sofá capa protetora","outro","https://pt.aliexpress.com/item/1005003753495674.html","pesquisar_marketplaces","Nenhum produto equivalente com link afiliado confirmado foi encontrado no catalogo.","0","","","","0"
"1260","Mini Geladeira Portátil 8 litros D&Z","shopee","https://shopee.com.br/Mini-Geladeira-Portátil-8-litros-D-Z-i.464886257.16062893496","pesquisar_marketplaces","Nenhum produto equivalente com link afiliado confirmado foi encontrado no catalogo.","0","","","","0"
"1261","Chave de catraca ajustável de 6-22 mm com alça antiderrapante, ferramenta de reparo de catraca de tubo de encanamento","shopee","https://shopee.com.br/Chave-de-catraca-ajustável-de-6-22-mm-com-alça-antiderrapante-ferramenta-de-reparo-de-catraca-de-tubo-de-encanamento-i.697606649.16917316537","pesquisar_marketplaces","Nenhum produto equivalente com link afiliado confirmado foi encontrado no catalogo.","0","","","","0"
"1262","Mapa mundi led magnético de levitação, globo de luz decoração terrestre, bola mágica antigravidade, luzes noturnas","outro","https://pt.aliexpress.com/item/1005002541504662.html","pesquisar_marketplaces","Nenhum produto equivalente com link afiliado confirmado foi encontrado no catalogo.","0","","","","0"
"1263","Ahl Torneira Moderna Misturadora De Pia Da Torneira Do Banheiro 360 Graus De Rotação Torneira Misturador Banheiro Preto  Ouro","shopee","https://shopee.com.br/Ahl-Torneira-Moderna-Misturadora-De-Pia-Da-Torneira-Do-Banheiro-360-Graus-De-Rotação-Torneira-Misturador-Banheiro-Preto-Ouro-i.290352888.10227473581","pesquisar_marketplaces","Nenhum produto equivalente com link afiliado confirmado foi encontrado no catalogo.","0","","","","0"
"1264","18PcsSet Autocolantes De PVC Cerâmico Arte Autocolante De Piso Diagonal À Prova D_água Decoração De Cozinha","shopee","https://shopee.com.br/18Pcs-Set-Autocolantes-PVC-Cerâmica-Adesivos-Arte-À-Prova-D'água-Piso-Diagonal-Decoração-Da-Casa-Cozinha-i.207652795.21523474725","pesquisar_marketplaces","Nenhum produto equivalente com link afiliado confirmado foi encontrado no catalogo.","0","","","","0"
"1265","Toalha de Microfibra para Limpeza de CarroFlanela Pano Toalha Microfibra Cinza 30x40cm Mandala 600gsm.","shopee","https://shopee.com.br/product/629513653/18031899429","pesquisar_marketplaces","Nenhum produto equivalente com link afiliado confirmado foi encontrado no catalogo.","0","","","","0"
"1266","Cesta De Frutas De Cerâmica Ovo Sundries Azul Cozinha Prateleira Criativa Armazenamento Ferro Tecido","shopee","https://shopee.com.br/Cesta-De-Frutas-De-Cerâmica-Ovo-Sundries-Azul-Cozinha-Prateleira-Criativa-Armazenamento-Ferro-Tecido-i.492836442.21716323948","pesquisar_marketplaces","Nenhum produto equivalente com link afiliado confirmado foi encontrado no catalogo.","0","","","","0"
"1267","Auto-adesivo Water Pipe Wall Covers, torneira do chuveiro tampa decorativa, acabamento cromado, aço inoxidável, acessórios do banheiro","outro","https://pt.aliexpress.com/item/1005004093369771.html","pesquisar_marketplaces","Nenhum produto equivalente com link afiliado confirmado foi encontrado no catalogo.","0","","","","0"
"1268","Auto Adesivo De Couro Vara Sofá Reparação Pu Assento De Carro Reparação Tecido Patches De Couro","shopee","https://shopee.com.br/product/494135294/9381252854","pesquisar_marketplaces","Nenhum produto equivalente com link afiliado confirmado foi encontrado no catalogo.","0","","","","0"
"1269","2022 Teayason Maquiagem Criativa Preguiçosa Em Três Segundos Lábio Hidratante Fosco De Longa Duração Para Mulheres Cosmético Labial","shopee","https://shopee.com.br/2022-Teayason-Maquiagem-Criativa-Preguiçosa-Em-Três-Segundos-Lábio-Hidratante-Fosco-De-Longa-Duração-Para-Mulheres-Cosmético-Labial-i.212399980.19029595379","pesquisar_marketplaces","Nenhum produto equivalente com link afiliado confirmado foi encontrado no catalogo.","0","","","","0"
"1270","Ampliação Vanity Mirror com 72 LED Light, Folding Makeup Mirror, 270 Rotação, Stepless Dimmer, Beauty Table Mirrors, Cosmetic 3, 1, 2, 3X","outro","https://pt.aliexpress.com/item/1005004091703164.html","pesquisar_marketplaces","Nenhum produto equivalente com link afiliado confirmado foi encontrado no catalogo.","0","","","","0"
"1271","[Preço Por Atacado] Camiseta Multifuncional Com Nó De Bainha Botões De Cintura Fivela De Amor Forma De Cachecol Cantos Pérola Simulada","shopee","https://shopee.com.br/-Preço-Por-Atacado-Camiseta-Multifuncional-Com-Nó-De-Bainha-Botões-De-Cintura-Fivela-De-Amor-Forma-De-Cachecol-Cantos-Pérola-Simulada-i.237278390.21248820778","pesquisar_marketplaces","Nenhum produto equivalente com link afiliado confirmado foi encontrado no catalogo.","0","","","","0"
"1272","Toalete prateleira de chão toalha toalha toalheiro buraco livre banheiro banheira borda suja cesta de roupas","outro","https://pt.aliexpress.com/item/1005003093270349.html","pesquisar_marketplaces","Nenhum produto equivalente com link afiliado confirmado foi encontrado no catalogo.","0","","","","0"
"1273","Copo Vampiro Pequeno De Vidro Com Canudo 200 Ml","shopee","https://shopee.com.br/product/367996056/3779425007","pesquisar_marketplaces","Nenhum produto equivalente com link afiliado confirmado foi encontrado no catalogo.","0","","","","0"
"1274","Caixa pequena para crianças 8 em 1, contendo 5 lápis, 1 borracha, 1 Régua, adequado para presentes da escola, presentes de aniversário, novo estilo","outro","https://pt.aliexpress.com/item/1005003588983855.html","pesquisar_marketplaces","Nenhum produto equivalente com link afiliado confirmado foi encontrado no catalogo.","0","","","","0"
"1275","2 pcs De Couro Tira Do Assento De Carro À Prova De Vazamento plug Junta De Costura BMW M Desempenho","shopee","https://shopee.com.br/2-pcs-De-Couro-Tira-Do-Assento-De-Carro-À-Prova-De-Vazamento-plug-Junta-De-Costura-BMW-M-Desempenho-i.477508216.16142996110","pesquisar_marketplaces","Nenhum produto equivalente com link afiliado confirmado foi encontrado no catalogo.","0","","","","0"
"1276","Abertura automática e fechamento pote de óleo de vidro de grande capacidade pote de óleo de cozinha molho de soja não-vazamento pote de óleo de oliva","outro","https://pt.aliexpress.com/item/1005004684748762.html","pesquisar_marketplaces","Nenhum produto equivalente com link afiliado confirmado foi encontrado no catalogo.","0","","","","0"
"1277","Saco De nylon Para Mulheres Sling Importação Bolsas De Mão-2em1 18901","shopee","https://shopee.com.br/product/403641717/12423307298","pesquisar_marketplaces","Nenhum produto equivalente com link afiliado confirmado foi encontrado no catalogo.","0","","","","0"
"1278","Suporte Para Pia Organizador Pano Cozinha AJUSTÁVEL em cores variadas Promocao","shopee","https://shopee.com.br/Suporte-Para-Pia-Organizador-Pano-Cozinha-AJUSTÁVEL-em-cores-variadas-Promocao-i.399184042.19041548731","pesquisar_marketplaces","Nenhum produto equivalente com link afiliado confirmado foi encontrado no catalogo.","0","","","","0"
"1279","Escova de toalete bonito do agregado familiar wc fixado na parede plástico alça longa escova de limpeza do banheiro acessórios","outro","https://pt.aliexpress.com/item/1005004725725859.html","pesquisar_marketplaces","Nenhum produto equivalente com link afiliado confirmado foi encontrado no catalogo.","0","","","","0"
"1280","Engrossado doméstica dobrar dupla dos desenhos animados totoro cama inflável colchão de ar simples almofada de ar cama de ar única almofada","outro","https://pt.aliexpress.com/item/4000784049570.html","pesquisar_marketplaces","Nenhum produto equivalente com link afiliado confirmado foi encontrado no catalogo.","0","","","","0"
"1281","Pellets elétrico removedor de fiapos para roupas aparador de bola cabelo fuzz roupas camisola barbeador carretéis dispositivo remoção recarregável","outro","https://pt.aliexpress.com/item/1005004853421850.html","pesquisar_marketplaces","Nenhum produto equivalente com link afiliado confirmado foi encontrado no catalogo.","0","","","","0"
"1283","Prateleira de cozinha rack de sabão esponja suporte de toalha pano rack de paredebancada organizador de armazenamento de cozinha rack de drenagem","outro","https://pt.aliexpress.com/item/1005003302115150.html","pesquisar_marketplaces","Nenhum produto equivalente com link afiliado confirmado foi encontrado no catalogo.","0","","","","0"
"1284","Aerador Elétrico De Vinho , Conjunto De Presentes E Conservar , 2022 Últimos Modelos Bico , Decanter Smart Wine , Para Mulheres , Amantes Ou Uso Próprio","shopee","https://shopee.com.br/Aerador-Elétrico-De-Vinho-Conjunto-De-Presentes-E-Conservar-2022-Últimos-Modelos-Bico-Decanter-Smart-Wine-Para-Mulheres-Amantes-Ou-Uso-Próprio-i.590035868.20755674850","pesquisar_marketplaces","Nenhum produto equivalente com link afiliado confirmado foi encontrado no catalogo.","0","","","","0"
"1285","Garrafa de vidro de sal quantitativo frasco à prova de poeira tempero recipiente de especiarias dispensador de sal doméstico cozinha acessórios de cozinha","shopee","https://shopee.com.br/Garrafa-de-vidro-de-sal-quantitativo-frasco-à-prova-de-poeira-tempero-recipiente-de-especiarias-dispensador-de-sal-doméstico-cozinha-acessórios-de-cozinha-i.534862995.17167463896","pesquisar_marketplaces","Nenhum produto equivalente com link afiliado confirmado foi encontrado no catalogo.","0","","","","0"
"1286","Custom Fit Car Floor Mat Camadas Duplas Apenas 1 assento Um assento dianteiro Personalizar feito para 98_ Carros para motorista ou passageiro assento","outro","https://pt.aliexpress.com/item/1005002732008640.html","pesquisar_marketplaces","Nenhum produto equivalente com link afiliado confirmado foi encontrado no catalogo.","0","","","","0"
"1287","Faixa de cabelo Para Fazer Coque De Coque","shopee","https://shopee.com.br/Faixa-de-cabelo-Para-Fazer-Coque-De-Coque-i.406127529.10761131157","pesquisar_marketplaces","Nenhum produto equivalente com link afiliado confirmado foi encontrado no catalogo.","0","","","","0"
"1289","Caixa De Armazenamento De Luxo Retro Com Mirro Jóias Dobrável Organizador De Brincos Household Colar Display Organizer Caso","shopee","https://shopee.com.br/Caixa-De-Armazenamento-De-Luxo-Retro-Com-Mirro-Jóias-Dobrável-Organizador-De-Brincos-Household-Colar-Display-Organizer-Caso-i.566541910.17561973650","pesquisar_marketplaces","Nenhum produto equivalente com link afiliado confirmado foi encontrado no catalogo.","0","","","","0"
"1290","Crianças carro de moto elétrica recarregável piloto com controle remoto brinquedo carrinho estudante scooter infantil drift equilíbrio carro","outro","https://pt.aliexpress.com/item/1005003491399101.html","pesquisar_marketplaces","Nenhum produto equivalente com link afiliado confirmado foi encontrado no catalogo.","0","","","","0"
"1291","Máquina Portátil De Fazer Doces De Algodão","shopee","https://shopee.com.br/product/207401907/6811746515","pesquisar_marketplaces","Nenhum produto equivalente com link afiliado confirmado foi encontrado no catalogo.","0","","","","0"
"1292","Robo De Brinquedo Robô Dançante Homem De Ferro Pode Cantar Brinquedos Elétricos Meninos Meninas Bebês 0-3 Anos","shopee","https://shopee.com.br/product/814977501/18739012077","pesquisar_marketplaces","Nenhum produto equivalente com link afiliado confirmado foi encontrado no catalogo.","0","","","","0"
"1293","Rodada mop car wash Girassol Retrátil Rotativo coral Veludo Casa Preguiçoso Remoção De Poeira Chão Parede Ferramenta de lavagem de carro","shopee","https://shopee.com.br/Rodada-mop-car-wash-Girassol-Retrátil-Rotativo-coral-Veludo-Casa-Preguiçoso-Remoção-De-Poeira-Chão-Parede-i.765493096.18225702054","pesquisar_marketplaces","Nenhum produto equivalente com link afiliado confirmado foi encontrado no catalogo.","0","","","","0"
"1294","Aplique Rabo De Cavalo Para Extensão Ondulado Fibra Orgânica Premium!!","shopee","https://shopee.com.br/Aplique-Rabo-De-Cavalo-Para-Extensão-Ondulado-Fibra-Orgânica-Premium!!-i.397077960.8488747190","pesquisar_marketplaces","Nenhum produto equivalente com link afiliado confirmado foi encontrado no catalogo.","0","","","","0"
"1295","Interacção Automática Brinquedos Lançador De Bolas De Tênis De Cachorro Pet Jogar Treinamento Para Uso Interno E Exterior","shopee","https://shopee.com.br/Interacção-Automática-Brinquedos-Lançador-De-Bolas-De-Tênis-De-Cachorro-Pet-Jogar-Treinamento-Para-Uso-Interno-E-Exterior-i.288600968.12859511314","pesquisar_marketplaces","Nenhum produto equivalente com link afiliado confirmado foi encontrado no catalogo.","0","","","","0"
"1296","Brorikoy power bank 2600mah carregamento portátil powerbank usb magnético micro tipo-c cabo para iphone 11 x samsung bateria externa","outro","https://pt.aliexpress.com/item/4000327342985.html","pesquisar_marketplaces","Nenhum produto equivalente com link afiliado confirmado foi encontrado no catalogo.","0","","","","0"
"1297","Babygo-tenda dobrável automática, instalação automática, tenda, casa de brincadeira para crianças, acampamento ao ar livre, guarda-sol, praia, portátil, rede contra mosquitos, bebê","outro","https://pt.aliexpress.com/item/4000039155621.html","pesquisar_marketplaces","Nenhum produto equivalente com link afiliado confirmado foi encontrado no catalogo.","0","","","","0"
"1299","Capa de Colchao Casal Impermeável com 2 Fronhas","shopee","https://shopee.com.br/Capa-de-Colchao-Casal-Impermeável-com-2-Fronhas-i.377187100.16168137007","pesquisar_marketplaces","Nenhum produto equivalente com link afiliado confirmado foi encontrado no catalogo.","0","","","","0"
"1300","Dobrável 3-ply prato de frutas prato de doces sala de estar em casa 2 camadas tigela de frutas lanche bolo sobremesa expositor","outro","https://pt.aliexpress.com/item/1005001604945836.html","pesquisar_marketplaces","Nenhum produto equivalente com link afiliado confirmado foi encontrado no catalogo.","0","","","","0"
"1301","Papel De Parede Adesivo De Mármore Carrara Brilhante 2MX61CM","shopee","https://shopee.com.br/Papel-De-Parede-Adesivo-De-Mármore-Carrara-Brilhante-2MX61CM-i.372762135.12420364316","pesquisar_marketplaces","Nenhum produto equivalente com link afiliado confirmado foi encontrado no catalogo.","0","","","","0"
"1302","Kit de escova de imersão para lavadora de pressão de conexão rápida com rotação automática","shopee","https://shopee.com.br/Kit-de-escova-de-imersão-para-lavadora-de-pressão-de-conexão-rápida-com-rotação-automática-i.410949511.17579924537","pesquisar_marketplaces","Nenhum produto equivalente com link afiliado confirmado foi encontrado no catalogo.","0","","","","0"
"1303","1-3T Almofada De Segurança Para Proteção Da Cabeça Do BebêEvitar I9ZY","shopee","https://shopee.com.br/product/554974624/16474798561","pesquisar_marketplaces","Nenhum produto equivalente com link afiliado confirmado foi encontrado no catalogo.","0","","","","0"
"1304","2 Pçs Adesivo De Salto Com Pés Anti-DeslizanteSapato Forro De CalcanharTamanho Ajustável Para MasculinoMulheres","shopee","https://shopee.com.br/product/191443669/15319300093","pesquisar_marketplaces","Nenhum produto equivalente com link afiliado confirmado foi encontrado no catalogo.","0","","","","0"
"1305","Recipiente de armazenamento de alimentos hermético dispensador de cereais caixa de armazenamento de cereais dispensador de arroz dispensador de grãos organizador de cozinha porta mantimentos de coz","outro","https://pt.aliexpress.com/item/1005004783732352.html","pesquisar_marketplaces","Nenhum produto equivalente com link afiliado confirmado foi encontrado no catalogo.","0","","","","0"
"1306","Fechamento automático da porta, fecho automático, fecho de porta, fecho automático, com cordão, fechamento automático","shopee","https://shopee.com.br/Fechamento-automático-da-porta-fecho-automático-fecho-de-porta-fecho-automático-com-cordão-fechamento-automático-i.236998744.16956494028","pesquisar_marketplaces","Nenhum produto equivalente com link afiliado confirmado foi encontrado no catalogo.","0","","","","0"
"1307","Luz de Emergência Recarregável, Painel Solar Multifuncional, Iluminação Exterior, Luz de Barraca, Camping","outro","https://pt.aliexpress.com/item/1005001370206757.html","pesquisar_marketplaces","Nenhum produto equivalente com link afiliado confirmado foi encontrado no catalogo.","0","","","","0"
"1308","Massageador Cervical Spine Massager Manual Clip Multifuncional Rolo De Pescoço De Ombro Massagem Corporal Cortador","shopee","https://shopee.com.br/Massageador-Cervical-Spine-Massager-Manual-Clip-Multifuncional-Rolo-De-Pescoço-De-Ombro-Massagem-Corporal-Cortador-i.790249923.21546283487","pesquisar_marketplaces","Nenhum produto equivalente com link afiliado confirmado foi encontrado no catalogo.","0","","","","0"
"1309","Bebê Bonitinho Romper One Piece Green Dinossauro Cartoon Roupa De Inverno Flanela Fato De Salto Macio","shopee","https://shopee.com.br/product/262648709/17412476727","pesquisar_marketplaces","Nenhum produto equivalente com link afiliado confirmado foi encontrado no catalogo.","0","","","","0"
"1310","Escova ORIGINAL Reutilizável De Limpeza Roupa Limpador Sofá Cama Rolo Removedor Tira Pelos Magico De Animais Cachorro Gato Pet","shopee","https://shopee.com.br/product/521631687/12248728605","pesquisar_marketplaces","Nenhum produto equivalente com link afiliado confirmado foi encontrado no catalogo.","0","","","","0"
"1311","Meia-Calça P-4GG Térmica Forrada Peluciada Translúcida Inverno Quente Plus size Legging","shopee","https://shopee.com.br/product/236705568/10295704118","pesquisar_marketplaces","Nenhum produto equivalente com link afiliado confirmado foi encontrado no catalogo.","0","","","","0"
"1312","Creme de reparação de parede do agente de reparação da parede da pintura do látex da parede da escova de rolamento pequena com remendo de secagem rápida válido do moldproof da pintura do raspador","outro","https://pt.aliexpress.com/item/1005004609366107.html","pesquisar_marketplaces","Nenhum produto equivalente com link afiliado confirmado foi encontrado no catalogo.","0","","","","0"
"1314","Kit 4 Suporte adesivo prateleira transparente Mão Francesa Cantoneira","shopee","https://shopee.com.br/Kit-4-Suporte-adesivo-prateleira-transparente-Mão-Francesa-Cantoneira-i.338520789.17128296491","pesquisar_marketplaces","Nenhum produto equivalente com link afiliado confirmado foi encontrado no catalogo.","0","","","","0"
"1315","Moda Inverno Feminina Térmica Velo Macio Pescoço Quente Cachecol Cap Gorro Chapéu","shopee","https://shopee.com.br/product/350170986/20404337529","pesquisar_marketplaces","Nenhum produto equivalente com link afiliado confirmado foi encontrado no catalogo.","0","","","","0"
"1316","Cabo De Carregamento Micro USB Retrátil Tipo C 3 Em 1 Para Dados De Carregador De Telefone Com Suporte","shopee","https://shopee.com.br/JTKE-3-in1-Tipo-C-Micro-USB-Retrátil-Cabo-De-Carregamento-Para-O-Telefone-Carregador-Dados-Com-Suporte-Do-i.422960113.12315475885","pesquisar_marketplaces","Nenhum produto equivalente com link afiliado confirmado foi encontrado no catalogo.","0","","","","0"
"1317","Espelho De Mesa Com Led Para Maquiagem Com Usb Recarregável","shopee","https://shopee.com.br/Espelho-De-Mesa-Com-Led-Para-Maquiagem-Com-Usb-Recarregável-i.371634377.9016375683","pesquisar_marketplaces","Nenhum produto equivalente com link afiliado confirmado foi encontrado no catalogo.","0","","","","0"
"1318","Recipientes de armazenamento de cozinha com gravador de tempo tampa geladeira organizadores manter alimentos frescos e frutas frigorífico congelador caixas de armazenamento","outro","https://pt.aliexpress.com/item/1005004028277490.html","pesquisar_marketplaces","Nenhum produto equivalente com link afiliado confirmado foi encontrado no catalogo.","0","","","","0"
"1319","Máquina de frutas e batatas de aço, descascador, Corer, Fatiador, Cortador, Bar, Casa, Mão-Cranked, Clipping, 3 em 1","outro","https://pt.aliexpress.com/item/4000902871308.html","pesquisar_marketplaces","Nenhum produto equivalente com link afiliado confirmado foi encontrado no catalogo.","0","","","","0"
"1320","ANEMONE1 Dispenser De Óleo De Silicone Com Conta-GotasMulticolorido Para CozimentoCozinha","shopee","https://shopee.com.br/product/252400341/17713176225","pesquisar_marketplaces","Nenhum produto equivalente com link afiliado confirmado foi encontrado no catalogo.","0","","","","0"
"1321","Casa de banho cozinha lixo bin reciclagem mesa bebê moda lixo bin recicling pode design criativo poubelle presente limpeza doméstica","outro","https://pt.aliexpress.com/item/1005004124636154.html","pesquisar_marketplaces","Nenhum produto equivalente com link afiliado confirmado foi encontrado no catalogo.","0","","","","0"
"1322","3d portátil multifuncional digital unha arte polimento preço impressora automática da arte do prego para a pintura unhas","outro","https://pt.aliexpress.com/item/1005003533990821.html","pesquisar_marketplaces","Nenhum produto equivalente com link afiliado confirmado foi encontrado no catalogo.","0","","","","0"
"1323","3d estilo chinês arte adesivo de parede grande garrafa flores lótus para sala estar decoração da parede casa mural decalques papel 60x90cm","outro","https://pt.aliexpress.com/item/1005003464099930.html","pesquisar_marketplaces","Nenhum produto equivalente com link afiliado confirmado foi encontrado no catalogo.","0","","","","0"
"1324","Dobrável cabide de roupas montagem na parede retrátil pano secagem rack interior & outdoor space saving alumínio lavandaria casa varal","outro","https://pt.aliexpress.com/item/1005003499241458.html","pesquisar_marketplaces","Nenhum produto equivalente com link afiliado confirmado foi encontrado no catalogo.","0","","","","0"
"1325","10m Super Fita Adesiva Dupla Face Nano MáGica LaváVel ReutilizáVel Transparente ImpermeáVel Fita Dupla Face Para Prender Tapetes","shopee","https://shopee.com.br/product/234485333/14582875247","pesquisar_marketplaces","Nenhum produto equivalente com link afiliado confirmado foi encontrado no catalogo.","0","","","","0"
"1326","Logic Chess Color Cognition Brinquedos Inteligência Formação Das Crianças Thinking Exercício Início Educativos Jogos Lógicas Montessori","shopee","https://shopee.com.br/product/704517466/20503592189","pesquisar_marketplaces","Nenhum produto equivalente com link afiliado confirmado foi encontrado no catalogo.","0","","","","0"
"1328","Capa De Proteção Para Interruptor De Tomada De Parede À Prova De Respingos 86","shopee","https://shopee.com.br/product/290389796/13312242260","pesquisar_marketplaces","Nenhum produto equivalente com link afiliado confirmado foi encontrado no catalogo.","0","","","","0"
"1331","Cremalheira de secagem do prato ajustável sobre a pia para o contador da cozinha, ganchos do suporte da prateleira do escorredor do armazenamento do organizador de aço inoxidável","outro","https://pt.aliexpress.com/item/1005004539510382.html","pesquisar_marketplaces","Nenhum produto equivalente com link afiliado confirmado foi encontrado no catalogo.","0","","","","0"
"1332","Sapatilhas infantis de malha respirável, sapatilhas de sola macia, sapatos confortáveis de malha de bebê, estilo casual, meninos e meninas","outro","https://pt.aliexpress.com/item/1005002517406538.html","pesquisar_marketplaces","Nenhum produto equivalente com link afiliado confirmado foi encontrado no catalogo.","0","","","","0"
"1333","Banco que vira mesa internoexterno 6 lugares","amazon","https://www.amazon.com.br/Banco-que-interno-externo-lugares/dp/B07Q24K2KY","pesquisar_marketplaces","Nenhum produto equivalente com link afiliado confirmado foi encontrado no catalogo.","0","","","","0"
"1334","Dispositivo de Correção de Joanete. Joanetes Corretor Ortopédico Articulado. 1unidade","shopee","https://shopee.com.br/Dispositivo-de-Correção-de-Joanete.-Joanetes-Corretor-Ortopédico-Articulado.-1unidade-i.405598769.9755844968","pesquisar_marketplaces","Nenhum produto equivalente com link afiliado confirmado foi encontrado no catalogo.","0","","","","0"
"1335","Colmeia OrganizadorDe ArmárioCaixa De Armazenamento Dobrável Para Meias","shopee","https://shopee.com.br/Organizador-Roupa-De-Gaveta-Colmeia-Caix-Organizadora-De-Roupas-Seja-Aplicável-Jeans-Camiseta-Calça-Confecções-i.239156259.19608861779","pesquisar_marketplaces","Nenhum produto equivalente com link afiliado confirmado foi encontrado no catalogo.","0","","","","0"
"1336","Suporte Veicular Universal para Tablets e Smartphones Baseus, Baseus, Car Mount, Preto","amazon","https://www.amazon.com.br/dp/B01LYIY2Q2","pesquisar_marketplaces","Nenhum produto equivalente com link afiliado confirmado foi encontrado no catalogo.","0","","","","0"
"1337","Guarda-chuva de tamanho duplo, guarda-chuva de casal para duas pessoas, novidade à prova de vento, guarda-sol extra grande 16 ripas, presente para amantes","outro","https://pt.aliexpress.com/item/1005002565877164.html","pesquisar_marketplaces","Nenhum produto equivalente com link afiliado confirmado foi encontrado no catalogo.","0","","","","0"
"1338","Pulverizador De Pia Torneira Banheiro Portátil Ducha Lavagem Chuveirinho Mangueira Lavar Cabelo Banho Pet Banho Bebê","shopee","https://shopee.com.br/Pulverizador-De-Pia-Torneira-Banheiro-Portátil-Ducha-Lavagem-Chuveirinho-Mangueira-Lavar-Cabelo-Banho-Pet-Banho-Bebê-i.464213046.13104870172","pesquisar_marketplaces","Nenhum produto equivalente com link afiliado confirmado foi encontrado no catalogo.","0","","","","0"
"1339","Tela Antiderrapante para Amarradinho - Cor Branca Largura Máxima de 1,50 metros","shopee","https://shopee.com.br/Tela-Antiderrapante-para-Amarradinho-Cor-Branca-Largura-Máxima-de-1-50-metros-i.341216825.14689232872","pesquisar_marketplaces","Nenhum produto equivalente com link afiliado confirmado foi encontrado no catalogo.","0","","","","0"
"1340","Mala de alumínio do trole do quadro do saco de embarque do curso do negócio pequeno 20-Polegada da bagagem aberta multi-funcional","outro","https://pt.aliexpress.com/item/1005003092587721.html","pesquisar_marketplaces","Nenhum produto equivalente com link afiliado confirmado foi encontrado no catalogo.","0","","","","0"
"1341","Papel de parede DIY 35x35cm 3D Super Sticky Adesivo de espuma à prova d_água Projeto de adesivo de parede decorativo padrão de telha de parede de teto","shopee","https://shopee.com.br/product/240809542/12425654732","pesquisar_marketplaces","Nenhum produto equivalente com link afiliado confirmado foi encontrado no catalogo.","0","","","","0"
"1343","Brinquedo Crocodilo Engraçado Boca Jogo Dentista Mordida Dedo Jacaré Roleta Jogo Brinquedo Aleatório","shopee","https://shopee.com.br/Brinquedo-Crocodilo-Engraçado-Boca-Jogo-Dentista-Mordida-Dedo-Jacaré-Roleta-Jogo-Brinquedo-Aleatório-i.576317603.16838582576","pesquisar_marketplaces","Nenhum produto equivalente com link afiliado confirmado foi encontrado no catalogo.","0","","","","0"
"1344","2Pc 40x5CM Adesivo Protetor Anti-Arranhão Para Proteção De Porta De Carro 4pçs 14x2,5cm","shopee","https://shopee.com.br/2Pc-40x5CM-Adesivo-Protetor-Anti-Arranhão-Para-Proteção-De-Porta-De-Carro-4pçs-14x2-5cm-i.494860334.14789916661","pesquisar_marketplaces","Nenhum produto equivalente com link afiliado confirmado foi encontrado no catalogo.","0","","","","0"
"1345","Shezi Bastão Corretivo Em Duas Cores Para Reparo De Caneta Corretivo Base  Creme Corretivo","shopee","https://shopee.com.br/product/515816832/7898999175","pesquisar_marketplaces","Nenhum produto equivalente com link afiliado confirmado foi encontrado no catalogo.","0","","","","0"
"1346","27.5g Toopik Fibers Queratina Thicker Cabelo Anti-Perda De Produtos Corretivo Refil Espessamento Da Fibra Do Pós Crescimento","shopee","https://shopee.com.br/product/509507337/13669631831","pesquisar_marketplaces","Nenhum produto equivalente com link afiliado confirmado foi encontrado no catalogo.","0","","","","0"
"1347","Almofada de drenagem da bacia de lavagem absorvente torneira esteiras engrossado coasters duráveis banheiro washstand respingo tapete macio à prova de mofo amortecimento","outro","https://pt.aliexpress.com/item/1005004114278814.html","pesquisar_marketplaces","Nenhum produto equivalente com link afiliado confirmado foi encontrado no catalogo.","0","","","","0"
"1348","Tmdbyx Travesseiro De Pescoço Universal Multi-Color Para Encosto De Cabeça De Carro","shopee","https://shopee.com.br/product/255855418/7660786135","pesquisar_marketplaces","Nenhum produto equivalente com link afiliado confirmado foi encontrado no catalogo.","0","","","","0"
"1350","Carimbo De Rolamento Para Adição , Subtráção , Selo De Ensino De Multiplicação E Divisão Comin 100","shopee","https://shopee.com.br/product/285320515/20727526536","pesquisar_marketplaces","Nenhum produto equivalente com link afiliado confirmado foi encontrado no catalogo.","0","","","","0"
"1352","Trelica em madeira com folha Hera artificial para jardim vertical decoração","shopee","https://shopee.com.br/Trelica-em-madeira-com-folha-Hera-artificial-para-jardim-vertical-decoração-i.430718107.8654326964","pesquisar_marketplaces","Nenhum produto equivalente com link afiliado confirmado foi encontrado no catalogo.","0","","","","0"
"1353","Ferramenta de carro bomba de ar portátil inflador de pneu de carro display digital inteligente sem fio, bomba de pneu de bicicleta com luz LED 12V","shopee","https://shopee.com.br/Ferramentas-de-veículo-inflador-portátil-de-pneus-de-carro-bomba-inflador-portátil-de-pneus-de-carro-display-digital-inteligente-Bomba-de-pneu-de-carro-portátil-sem-fio-bomba-de-pneu-de-bicicleta-inflador-de-pneus-com-luz-LED-12V-i.769678410.21903038932","pesquisar_marketplaces","Nenhum produto equivalente com link afiliado confirmado foi encontrado no catalogo.","0","","","","0"
"1354","Pipoqueira de Microondas em Vidro Borossilicato 1,8L - Lyor Pipoqueira Microondas sem Óleo","shopee","https://shopee.com.br/Pipoqueira-de-Microondas-1-8L-em-Vidro-Borossilicato-Lyor-Pipoqueira-Microondas-sem-Óleo-i.672511046.15886786082","pesquisar_marketplaces","Nenhum produto equivalente com link afiliado confirmado foi encontrado no catalogo.","0","","","","0"
"1356","Tapete de cozinha super absorvente antiderrapante tapete de cozinha de secagem rápida tapete de chão do banheiro entrada capacho tapete de pele nappa","shopee","https://shopee.com.br/product/230416497/14561232396","pesquisar_marketplaces","Nenhum produto equivalente com link afiliado confirmado foi encontrado no catalogo.","0","","","","0"
"1357","Verão gelo seda bordado sofá capa antiderrapante almofada universal sala de estar sofá toalha móveis proteção à prova de poeira refrigeração","outro","https://pt.aliexpress.com/item/1005004275649788.html","pesquisar_marketplaces","Nenhum produto equivalente com link afiliado confirmado foi encontrado no catalogo.","0","","","","0"
"1358","Cofrinho De Porquinho Com Senha Digital Criativo Para Carro  Cofre De Porquinho  Dinheiro  Digital","shopee","https://shopee.com.br/Cofrinho-De-Porquinho-Com-Senha-Digital-Criativo-Para-Carro-Cofre-De-Porquinho-Dinheiro-Digital-i.292144020.4864760923","pesquisar_marketplaces","Nenhum produto equivalente com link afiliado confirmado foi encontrado no catalogo.","0","","","","0"
"1359","Exfoliante Esfoliante De Banho De Esponja Escova De Chuveiro Limpador De Pele Corporal Removedor Morto","shopee","https://shopee.com.br/Esponja-Exfoliante-Macia-Esfoliante-Corporal-Ducha-Limpador-De-Pele-Removedor-Morta-i.210173843.17560874870","pesquisar_marketplaces","Nenhum produto equivalente com link afiliado confirmado foi encontrado no catalogo.","0","","","","0"
"1360","Secador De Cabelo 5 Combinado Com 1 Peça Pente Alisador E Frisador Encaracolado","shopee","https://shopee.com.br/Secador-De-Cabelo-5-Combinado-Com-1-Peça-Pente-Alisador-E-Frisador-Encaracolado-i.581577802.9396462362","pesquisar_marketplaces","Nenhum produto equivalente com link afiliado confirmado foi encontrado no catalogo.","0","","","","0"
"1361","Fita Adesiva Metalizada Para Emenda De Manta Térmica Acabamento Reparos Multiuso Detalhes","shopee","https://shopee.com.br/product/751905343/16062880270","pesquisar_marketplaces","Nenhum produto equivalente com link afiliado confirmado foi encontrado no catalogo.","0","","","","0"
"1362","Aquecedor de mamadeira, Vidro, Plástico, PPR, Resistente a Queda, Temperatura constante, Rubor Rápido, Leite, Aquecedor, 3 Materiais","outro","https://pt.aliexpress.com/item/1005001711248080.html","pesquisar_marketplaces","Nenhum produto equivalente com link afiliado confirmado foi encontrado no catalogo.","0","","","","0"
"1363","Reciclagem Cesta de Lixo, Lixo Cozinha, Armazenamento Dustbin, Zero Waste Bin, Cube Recipiente do lixo, Casa e escritório, Lixo pode","outro","https://pt.aliexpress.com/item/1005003341985813.html","pesquisar_marketplaces","Nenhum produto equivalente com link afiliado confirmado foi encontrado no catalogo.","0","","","","0"
"1364","novo Brow Set Carimbo Para Sobrancelhas De Longa Duração À Prova D _Água","shopee","https://shopee.com.br/product/448197419/13835815312","pesquisar_marketplaces","Nenhum produto equivalente com link afiliado confirmado foi encontrado no catalogo.","0","","","","0"
"1365","Tapete Higiênico Coletor de Areia Para Gato Tamanhos Caixa De Areia - Cores","shopee","https://shopee.com.br/product/458301509/11708933639","pesquisar_marketplaces","Nenhum produto equivalente com link afiliado confirmado foi encontrado no catalogo.","0","","","","0"
"1366","Impressora temporária tatuagem térmica, portátil, tinta eletrônica, automática, indolor, máquina de tatuagem, mais recente, venda quente","outro","https://pt.aliexpress.com/item/1005003839067138.html","pesquisar_marketplaces","Nenhum produto equivalente com link afiliado confirmado foi encontrado no catalogo.","0","","","","0"
"1367","Suporte de Banheiro Porta Escova De Dente E Creme Dental Acessorios Porta Treco Com Dispenser Adesivo Para Parede Urso Infantil","shopee","https://shopee.com.br/Porta-Escova-Pasta-Dente-Acessorios-Parede-Banheiro-Adesivo-i.438076229.16666704391","pesquisar_marketplaces","Nenhum produto equivalente com link afiliado confirmado foi encontrado no catalogo.","0","","","","0"
"1368","Peruca Loira De 16 Polegadas Com Gradiente De Onda Curta , Ondulada De Fibra Sintética , Adequada Para O Uso Diário De cosplay De Festas","shopee","https://shopee.com.br/Peruca-Feminina-De-Cabelo-Longo-De-Tricô-De-Lã-Chapéu-Uma-Moda-Encaracolado-Grande-Onda-Tampa-Da-Cabeça-Cheia-i.615035592.13885410255","pesquisar_marketplaces","Nenhum produto equivalente com link afiliado confirmado foi encontrado no catalogo.","0","","","","0"
"1369","AXNEN HQ3 3-Caxys Estabilizador De Vídeo De Celular Dobrável Portátil","shopee","https://shopee.com.br/AXNEN-HQ3-3-Caxys-Estabilizador-De-Vídeo-De-Celular-Dobrável-Portátil-i.457773667.21304991186","pesquisar_marketplaces","Nenhum produto equivalente com link afiliado confirmado foi encontrado no catalogo.","0","","","","0"
"1370","Conjunto De Torneira De Banheiro BidimÁgua","shopee","https://shopee.com.br/Conjunto-De-Torneira-De-Banheiro-Bidim-Água--i.447022402.17350908220","pesquisar_marketplaces","Nenhum produto equivalente com link afiliado confirmado foi encontrado no catalogo.","0","","","","0"
"1371","Dreno de assoalho núcleo anti odor à prova de pragas esgoto núcleo desodorante cozinha banheiro desodorização válvula de drenagem pia rolha anti-entupimento","outro","https://pt.aliexpress.com/item/1005004329940290.html","pesquisar_marketplaces","Nenhum produto equivalente com link afiliado confirmado foi encontrado no catalogo.","0","","","","0"
"1372","ifundom 1 Conjunto de Desktop Suporte Do Telefone Suporte Do Telefone Suporte Do Telefone Móvel Portátil (Prata 1)","amazon","https://www.amazon.com.br/ifundom-Conjunto-Desktop-Telefone-Portátil/dp/B09DTP49QT","pesquisar_marketplaces","Nenhum produto equivalente com link afiliado confirmado foi encontrado no catalogo.","0","","","","0"
"1373","Impressora De Etiqueta NIIMBOT D110 , Tecnologia Sem Fio Recarregável USB Térmica , Adequado Para A Escola Home Office Organização (Branco) .","shopee","https://shopee.com.br/Impressora-De-Etiqueta-NIIMBOT-D110-Tecnologia-Sem-Fio-Recarregável-USB-Térmica-Adequado-Para-A-Escola-Home-Office-Organização-(Branco)-.-i.448189270.17467321573","pesquisar_marketplaces","Nenhum produto equivalente com link afiliado confirmado foi encontrado no catalogo.","0","","","","0"
"1374","Double-Side Tábua com apontador de facas, função de descongelamento, Tábua de cortar, Cozinha Moagem","outro","https://pt.aliexpress.com/item/1005004280370343.html","pesquisar_marketplaces","Nenhum produto equivalente com link afiliado confirmado foi encontrado no catalogo.","0","","","","0"
"1375","Câmera segurança wifi ip sem fio 360 com encaixe lampada bocal aplicativo yoosee ptz full HD visão noturna - bivolt","shopee","https://shopee.com.br/product/810236375/18122868582","pesquisar_marketplaces","Nenhum produto equivalente com link afiliado confirmado foi encontrado no catalogo.","0","","","","0"
"1376","Olivehome Auto-Confeitar Saco De Embalagem De Cerveja Líquido Transparente Com Sucção Saco De Comida","shopee","https://shopee.com.br/product/270003763/7939768727","pesquisar_marketplaces","Nenhum produto equivalente com link afiliado confirmado foi encontrado no catalogo.","0","","","","0"
"1377","1 Descascador De Alimentos Spin 360º 3 Lâminas Multiuso Universal 8,5 x 7,5 cm - Clink","shopee","https://shopee.com.br/product/403112819/12409045859","pesquisar_marketplaces","Nenhum produto equivalente com link afiliado confirmado foi encontrado no catalogo.","0","","","","0"
"1379","Cinta Shorts Modeladora 4 Barbatanas de AÇO Compressão","shopee","https://shopee.com.br/product/345079039/19020467386","pesquisar_marketplaces","Nenhum produto equivalente com link afiliado confirmado foi encontrado no catalogo.","0","","","","0"
"1380","Luminária de mesa de cristal Luminária de cabeceira para quarto Luminária de mesa rosa Decoração de cabeceira Romântica Recarregável Luminária de mesa LED Luminária de mesa macia Proteção dos olhos","shopee","https://shopee.com.br/Luminária-de-mesa-de-cristal-Luminária-de-cabeceira-para-quarto-Luminária-de-mesa-rosa-Decoração-de-cabeceira-Romântica-Recarregável-Luminária-de-mesa-LED-Luminária-de-mesa-macia-Proteção-dos-olhos-Luminária-de-mesa-tricolor-Plug-In-Luminária-de-mesa-reca-i.843226789.20936340679","pesquisar_marketplaces","Nenhum produto equivalente com link afiliado confirmado foi encontrado no catalogo.","0","","","","0"
"1381","Xiaomi guarda-chuva automático não automático com faixa reflexiva, luz de LED reversa, guarda-chuva, três, dobrável, invertido, 10 costelas de viagem","shopee","https://shopee.com.br/Xiaomi-guarda-chuva-automático-não-automático-com-faixa-reflexiva-luz-de-LED-reversa-guarda-chuva-três-dobrável-invertido-10-costelas-de-viagem-i.572505535.12336136563","pesquisar_marketplaces","Nenhum produto equivalente com link afiliado confirmado foi encontrado no catalogo.","0","","","","0"
"1382","Troninho Redutor De Assento Infantil Escada Sanitária Buba","shopee","https://shopee.com.br/Troninho-Redutor-De-Assento-Infantil-Escada-Sanitária-Buba-i.796798751.20640142735","pesquisar_marketplaces","Nenhum produto equivalente com link afiliado confirmado foi encontrado no catalogo.","0","","","","0"
"1383","Spigen smart fold magnético carteira cartão titular projetado para magsafe com kickstand # preto-amp02746","outro","https://pt.aliexpress.com/item/1005003493117390.html","pesquisar_marketplaces","Nenhum produto equivalente com link afiliado confirmado foi encontrado no catalogo.","0","","","","0"
"1384","Cereais Dispenser Para Balde De ArrozComida SecoCaixa De Armazenamento Despensa De Alimentos Secos","shopee","https://shopee.com.br/product/360868007/21017542060","pesquisar_marketplaces","Nenhum produto equivalente com link afiliado confirmado foi encontrado no catalogo.","0","","","","0"
"1385","5 camadas rotatable cozinha metal quadrado rack de armazenamento cesta de frutas vegetais piso carrinho de utilidade com roda rolamento","outro","https://pt.aliexpress.com/item/1005004288111198.html","pesquisar_marketplaces","Nenhum produto equivalente com link afiliado confirmado foi encontrado no catalogo.","0","","","","0"
"1386","Faça um pedido para ver o desenhoQuatro Estações Geral Arte Pano Capa De Sofá Almofada De Tecido Universal Anti-Derrapante Simples Moderno All-InclusiveFolheto de Almofada de Sofá yifan2 . my","shopee","https://shopee.com.br/Faça-um-pedido-para-ver-o-desenhoQuatro-Estações-Geral-Arte-Pano-Capa-De-Sofá-Almofada-De-Tecido-Universal-Anti-Derrapante-Simples-Moderno-All-InclusiveFolheto-de-Almofada-de-Sofá-yifan2-.-my-i.751344590.15777291529","pesquisar_marketplaces","Nenhum produto equivalente com link afiliado confirmado foi encontrado no catalogo.","0","","","","0"
"1387","2 em 1 casa organizador da pia torneira pendurado rack de drenagem cozinha banheiro organizador frutas e vegetais escorredor esponja titular","outro","https://pt.aliexpress.com/item/1005004737908774.html","pesquisar_marketplaces","Nenhum produto equivalente com link afiliado confirmado foi encontrado no catalogo.","0","","","","0"
"1388","Lavadora de Pressão K Turbo Portátil Bateria 3000MAH KIT 12 PCS","shopee","https://shopee.com.br/Lavadora-de-Pressão-K-Turbo-Portátil-Bateria-3000MAH-KIT-12-PCS-i.764842647.21015359805","pesquisar_marketplaces","Nenhum produto equivalente com link afiliado confirmado foi encontrado no catalogo.","0","","","","0"
"1389","Capa De Sofá Elástica Cobertura Total Antiderrapante Quatro Estações Para Decoração De Casa","shopee","https://shopee.com.br/Capa-De-Sofá-Elástica-Cobertura-Total-Antiderrapante-Quatro-Estações-Para-Decoração-De-Casa-i.781660137.19222377052","pesquisar_marketplaces","Nenhum produto equivalente com link afiliado confirmado foi encontrado no catalogo.","0","","","","0"
"1390","Papa Bolinhas Tira Pelos Elétrico Sem Fio 110v Recarregável","shopee","https://shopee.com.br/Papa-Bolinhas-Tira-Pelos-Elétrico-Sem-Fio-110v-Recarregável-i.366961070.15400549879","pesquisar_marketplaces","Nenhum produto equivalente com link afiliado confirmado foi encontrado no catalogo.","0","","","","0"
"1391","304 aço inoxidável nanômetro cachoeira torneira, grande slot único acima Mount Faucet, espessura de 3mm, preto, novo","outro","https://pt.aliexpress.com/item/1005004640370343.html","pesquisar_marketplaces","Nenhum produto equivalente com link afiliado confirmado foi encontrado no catalogo.","0","","","","0"
"1392","Huawei-companheiro de smartphone xs 2, 7,8 polegadas, snapdragon 888, harmonyos, 2.0 câmera, 50.0mp, nfc, original","outro","https://pt.aliexpress.com/item/1005004264921650.html","pesquisar_marketplaces","Nenhum produto equivalente com link afiliado confirmado foi encontrado no catalogo.","0","","","","0"
"1393","Limpador para Porcelanato Super Concentrado - 500 Ml - Duratto","shopee","https://shopee.com.br/Limpador-para-Porcelanato-Super-Concentrado-500-Ml-Duratto-i.498352181.16547140228","pesquisar_marketplaces","Nenhum produto equivalente com link afiliado confirmado foi encontrado no catalogo.","0","","","","0"
"1394","32 Grade Geladeira Ovo Caixas De Armazenamento Organizador Caixa Fresco Gaveta Tipo Ovos Caso Da Titular Empilhável Acessórios De Cozinha","shopee","https://shopee.com.br/product/833760982/16883383487","pesquisar_marketplaces","Nenhum produto equivalente com link afiliado confirmado foi encontrado no catalogo.","0","","","","0"
"1395","Seladora À Vàcuo Doméstica Seco Ou Úmido Premium Embaladora Alimentos 220V110V","shopee","https://shopee.com.br/product/381004689/15549094700","pesquisar_marketplaces","Nenhum produto equivalente com link afiliado confirmado foi encontrado no catalogo.","0","","","","0"
"1396","Canivete de Ferramentas Para Bike Multi Funções Multi Tool Atrio 15pçs","shopee","https://shopee.com.br/product/331720585/15339834306","pesquisar_marketplaces","Nenhum produto equivalente com link afiliado confirmado foi encontrado no catalogo.","0","","","","0"
"1398","Máquina separadora de Juicer Sag Separador de frutas Máquina de suco de fritura Pequeno, portátil, multifuncional, doméstico, original","outro","https://pt.aliexpress.com/item/1005004078004978.html","pesquisar_marketplaces","Nenhum produto equivalente com link afiliado confirmado foi encontrado no catalogo.","0","","","","0"
"1399","Casa punch-livre fixado na parede roupas caixa de armazenamento roupa interior meias empilhável compartimento organizador prateleira ferramentas de armazenamento de plástico","outro","https://pt.aliexpress.com/item/1005004516850933.html","pesquisar_marketplaces","Nenhum produto equivalente com link afiliado confirmado foi encontrado no catalogo.","0","","","","0"
"1400","Rack De Secagem De Pratos De Pia Com Placa De Esgoto Drenagem E Bandeja Conjunto De Bandejas De Grande Capacidade Armazenamento De Cozinha","shopee","https://shopee.com.br/product/800671433/19320024967","pesquisar_marketplaces","Nenhum produto equivalente com link afiliado confirmado foi encontrado no catalogo.","0","","","","0"
"1401","AIRAJ-Alicador Diagonal Universal Multifuncional, Alicador Nariz Agulha, Ferramentas De Hardware, Cortadores De Arame, Eletricista","outro","https://pt.aliexpress.com/item/1005002482029879.html","pesquisar_marketplaces","Nenhum produto equivalente com link afiliado confirmado foi encontrado no catalogo.","0","","","","0"
"1402","[Bring Your Own Líquido De Limpeza] Cannonball Bucket Shu Cotton Lazy Mop","shopee","https://shopee.com.br/-Bring-Your-Own-Líquido-De-Limpeza-Cannonball-Bucket-Shu-Cotton-Lazy-Mop-i.313504666.17883194858","pesquisar_marketplaces","Nenhum produto equivalente com link afiliado confirmado foi encontrado no catalogo.","0","","","","0"
"1403","Ventilador Portátil Silencioso Dobrável 7200mah Retrátil D09 Luuk Young (Branco)","amazon","https://www.amazon.com.br/Ventilador-Portátil-Silencioso-Dobrável-Retrátil/dp/B0985CJSRK","pesquisar_marketplaces","Nenhum produto equivalente com link afiliado confirmado foi encontrado no catalogo.","0","","","","0"
"1404","Mesa Tabua Passar Roupa Extra Forte + Porta Ferro Promoção Portátil Oferta Presente Para Mães Promoção","shopee","https://shopee.com.br/Mesa-Tabua-Passar-Roupa-Extra-Forte-Porta-Ferro-Promoção-Portátil-Oferta-Presente-Para-Mães-Promoção-i.303515977.19216809642","pesquisar_marketplaces","Nenhum produto equivalente com link afiliado confirmado foi encontrado no catalogo.","0","","","","0"
"1405","Portátil Isolado Lunch Container Set, Bento Empilhável Lunch Box, Saco de aço inoxidável, 4 3 2 1 Tier","outro","https://pt.aliexpress.com/item/1005004382439848.html","pesquisar_marketplaces","Nenhum produto equivalente com link afiliado confirmado foi encontrado no catalogo.","0","","","","0"
"1406","Porta Sabao Em Barra Para Esfregar Roupa Drenagem Espuma","shopee","https://shopee.com.br/Porta-Sabao-Em-Barra-Para-Esfregar-Roupa-Drenagem-Espuma-i.274456099.16464829470","pesquisar_marketplaces","Nenhum produto equivalente com link afiliado confirmado foi encontrado no catalogo.","0","","","","0"
"1407","Grade Portão Proteção Cachorro Pet 69 A 83,5 Cm Cachorro","shopee","https://shopee.com.br/product/417131669/20105949203","pesquisar_marketplaces","Nenhum produto equivalente com link afiliado confirmado foi encontrado no catalogo.","0","","","","0"
"1408","Suporte De Telefone Multiuso Universal Para Carro Porta De Navegação Adesiva A3T8","shopee","https://shopee.com.br/product/207409439/20524786888","pesquisar_marketplaces","Nenhum produto equivalente com link afiliado confirmado foi encontrado no catalogo.","0","","","","0"
"1409","2 Peças Protetor De Salto Quadrado TPUPVC Flexível Antiderrapante Com Amortecimento Para Sapato","shopee","https://shopee.com.br/2-Peças-Protetor-De-Salto-Quadrado-TPU-PVC-Flexível-Antiderrapante-Com-Amortecimento-Para-Sapato-i.754440331.17056762858","pesquisar_marketplaces","Nenhum produto equivalente com link afiliado confirmado foi encontrado no catalogo.","0","","","","0"
"1410","Car Rotary Wash Brush Kit Automatic Rotating Quick Connect High Pressure Washer Dip Wash Brush for Vehicle Cleaning","shopee","https://shopee.com.br/product/237303781/15973528629","pesquisar_marketplaces","Nenhum produto equivalente com link afiliado confirmado foi encontrado no catalogo.","0","","","","0"
"1411","Limpa Tênis Limpeza A Seco Espuma Limpadora","shopee","https://shopee.com.br/product/375329375/9785686449","pesquisar_marketplaces","Nenhum produto equivalente com link afiliado confirmado foi encontrado no catalogo.","0","","","","0"
"1412","K-STAR-Grande Caixa De Armazenamento De Plástico Com Rodas, Lado Aberto, Vestiário Dobrável Com Tampa, Compartimento De Luva, Drop Shopping","outro","https://pt.aliexpress.com/item/1005004225877883.html","pesquisar_marketplaces","Nenhum produto equivalente com link afiliado confirmado foi encontrado no catalogo.","0","","","","0"
"1413","Caminha Pet Cachorro Gato tamanho P M G lindas estampas + Ossinho","shopee","https://shopee.com.br/Caminha-Pet-Cachorro-Gato-tamanho-P-M-G-lindas-estampas-Ossinho-de-brinde-i.469165245.11852403122","pesquisar_marketplaces","Nenhum produto equivalente com link afiliado confirmado foi encontrado no catalogo.","0","","","","0"
"1414","Elétrico 12 Modos VentosaA Vácuo Massageador Corporal Guasha EMS Queimador De Gordura","shopee","https://shopee.com.br/product/431675185/17549597024","pesquisar_marketplaces","Nenhum produto equivalente com link afiliado confirmado foi encontrado no catalogo.","0","","","","0"
"1416","Deformação mesa de jantar net vermelho multifuncional multi-camada dobrável flor suporte de mesa variável varanda rack de cabeceira","outro","https://pt.aliexpress.com/item/1005003581237018.html","pesquisar_marketplaces","Nenhum produto equivalente com link afiliado confirmado foi encontrado no catalogo.","0","","","","0"
"1417","Bolinho fazendo artefato em forma de crescente do agregado familiar bolinho que faz a ferramenta automática e conveniente preguiçoso extravagante bolinho que faz o molde","outro","https://pt.aliexpress.com/item/1005003224253921.html","pesquisar_marketplaces","Nenhum produto equivalente com link afiliado confirmado foi encontrado no catalogo.","0","","","","0"
"1418","Cama inflável automática do lazer de Youpin, coisas preguiçosas, cama dobrável portátil do curso para o escritório, acampamento CS1, carga 150kg","outro","https://pt.aliexpress.com/item/1005003933134584.html","pesquisar_marketplaces","Nenhum produto equivalente com link afiliado confirmado foi encontrado no catalogo.","0","","","","0"
"1419","Móveis De Madeira Maciça Multicolor Creme Reparo De Arranhões Tinta De Enchimento De Piso","shopee","https://shopee.com.br/product/184009353/12374245164","pesquisar_marketplaces","Nenhum produto equivalente com link afiliado confirmado foi encontrado no catalogo.","0","","","","0"
"1420","Transparente Double Door Folding Storage Cabinet, quarto, roupas, diversos, brinquedos, lanches, caixa de classificação, mesa de cabeceira, casa","outro","https://pt.aliexpress.com/item/1005004033028490.html","pesquisar_marketplaces","Nenhum produto equivalente com link afiliado confirmado foi encontrado no catalogo.","0","","","","0"
"1423","Varal Cabide Aço Espiral 2 Metros Secagem Toalha Lençol Pratico Aço Inox","shopee","https://shopee.com.br/Varal-Cabide-Aço-Espiral-2-Metros-Secagem-Toalha-Lençol-Pratico-Aço-Inox-i.553638546.17425643682","pesquisar_marketplaces","Nenhum produto equivalente com link afiliado confirmado foi encontrado no catalogo.","0","","","","0"
"1424","Sublue elétrica 520w subaquática mar scooter 3.36mph duplo thruster 131ft equipamento de mergulho whiteshark mix para piscinas de mar","outro","https://pt.aliexpress.com/item/1005003742714348.html","pesquisar_marketplaces","Nenhum produto equivalente com link afiliado confirmado foi encontrado no catalogo.","0","","","","0"
"1426","Prateleira de vaso sanitário sem socos na parede acima do artefato de armazenamento de vaso sanitário","shopee","https://shopee.com.br/product/485273085/7595937426","pesquisar_marketplaces","Nenhum produto equivalente com link afiliado confirmado foi encontrado no catalogo.","0","","","","0"
"1427","Cama dobrável ultraleve para barraca, viagem, escritório, caminhadas, acampamento, soneca, almoço, siesta, cama berço, portátil, cadeira ajustável, reclinável, ao ar livre","outro","https://pt.aliexpress.com/item/1005002666108937.html","pesquisar_marketplaces","Nenhum produto equivalente com link afiliado confirmado foi encontrado no catalogo.","0","","","","0"
"1428","Foldable Portable Shopping Bag Travel Storage Bag Shoulder Bag Large Thickened Grocery Bag","shopee","https://shopee.com.br/product/536414570/11457180840","pesquisar_marketplaces","Nenhum produto equivalente com link afiliado confirmado foi encontrado no catalogo.","0","","","","0"
"1429","Ralo Click Inteligente 10x10 Cm Inox Banheiro Veda Cheiro","shopee","https://shopee.com.br/Ralo-Click-Inteligente-10x10-Cm-Inox-Banheiro-Veda-Cheiro-i.318530459.6659238139","pesquisar_marketplaces","Nenhum produto equivalente com link afiliado confirmado foi encontrado no catalogo.","0","","","","0"
"1430","Indoor Plant Stand, Flower Stand Shelf, em pé Flower Rack, decoração varanda, decoração ao ar livre","outro","https://pt.aliexpress.com/item/32957493349.html","pesquisar_marketplaces","Nenhum produto equivalente com link afiliado confirmado foi encontrado no catalogo.","0","","","","0"
"1431","Pazful12 Aspirador De Pó ElétricoEscova Ajustável Para Limpeza Doméstica","shopee","https://shopee.com.br/Pazful12-Aspirador-De-Pó-Elétrico-Escova-Ajustável-Para-Limpeza-Doméstica-i.431649470.20412642659","pesquisar_marketplaces","Nenhum produto equivalente com link afiliado confirmado foi encontrado no catalogo.","0","","","","0"
"1432","Ita 1 Conjunto De Rack Ajustável De Armazenamento De Armário De Cozinha Pia Do Banheiro Rack De Armazenamento Rack Telescópica","shopee","https://shopee.com.br/Ita-1-Conjunto-De-Rack-Ajustável-De-Armazenamento-De-Armário-De-Cozinha-Pia-Do-Banheiro-Rack-De-Armazenamento-Rack-Telescópica-i.297832931.11427814287","pesquisar_marketplaces","Nenhum produto equivalente com link afiliado confirmado foi encontrado no catalogo.","0","","","","0"
"1433","Mini tubo de jardim portátil mangueira carretel carrinho com pistola de pulverização de água conjunto de armazenamento de casa agrícola jardim terno carrinho de lavagem de carro mangueira","outro","https://pt.aliexpress.com/item/4000160667651.html","pesquisar_marketplaces","Nenhum produto equivalente com link afiliado confirmado foi encontrado no catalogo.","0","","","","0"
"1434","Tecido respirável preguiçoso sofá-cama, Folding Sleeper, Leisure Recliner, Single Living Room Lounge Chair, WF1031","outro","https://pt.aliexpress.com/item/1005001682349181.html","pesquisar_marketplaces","Nenhum produto equivalente com link afiliado confirmado foi encontrado no catalogo.","0","","","","0"
"1435","BRFLAMEER2 Foot Scrubber Fácil De Armazenar Melhor Circulação Pé Massager Tapete De Banho","shopee","https://shopee.com.br/product/236967664/15533320624","pesquisar_marketplaces","Nenhum produto equivalente com link afiliado confirmado foi encontrado no catalogo.","0","","","","0"
"1436","2023 Flash Sale Lavagem Sem Fio Vacuum Cleaner Water Mop Cleaner Elétrica Dry Wet Mi Vacuum Mop Home Floor Washer For Machine","outro","https://pt.aliexpress.com/item/1005002107831184.html","pesquisar_marketplaces","Nenhum produto equivalente com link afiliado confirmado foi encontrado no catalogo.","0","","","","0"
"1437","Limpador Magnético De Vidros Aquários Janelas Limpeza Vidro","shopee","https://shopee.com.br/Limpador-Magnético-De-Vidros-Aquários-Janelas-Limpeza-Vidro-i.444300037.14548935347","pesquisar_marketplaces","Nenhum produto equivalente com link afiliado confirmado foi encontrado no catalogo.","0","","","","0"
"1439","Meias magras de compressão para mulheres, varizes, queima de calorias gordas, fogão para pernas, ferramenta para cuidados com os pés","outro","https://pt.aliexpress.com/item/1005003457451456.html","pesquisar_marketplaces","Nenhum produto equivalente com link afiliado confirmado foi encontrado no catalogo.","0","","","","0"
"1440","Nova capa de teclado para iPad para 10.2 com TouchPad, iPad 9ª-8ª-7ª geração, iPad Air 3, Pro 10,5 polegadas, 7 cores retroiluminado, 360 ° giratório, teclado Bluetooth Função Sleep Wake","amazon","https://www.amazon.com.br/dp/B09V2J942Y","pesquisar_marketplaces","Nenhum produto equivalente com link afiliado confirmado foi encontrado no catalogo.","0","","","","0"
"1441","Guarda Chuva Invertido Sombrinha Abre Fecha ao Contrário Duplo Tecido Impermeável","shopee","https://shopee.com.br/Guarda-Chuva-Invertido-Sombrinha-Abre-Fecha-ao-Contrário-Duplo-Tecido-Várias-Cores-i.341107099.8113406060","pesquisar_marketplaces","Nenhum produto equivalente com link afiliado confirmado foi encontrado no catalogo.","0","","","","0"
"1442","Válvula angular para torneira dupla + bidê em aço inoxidável + mangueira de 1,5 m + assento de parede","shopee","https://shopee.com.br/Válvula-angular-para-torneira-dupla-bidê-em-aço-inoxidável-mangueira-de-1-5-m-assento-de-parede-i.263073377.9342202774","pesquisar_marketplaces","Nenhum produto equivalente com link afiliado confirmado foi encontrado no catalogo.","0","","","","0"
"1444","Luminária abajur de mesa estilo 3D 3 OPÇÕES DE ILUMINAÇÃO","shopee","https://shopee.com.br/Luminária-abajur-de-mesa-estilo-3D-3-OPÇÕES-DE-ILUMINAÇÃO-MODELOS-Torre-de-Paris-ursinho-carinhoso-balão-roda-gigante-Violão-amar-ATACADO-i.389913758.19928804992","pesquisar_marketplaces","Nenhum produto equivalente com link afiliado confirmado foi encontrado no catalogo.","0","","","","0"
"1445","Relogio Projetor Multifuncional Despertador Alarme Temperatura Digital Tela LED De Mesa","shopee","https://shopee.com.br/Relogio-Projetor-Multifuncional-Despertador-Alarme-Temperatura-Digital-Tela-LED-De-Mesa-i.738995843.16455865421","pesquisar_marketplaces","Nenhum produto equivalente com link afiliado confirmado foi encontrado no catalogo.","0","","","","0"
"1446","Rack Estante Banheiro Lavanderia Prateleira Organizador Casa","shopee","https://shopee.com.br/product/595479335/14401813916","pesquisar_marketplaces","Nenhum produto equivalente com link afiliado confirmado foi encontrado no catalogo.","0","","","","0"
"1447","Silicone Tampa Do Pé Da Cadeira Mudo Silicone Engrossado Mesa Mobiliário Pé Tampa","shopee","https://shopee.com.br/Silicone-Tampa-Do-Pé-Da-Cadeira-Mudo-Silicone-Engrossado-Mesa-Mobiliário-Pé-Tampa-i.426797398.8188679981","pesquisar_marketplaces","Nenhum produto equivalente com link afiliado confirmado foi encontrado no catalogo.","0","","","","0"
"1448","Escova De Banho Para Esfoliar Lava Costas Corpo Silicone Banda Massageadora Bucha Esfoliação Corpo Todo","shopee","https://shopee.com.br/Escova-De-Banho-Para-Esfoliar-Lava-Costas-Corpo-Silicone-Banda-Massageadora-Bucha-Esfoliação-Corpo-Todo-i.444300037.18307180814","pesquisar_marketplaces","Nenhum produto equivalente com link afiliado confirmado foi encontrado no catalogo.","0","","","","0"
"1450","[BRALMENCLA] Cute Lunch Box BPA-Free with Handle Microwaveable Bento Box for Picnic Kids Adults","shopee","https://shopee.com.br/-BRALMENCLA-Cute-Lunch-Box-BPA-Free-with-Handle-Microwaveable-Bento-Box-for-Picnic-Kids-Adults-i.238357492.15743594664","pesquisar_marketplaces","Nenhum produto equivalente com link afiliado confirmado foi encontrado no catalogo.","0","","","","0"
"1451","Mini Máquina De Lavar Portátil Ultrassônica Lavanderia Branco USB - Envio Rapido","shopee","https://shopee.com.br/Mini-Máquina-De-Lavar-Portátil-Ultrassônica-Lavanderia-Branco-USB-Envio-Rapido-i.727124919.13683683280","pesquisar_marketplaces","Nenhum produto equivalente com link afiliado confirmado foi encontrado no catalogo.","0","","","","0"
"1452","12 pçs portátil viagem janela porta de segurança alarme entrada defesa intruder alarme 100db lanterna para casa escritório apartamento hotel","outro","https://pt.aliexpress.com/item/1005003773018666.html","pesquisar_marketplaces","Nenhum produto equivalente com link afiliado confirmado foi encontrado no catalogo.","0","","","","0"
"1453","Gaveta Adesiva Auto-Adesivo Para ArmazenamentoSob A MesaEstojoChaveOrganizadorControle EscondidoCaixa De Espaço","shopee","https://shopee.com.br/product/359390626/18817928156","pesquisar_marketplaces","Nenhum produto equivalente com link afiliado confirmado foi encontrado no catalogo.","0","","","","0"
"1454","capa para cadeira impermeável Engrossado Cadeira Cobre Jacquard À Prova D_água Estiramento Elastic Spandex Tampa Da De Jantar Cozinha Animais De Estimação Crianças Mobiliário Protector Covers Para","shopee","https://shopee.com.br/product/694520316/21120528409","pesquisar_marketplaces","Nenhum produto equivalente com link afiliado confirmado foi encontrado no catalogo.","0","","","","0"
"1455","3 PEÇAS Painel Placa Para Parede E Piso Chão Auto Adesivo 30cm x 30cm Impermeável Mármore Várias Estampas","shopee","https://shopee.com.br/product/372762135/12083755689","pesquisar_marketplaces","Nenhum produto equivalente com link afiliado confirmado foi encontrado no catalogo.","0","","","","0"
"1456","Armários de sapato moderno corredor vertical armazenamento plástico sapato rack organizador entrada dobrável armários sala estar","outro","https://pt.aliexpress.com/item/1005004438187270.html","pesquisar_marketplaces","Nenhum produto equivalente com link afiliado confirmado foi encontrado no catalogo.","0","","","","0"
"1457","Joybos-esfregão giratório com balde, mão livre, aperto, separação automática, esfregões planos, limpeza do piso, almofadas de microfibra laváveis","outro","https://pt.aliexpress.com/item/1005003532856716.html","pesquisar_marketplaces","Nenhum produto equivalente com link afiliado confirmado foi encontrado no catalogo.","0","","","","0"
"1458","Papel De Parede Adesivo Alumínio 3D Para Cozinha Pia Banheiro Lavável Com Textura 1mx61cm","shopee","https://shopee.com.br/4-Prendedores-De-Lençol-Colchão-Elástico-Prático-i.317292347.13231252527","pesquisar_marketplaces","Nenhum produto equivalente com link afiliado confirmado foi encontrado no catalogo.","0","","","","0"
"1459","Escova Com Dentes De Silicone Para Cabelos e Massagem Corporal","shopee","https://shopee.com.br/Escova-Com-Dentes-De-Silicone-Para-Cabelos-e-Massagem-Corporal-i.319405956.11633147395","pesquisar_marketplaces","Nenhum produto equivalente com link afiliado confirmado foi encontrado no catalogo.","0","","","","0"
"1460","Cortina Blackout Com Ventosas Para Janela Sala De Estar , Quarto , Cozinha , Escritório","shopee","https://shopee.com.br/Cortina-Blackout-Com-Ventosas-Para-Janela-Sala-De-Estar-Quarto-Cozinha-Escritório-i.732192524.17535427418","pesquisar_marketplaces","Nenhum produto equivalente com link afiliado confirmado foi encontrado no catalogo.","0","","","","0"
"1461","Prateleira Organizadora cozinha, sala, Banheiro, Nicho Revisteiro, temperos condimentos.","shopee","https://shopee.com.br/Prateleira-Organizadora-cozinha-sala-Banheiro-Nicho-Revisteiro-temperos-condimentos.-i.379691997.14824581916","pesquisar_marketplaces","Nenhum produto equivalente com link afiliado confirmado foi encontrado no catalogo.","0","","","","0"
"1462","Mini Microfone Estéreo Digital de 3,5mm para PC  Notebook Gravador de Celular","shopee","https://shopee.com.br/Mini-Microfone-Estéreo-Digital-de-3-5mm-para-PC-Notebook-Gravador-de-Celular-i.378486098.10710146761","pesquisar_marketplaces","Nenhum produto equivalente com link afiliado confirmado foi encontrado no catalogo.","0","","","","0"
"1463","Adaptador de Tomada Articulado Benjamin Adaptador Universal Tomada 2 e 3 Polos Cinza Para Colocar atrás da Estante Sofá Rack","shopee","https://shopee.com.br/Adaptador-de-Tomada-Articulado-Benjamin-Adaptador-Universal-Tomada-2-e-3-Polos-Cinza-Para-Colocar-atrás-da-Estante-Sofá-Rack-i.340563101.11753870116","pesquisar_marketplaces","Nenhum produto equivalente com link afiliado confirmado foi encontrado no catalogo.","0","","","","0"
"1464","2 Peças Tampa Da Válvula Do Aro Pneu Roda Carro Luminosa Haste À Prova D_água E Poeira Adequado Para Acessórios Motocicleta","shopee","https://shopee.com.br/2-Peças-Tampa-Da-Válvula-Do-Aro-Pneu-Roda-Carro-Luminosa-Haste-À-Prova-D'água-E-Poeira-Adequado-Para-Acessórios-Motocicleta-i.617186680.16251320938","pesquisar_marketplaces","Nenhum produto equivalente com link afiliado confirmado foi encontrado no catalogo.","0","","","","0"
"1465","Original Duka Little Q Régua Eletrônica Fita Superfície Curva Régua De Medição Hd Tela Lcd Longa Espera Recarregável","shopee","https://shopee.com.br/Original-Duka-Little-Q-Régua-Eletrônica-Fita-Superfície-Curva-Régua-De-Medição-Hd-Tela-Lcd-Longa-Espera-Recarregável-i.468767393.9067814505","pesquisar_marketplaces","Nenhum produto equivalente com link afiliado confirmado foi encontrado no catalogo.","0","","","","0"
"1466","Kit De Limpeza Do Limpador Para Airpods Pro 1 2 earbuds Escova Caneta Fones De Ouvido Bluetooth Caso De Ferramentas Huawei Samsung MI","shopee","https://shopee.com.br/Kit-De-Limpeza-Do-Limpador-Para-Airpods-Pro-1-2-earbuds-Escova-Caneta-Fones-De-Ouvido-Bluetooth-Caso-De-Ferramentas-Huawei-Samsung-MI-i.656074310.16301897583","pesquisar_marketplaces","Nenhum produto equivalente com link afiliado confirmado foi encontrado no catalogo.","0","","","","0"
"1467","Torneira Cromada para Maquina de Lavar e Tanque 2 Saídas Abs Lavanderia 14v","shopee","https://shopee.com.br/Torneira-Tanque-Maquina-Lavar-2-Saídas-Abs-Cromado-1-4v-cod125-i.412425678.8159128229","pesquisar_marketplaces","Nenhum produto equivalente com link afiliado confirmado foi encontrado no catalogo.","0","","","","0"
"1468","Tela De Janela Substituta 5cmx 2m Remendo De Reparo Antimosquito","shopee","https://shopee.com.br/Tela-De-Janela-Substituta-5cmx-2m-Remendo-De-Reparo-Antimosquito-i.448131928.8278387834","pesquisar_marketplaces","Nenhum produto equivalente com link afiliado confirmado foi encontrado no catalogo.","0","","","","0"
"1469","Rack Banheiro Estante Prateleira sobre vaso sanitario Metal Organizador Toalete Varanda","shopee","https://shopee.com.br/product/311962378/6463194423","pesquisar_marketplaces","Nenhum produto equivalente com link afiliado confirmado foi encontrado no catalogo.","0","","","","0"
"1470","Organizador Porta Maquiagem Removível Com Gaveta Espelho Led","shopee","https://shopee.com.br/Organizador-Porta-Maquiagem-Removível-Com-Gaveta-Espelho-Led-i.405557873.3070896767","pesquisar_marketplaces","Nenhum produto equivalente com link afiliado confirmado foi encontrado no catalogo.","0","","","","0"
"1471","Cleaning Cloths NanoScale Streak-Free Miracle Kitchen Housekeeping Home Care Supplies","shopee","https://shopee.com.br/product/301328307/9267147793","pesquisar_marketplaces","Nenhum produto equivalente com link afiliado confirmado foi encontrado no catalogo.","0","","","","0"
"1472","Mini Máquina De Lavar Roupa 2.8L Portátil Dobrável Calcinha Para Casa Meias Roupas De Bebê Limpeza Viagem Presente De Feriado","shopee","https://shopee.com.br/Mini-Máquina-De-Lavar-Roupa-110V-2.8L-Portátil-Dobrável-Calcinha-Para-Casa-Meias-Roupas-De-Bebê-Limpeza-Viagem-Presente-De-Feriado-i.691451735.12481734417","pesquisar_marketplaces","Nenhum produto equivalente com link afiliado confirmado foi encontrado no catalogo.","0","","","","0"
"1473","Papel De Parede Quente Para Quarto  Teto  Teto  Placa Auto-Adesivo Para Papel De Parede Decorativo","shopee","https://shopee.com.br/Papel-De-Parede-Quente-Para-Quarto-Teto-Teto-Placa-Auto-Adesivo-Para-Papel-De-Parede-Decorativo-i.412809126.6495275646","pesquisar_marketplaces","Nenhum produto equivalente com link afiliado confirmado foi encontrado no catalogo.","0","","","","0"
"1474","Lrvi Tapete Semi-Circle Capacho De Porta Antiderrapante Com Estampa De Mármore Meia Lua Em Pvc,30X60Cm","shopee","https://shopee.com.br/Lrvi-Tapete-Semi-Circle-Capacho-De-Porta-Antiderrapante-Com-Estampa-De-Mármore-Meia-Lua-Em-Pvc-30X60Cm-i.463718943.10958507348","pesquisar_marketplaces","Nenhum produto equivalente com link afiliado confirmado foi encontrado no catalogo.","0","","","","0"
"1475","Formas De Silicone Para Geladinho E Sorvete Comtac Kids 4095","shopee","https://shopee.com.br/Formas-De-Silicone-Para-Geladinho-E-Sorvete-Comtac-Kids-4095-i.634332352.14749228829","pesquisar_marketplaces","Nenhum produto equivalente com link afiliado confirmado foi encontrado no catalogo.","0","","","","0"
"1476","Mosquiteiro Tipo Tenda Casal 1.5cm2.0cm 1.8cmX2.0cm","shopee","https://shopee.com.br/Mosquiteiro-Tipo-Tenda-Casal-1.5cm*2.0cm-1.8cmX2.0cm-i.399754171.9489648659","pesquisar_marketplaces","Nenhum produto equivalente com link afiliado confirmado foi encontrado no catalogo.","0","","","","0"
"1477","2 Unidades Almofada Protetora De Calcanhar Para Sapatos Auto-adesiva","shopee","https://shopee.com.br/2-Unidades-Almofada-Protetora-De-Calcanhar-Para-Sapatos-Auto-adesiva-i.306723885.3491215455","pesquisar_marketplaces","Nenhum produto equivalente com link afiliado confirmado foi encontrado no catalogo.","0","","","","0"
"1478","Lousa Mágica Tela Lcd Tablet Infantil De Escrever E Desenhar 8.5 Polegadas e 10.5 Polegadas JORGER","shopee","https://shopee.com.br/Lousa-Mágica-Tela-Lcd-Tablet-Infantil-De-Escrever-E-Desenhar-8.5-Polegadas-e-10.5-Polegadas-JORGER-i.410705973.19205985975","pesquisar_marketplaces","Nenhum produto equivalente com link afiliado confirmado foi encontrado no catalogo.","0","","","","0"
"1479","50 M  Rolo Adesivo Decorativo De Azulejo  Piso À Prova D _Água","shopee","https://shopee.com.br/50-M-Rolo-Adesivo-Decorativo-De-Azulejo-Piso-À-Prova-D-'Água-i.264979449.9635201822","pesquisar_marketplaces","Nenhum produto equivalente com link afiliado confirmado foi encontrado no catalogo.","0","","","","0"
"1480","Protetor De Sapato De Silicone Impermeável Para Chuva Clink","shopee","https://shopee.com.br/Protetor-De-Sapato-De-Silicone-Impermeável-Para-Chuva-Clink-i.422091857.14020287046","pesquisar_marketplaces","Nenhum produto equivalente com link afiliado confirmado foi encontrado no catalogo.","0","","","","0"
"1481","Capa Elástica Para Cozinha CadeirasLã Tecido Jacquard (1 pedaço)","shopee","https://shopee.com.br/Capa-Elástica-Para-Cozinha-Cadeiras-Lã-Tecido-Jacquard-i.419589070.15265153875","pesquisar_marketplaces","Nenhum produto equivalente com link afiliado confirmado foi encontrado no catalogo.","0","","","","0"
"1482","Massageador Elétrico Portatil Profissional Muscular Relaxamento Pistola Original Massagem Gun Academia","shopee","https://shopee.com.br/Massageador-Elétrico-Portatil-Profissional-Muscular-Relaxamento-Pistola-Original-Massagem-Gun-Academia-i.444300037.16304714835","pesquisar_marketplaces","Nenhum produto equivalente com link afiliado confirmado foi encontrado no catalogo.","0","","","","0"
"1483","Porta Comprimido Cápsula Remédio Digital C Alarme 4 espaços","shopee","https://shopee.com.br/Porta-Comprimido-Cápsula-Remédio-Digital-C-Alarme-4-espaços-i.341055062.16416891374","pesquisar_marketplaces","Nenhum produto equivalente com link afiliado confirmado foi encontrado no catalogo.","0","","","","0"
"1484","Nano Névoa Facial Elétrica Profissional Pulverizador De Vaporizador De Vaporizador Nano Névoa Spray","shopee","https://shopee.com.br/Nano-Névoa-Facial-Elétrica-Profissional-Pulverizador-De-Vaporizador-De-Vaporizador-Nano-Névoa-Spray-i.293029340.3886809777","pesquisar_marketplaces","Nenhum produto equivalente com link afiliado confirmado foi encontrado no catalogo.","0","","","","0"
"1485","Sapateira de Nivel, Prateleira Moderna para Organizacao","shopee","https://shopee.com.br/Sapateira-de-Nivel-Prateleira-Moderna-para-Organizacao-i.283760455.13129300565","pesquisar_marketplaces","Nenhum produto equivalente com link afiliado confirmado foi encontrado no catalogo.","0","","","","0"
"1487","Suporte de alumínio dobrável para celular, Mini Suporte de telefone invisível e ajustável","shopee","https://shopee.com.br/Mini-Suporte-dobravel-Para-Celular-Pratico-Portatil-i.345636454.14059410671","pesquisar_marketplaces","Nenhum produto equivalente com link afiliado confirmado foi encontrado no catalogo.","0","","","","0"
"1488","1pç Copo Squeeze De Gelo De Verão Portátil Copo De Frozen Rápida Copo Slushy Slushie","shopee","https://shopee.com.br/1pç-Copo-Squeeze-De-Gelo-De-Verão-Portátil-Copo-De-Frozen-Rápida-Copo-Slushy-Slushie-i.266760631.11526629179","pesquisar_marketplaces","Nenhum produto equivalente com link afiliado confirmado foi encontrado no catalogo.","0","","","","0"
"1490","Ralo De Chão De Aço Inoxidável Filtro De Malha Anti-CologColetor De Vazamento De CabeloBanheira","shopee","https://shopee.com.br/Ralo-De-Chão-De-Aço-Inoxidável-Filtro-De-Malha-Anti-Colog-Coletor-De-Vazamento-De-Cabelo-Banheira-i.237278536.16673697934","pesquisar_marketplaces","Nenhum produto equivalente com link afiliado confirmado foi encontrado no catalogo.","0","","","","0"
"1491","Puxador De Metal Universal Com Zíper","shopee","https://shopee.com.br/Puxador-De-Metal-Universal-Com-Zíper-i.237279032.11544065995","pesquisar_marketplaces","Nenhum produto equivalente com link afiliado confirmado foi encontrado no catalogo.","0","","","","0"
"1492","NEATHOME Prateleira Organizadora De Banheiro De Canto 2022 Sem Costura Dobrável Perfuração","shopee","https://shopee.com.br/NEATHOME-Prateleira-Organizadora-De-Banheiro-De-Canto-2022-Sem-Costura-Dobrável-Perfuração-i.431542020.19513172979","pesquisar_marketplaces","Nenhum produto equivalente com link afiliado confirmado foi encontrado no catalogo.","0","","","","0"
"1493","ELEGANT 1 Rolo Linha De Aparar Parede De Canto DIY Cintura Baseboard 5 Mármore Grãos À Prova D_água Decoração De Casa Papel Corte Livre Adesivo","shopee","https://shopee.com.br/Elegante-5-M-Rodapé-Moda-Adesivos-De-Parede-Linha-De-Guarnição-Da-Impermeável-Home-Decor-Peel-Stick-Canto-Cintura-i.404576446.14587000811","pesquisar_marketplaces","Nenhum produto equivalente com link afiliado confirmado foi encontrado no catalogo.","0","","","","0"
"1494","Suporte Porta Rolo Toalha Aluminio Filme Cozinha 3 X 1 Papel","shopee","https://shopee.com.br/Suporte-Porta-Rolo-Toalha-Aluminio-Filme-Cozinha-3-X-1-Papel-i.349219205.7578918149","pesquisar_marketplaces","Nenhum produto equivalente com link afiliado confirmado foi encontrado no catalogo.","0","","","","0"
"1495","northvotescastsuper 12pcs Esponja Facial Puff Face Wash Comprimido Bastão De Limpeza Pele","shopee","https://shopee.com.br/northvotescastsuper-12pcs-Facial-Sponge-Puff-Face-Wash-Compressed-Cleaning-Stick-Cleansing-Pad-Skin-NVCS-i.280850061.13793636657","pesquisar_marketplaces","Nenhum produto equivalente com link afiliado confirmado foi encontrado no catalogo.","0","","","","0"
"1496","4pcs Divisória Para Partição De Geladeira De Armazenamento Combinação DIYOrganizador Divisor","shopee","https://shopee.com.br/4pcs-Divisória-Para-Partição-De-Geladeira-De-Armazenamento-Combinação-DIY-Organizador-Divisor-i.332313468.17121875346","pesquisar_marketplaces","Nenhum produto equivalente com link afiliado confirmado foi encontrado no catalogo.","0","","","","0"
"1498","Prateleira Para Armazenar Armários DomésticosDe CozinhaCanto Em Camadas","shopee","https://shopee.com.br/Prateleira-Para-Armazenar-Armários-Domésticos-De-Cozinha-Canto-Em-Camadas-i.778897709.16575352399","pesquisar_marketplaces","Nenhum produto equivalente com link afiliado confirmado foi encontrado no catalogo.","0","","","","0"
"1499","Organizador MultiusoSaco Embalagem P-M-G Com ZíperOrganizador De Guarda Roupa Saco De Pó Multifuncional Com Impressão De Alça","shopee","https://shopee.com.br/Organizadores-Organizador-Multiuso-com-Zíper-Saco-de-pó-multifuncional-com-impressão-de-alça-organizador-de-guarda-roupa-i.359389982.17824572882","pesquisar_marketplaces","Nenhum produto equivalente com link afiliado confirmado foi encontrado no catalogo.","0","","","","0"
"1500","Mini Multifuncional Caixa De Armazenamento 60 W Cabo De Dados USB Carregamento Rápido Digital Gadget Eletrônico Conjunto De Cartões De Pino","shopee","https://shopee.com.br/Mini-Multifuncional-Caixa-De-Armazenamento-60-W-Cabo-De-Dados-USB-Carregamento-Rápido-Digital-Gadget-Eletrônico-Conjunto-De-Cartões-De-Pino-i.255608715.20100917204","pesquisar_marketplaces","Nenhum produto equivalente com link afiliado confirmado foi encontrado no catalogo.","0","","","","0"
"1508","Bolsa De Cintura Pacotes De Sacos De Desporto Para Corrida Caminhada Viagem","shopee","https://shopee.com.br/Bolsa-De-Cintura-Pacotes-De-Sacos-De-Desporto-Para-Corrida-Caminhada-Viagem-i.503103146.15003677477","pesquisar_marketplaces","Nenhum produto equivalente com link afiliado confirmado foi encontrado no catalogo.","0","","","","0"
"1519","Varal Retratil Ajustavel Pratico Banheiro Lavanderia 2,8 Metros Inox Seca Lsy02 Luuk Young","shopee","https://shopee.com.br/Varal-Retratil-Ajustavel-Pratico-Banheiro-Lavanderia-2-8-Metros-Inox-Seca-Lsy02-Luuk-Young-i.290948553.9078086582","pesquisar_marketplaces","Nenhum produto equivalente com link afiliado confirmado foi encontrado no catalogo.","0","","","","0"
"1520","HOTWIND Bluetooth-compatible Remote Control Type-C Charging Wireless Controller For Android IOS","shopee","https://shopee.com.br/HOTWIND-Controle-Remoto-Bluetooth-compatible-Tipo-C-Carregamento-Sem-Fio-TikTok-Selfie-Vídeo-Mini-Controlador-Atual-D8R8-i.242908589.18807058511","pesquisar_marketplaces","Nenhum produto equivalente com link afiliado confirmado foi encontrado no catalogo.","0","","","","0"
"1521","Sharprepublic2 3-freg  Frigideira De Ovo Com Pedra Antiaderente  Frito  Ovo De Hamburguer  Panela Para Cozinha  Casa","shopee","https://shopee.com.br/Sharprepublic2-3-freg-Frigideira-De-Ovo-Com-Pedra-Antiaderente-Frito-Ovo-De-Hamburguer-Panela-Para-Cozinha-Casa-i.238367558.9693616287","pesquisar_marketplaces","Nenhum produto equivalente com link afiliado confirmado foi encontrado no catalogo.","0","","","","0"
"1522","cabide de armazenamento multi função de armazenamento bolsa de suspensão rack titular gancho saco de 360 graus de rotação organizador do armário","shopee","https://shopee.com.br/cabide-de-armazenamento-multi-função-de-armazenamento-bolsa-de-suspensão-rack-titular-gancho-saco-de-360-graus-de-rotação-organizador-do-armário-i.283773653.14311919852","pesquisar_marketplaces","Nenhum produto equivalente com link afiliado confirmado foi encontrado no catalogo.","0","","","","0"
"1523","Farol Bike Lanterna Traseira LED USB Recarregável à Prova D_água Para Bicicleta","shopee","https://shopee.com.br/Farol-Bike-Lanterna-Traseira-LED-USB-Recarregável-à-Prova-D'água-Para-Bicicleta-i.252609963.8547445613","pesquisar_marketplaces","Nenhum produto equivalente com link afiliado confirmado foi encontrado no catalogo.","0","","","","0"
"1524","Adaptador  Conversor De Viagem 4 Entradas Usb Tipo C Universal Us Uk Eu Au","shopee","https://shopee.com.br/product/238361000/5841413315","pesquisar_marketplaces","Nenhum produto equivalente com link afiliado confirmado foi encontrado no catalogo.","0","","","","0"
"1525","suporte de plástico adesivo tipo prateleira- saz utilidades 14.5 x 13.5 x 33cm UNIDADE","shopee","https://shopee.com.br/suporte-de-plástico-adesivo-tipo-prateleira-saz-utilidades-14.5-x-13.5-x-33cm-unidade-i.582427978.17170830540","pesquisar_marketplaces","Nenhum produto equivalente com link afiliado confirmado foi encontrado no catalogo.","0","","","","0"
"1526","Joelheira Fitness Ajustável Esportiva Compressão Leve CorridaBike","shopee","https://shopee.com.br/Joelheira-Fitness-Ajustável-Esportiva-Compressão-Leve-CorridaBike-i.316461715.11083022780","pesquisar_marketplaces","Nenhum produto equivalente com link afiliado confirmado foi encontrado no catalogo.","0","","","","0"
"1527","Escova De Silicone Vaso Sanitário Base Para Banheiro Privada Com Suporte","shopee","https://shopee.com.br/product/303546236/16940591135","pesquisar_marketplaces","Nenhum produto equivalente com link afiliado confirmado foi encontrado no catalogo.","0","","","","0"
"1528","Mini Suporte Prateleira Tv Para Monitor Receptor Antena Digital Plataforma Suporte Controle Modem Rack Grande","shopee","https://shopee.com.br/Mini-Prateleira-Tv-Monitor-Plataforma-Suporte-Controle-Modem-Rack-Grande-i.438076229.8796792528","pesquisar_marketplaces","Nenhum produto equivalente com link afiliado confirmado foi encontrado no catalogo.","0","","","","0"
"1529","Saboneteira – Saboneteira de parede multicamadas giratória, caixa de armazenamento para banheiro, cozinha, geladeira, parede, organizador doméstico","shopee","https://shopee.com.br/product/543352190/17973125748","pesquisar_marketplaces","Nenhum produto equivalente com link afiliado confirmado foi encontrado no catalogo.","0","","","","0"
"1530","SPA PORTATIL BANHEIRA INFLAVEL ADULTO TERMICA PORTATIL QUENTE PISCINA INFANTIL BANHEIRA BEBE PVC VIAGEM E CASA","shopee","https://shopee.com.br/SPA-PORTATIL-BANHEIRA-INFLAVEL-ADULTO-TERMICA-PORTATIL-QUENTE-PISCINA-INFANTIL-BANHEIRA-BEBE-PVC-VIAGEM-E-CASA-i.645648556.16800319454","pesquisar_marketplaces","Nenhum produto equivalente com link afiliado confirmado foi encontrado no catalogo.","0","","","","0"
"1531","Sapateira Safira Branca","amazon","https://www.amazon.com.br/Lojão-Das-Bicamas-Colchões-Sapateira/dp/B07BMZ3V3X","pesquisar_marketplaces","Nenhum produto equivalente com link afiliado confirmado foi encontrado no catalogo.","0","","","","0"
"1532","Capa Puff Gigante Sem Enchimento 200x80 Pufe Suede","shopee","https://shopee.com.br/Capa-Puff-Gigante-Sem-Enchimento-200x80-Pufe-Suede-i.433378305.9981439122","pesquisar_marketplaces","Nenhum produto equivalente com link afiliado confirmado foi encontrado no catalogo.","0","","","","0"
"1533","Mochila Bolsa Maternidade Térmica que vira Berço Multifunções Impermeável","shopee","https://shopee.com.br/product/252250963/8180995458","pesquisar_marketplaces","Nenhum produto equivalente com link afiliado confirmado foi encontrado no catalogo.","0","","","","0"
"1534","Kit 5 Sacos A Vacuo 60x50 Organizador Toalhas Roupas","shopee","https://shopee.com.br/Kit-5-Sacos-A-Vacuo-60x50-Organizador-Toalhas-Roupas-i.305095707.6096577722","revisao_conflito_video","O mesmo arquivo de video aparece associado a titulos de produtos diferentes.","0","","","","0"
"1535","Torneira Do Banheiro Com Flusher Conjunto De Bidet De Banheiro Conjunto De Spray De Bidet","shopee","https://shopee.com.br/Torneira-Do-Banheiro-Com-Flusher-Conjunto-De-Bidet-De-Banheiro-Conjunto-De-Spray-De-Bidet-i.263073377.3885899202","revisao_conflito_video","O mesmo arquivo de video aparece associado a titulos de produtos diferentes.","0","","","","0"
"1537","1 Par Piso Poeira Limpeza Mop Chinelos Loor Preguiçoso Pé Meias Mopping Sapatos Microfibra Dust Mops Tampa Absorvente Limpar Cobrir","shopee","https://shopee.com.br/1-Par-Piso-Poeira-Limpeza-Mop-Chinelos-Loor-Preguiçoso-Pé-Meias-Mopping-Sapatos-Microfibra-Dust-Mops-Tampa-Absorvente-Limpar-Cobrir-i.285429408.16935623851","pesquisar_marketplaces","Nenhum produto equivalente com link afiliado confirmado foi encontrado no catalogo.","0","","","","0"
"1539","Criativo multi-função sapato rack crianças sapatos criança piso suporte pendurado prateleira sapatos de secagem cabide rack salvar espaço organizador","outro","https://pt.aliexpress.com/item/1005004429027923.html","pesquisar_marketplaces","Nenhum produto equivalente com link afiliado confirmado foi encontrado no catalogo.","0","","","","0"
"1540","Auxiliar de Partida Multifuncional 12800mAh 12v Moto Carro KP-TC07A+","shopee","https://shopee.com.br/Auxiliar-de-Partida-Multifuncional-12800mAh-12v-Moto-Carro-KP-TC07A--i.539790794.15631000208","pesquisar_marketplaces","Nenhum produto equivalente com link afiliado confirmado foi encontrado no catalogo.","0","","","","0"
"1541","Tapete Absorvente Antiderrapante Para BanheiroPorta De Entrada","shopee","https://shopee.com.br/Tapete-Absorvente-Antiderrapante-Para-Banheiro-Porta-De-Entrada-i.230416497.21404888325","pesquisar_marketplaces","Nenhum produto equivalente com link afiliado confirmado foi encontrado no catalogo.","0","","","","0"
"1542","5 pces rubik cubo fezes combinação casa sofá pequeno banco de fezes empilhamento pode ser armazenado multi-função banco fezes cadeira","outro","https://pt.aliexpress.com/item/1005003252964601.html","pesquisar_marketplaces","Nenhum produto equivalente com link afiliado confirmado foi encontrado no catalogo.","0","","","","0"
"1544","Lata De Lixo De Parede Com Tampa Para Porta De Armário","shopee","https://shopee.com.br/Lata-De-Lixo-De-Parede-Com-Tampa-Para-Porta-De-Armário-i.675350408.15349616211","pesquisar_marketplaces","Nenhum produto equivalente com link afiliado confirmado foi encontrado no catalogo.","0","","","","0"
"1546","Caneta-tinteiro automática Oaso, Nib with a Bottle of Ink, 0,38mm","outro","https://pt.aliexpress.com/item/32953413044.html","pesquisar_marketplaces","Nenhum produto equivalente com link afiliado confirmado foi encontrado no catalogo.","0","","","","0"
"1547","Luminária de Mesa de LED 3D Criativa  Luz Noturna Decorativa urso","shopee","https://shopee.com.br/Luminária-de-Mesa-de-LED-3D-Criativa-Luz-Noturna-Decorativa-urso-i.469407057.10673459421","pesquisar_marketplaces","Nenhum produto equivalente com link afiliado confirmado foi encontrado no catalogo.","0","","","","0"
"1548","OATSBASF Mini Portátil Magnético 3 Em 1 Chaveiro De Cabo De Carregamento Para Android Tipo CMicro USBIphone Lightning","shopee","https://shopee.com.br/Otsbasf-Mini-Chaveiro-De-Carregador-Magnético-3-Em-1-Para-Android-Tipo-C-Micro-USB-Iphone-Relâmpago-i.296291933.3547285178","pesquisar_marketplaces","Nenhum produto equivalente com link afiliado confirmado foi encontrado no catalogo.","0","","","","0"
"1549","Animais de estimação bonitos dentro de 5kg outcropping para fora pet saco de lona portátil saco de armazenamento para animais de estimação","outro","https://pt.aliexpress.com/item/1005004068434222.html","pesquisar_marketplaces","Nenhum produto equivalente com link afiliado confirmado foi encontrado no catalogo.","0","","","","0"
"1550","Babyliss Sem Fio Modelador De Cachos Automático Profissional","shopee","https://shopee.com.br/product/612023227/13059073460","pesquisar_marketplaces","Nenhum produto equivalente com link afiliado confirmado foi encontrado no catalogo.","0","","","","0"
"1551","Mala de viagem dobrável leve de grande capacidade","shopee","https://shopee.com.br/Mala-de-viagem-dobrável-leve-de-grande-capacidade-ANJGG-i.391739739.15780662088","pesquisar_marketplaces","Nenhum produto equivalente com link afiliado confirmado foi encontrado no catalogo.","0","","","","0"
"1552","Rolo Removedor de pelos pet, Cachorro e gato Pet Rolo!","shopee","https://shopee.com.br/product/400366633/9483340315","pesquisar_marketplaces","Nenhum produto equivalente com link afiliado confirmado foi encontrado no catalogo.","0","","","","0"
"1553","Punch-Free Kitchen Spice Rack Organizer, único Rod, armazenamento de temperos rotativo, triagem prateleira, retrátil, 3 camadas, 1Pc","outro","https://pt.aliexpress.com/item/1005002891674596.html","pesquisar_marketplaces","Nenhum produto equivalente com link afiliado confirmado foi encontrado no catalogo.","0","","","","0"
"1554","Churrasqueira Inox Maleta Dobrável Portátil Com Grelha Pequena Leve Carvão","shopee","https://shopee.com.br/product/340672717/9037882581","pesquisar_marketplaces","Nenhum produto equivalente com link afiliado confirmado foi encontrado no catalogo.","0","","","","0"
"1555","COM OFERTA Fita Antiderrapante Autoadesiva Pisos Escorregadios Escada Banheiro Rampas 50x5m BESTFER","shopee","https://shopee.com.br/COM-OFERTA-Fita-Antiderrapante-Autoadesiva-Pisos-Escorregadios-Escada-Banheiro-Rampas-50x5m-BESTFER-i.441876138.10749594829","pesquisar_marketplaces","Nenhum produto equivalente com link afiliado confirmado foi encontrado no catalogo.","0","","","","0"
"1556","Caixa de armazenamento de armazenamento de armazenamento de armazenamento de armazenamento de armazenamento de armazenamento de plástico de dobramento transparente","outro","https://pt.aliexpress.com/item/1005004221360282.html","pesquisar_marketplaces","Nenhum produto equivalente com link afiliado confirmado foi encontrado no catalogo.","0","","","","0"
"1557","Caixa de plástico dobrável para armazenamento de roupas, caixa de brinquedos, caixa de armazenamento para cosméticos e mesas de mesa","outro","https://pt.aliexpress.com/item/1005003144473779.html","pesquisar_marketplaces","Nenhum produto equivalente com link afiliado confirmado foi encontrado no catalogo.","0","","","","0"
"1558","Copo Portátil Para Bebida Fria Com Suco De Tampa Gelo Gel","shopee","https://shopee.com.br/Copo-Portátil-Smoothie-Com-Tampa-Fabricante-De-Gelo-Suco-De-Bebida-Fria-Mão-Squeeze-Verão-Frio-i.207064849.19611175923","pesquisar_marketplaces","Nenhum produto equivalente com link afiliado confirmado foi encontrado no catalogo.","0","","","","0"
"1560","Capa De Sofa Capa De Almofada Jacquard À Prova D_água Sofá Em Forma De L De Canto De Assento Elástica De Cor Sólida Para Protetor De Mobiliário","shopee","https://shopee.com.br/Capa-De-Sofá-Impermeável-Em-Tecido-Jacquard-Patchwork-De-1-2-3-4-Lugares-Com-Elástico-Cor-Lisa-i.759406702.16361351519","pesquisar_marketplaces","Nenhum produto equivalente com link afiliado confirmado foi encontrado no catalogo.","0","","","","0"
"1561","Cremalheira plástica para o banheiro, prateleira ajustável do armazenamento do estilo nórdico para a economia do espaço, 123 camada, zh309","outro","https://pt.aliexpress.com/item/1005001722076208.html","pesquisar_marketplaces","Nenhum produto equivalente com link afiliado confirmado foi encontrado no catalogo.","0","","","","0"
"1562","Kit 4 Pinças Coloridas Designer Sobrancelha ProfissionalPessoal","shopee","https://shopee.com.br/product/333789348/14671822766","pesquisar_marketplaces","Nenhum produto equivalente com link afiliado confirmado foi encontrado no catalogo.","0","","","","0"
"1563","Reparo p caixa de luz de tomada  interruptor 4x2","shopee","https://shopee.com.br/product/369654959/10066378094","pesquisar_marketplaces","Nenhum produto equivalente com link afiliado confirmado foi encontrado no catalogo.","0","","","","0"
"1564","Tela Mosquiteira Magnetica Para Janela Com Imã Anti Mosquitos 180x150","shopee","https://shopee.com.br/product/444300037/20605130374","pesquisar_marketplaces","Nenhum produto equivalente com link afiliado confirmado foi encontrado no catalogo.","0","","","","0"
"1565","Prato de secagem rack rack titular organizador de armazenamento tigela placa escorredor condimento prateleira spice rack de armazenamento prateleira da cozinha","outro","https://pt.aliexpress.com/item/1005004127529227.html","pesquisar_marketplaces","Nenhum produto equivalente com link afiliado confirmado foi encontrado no catalogo.","0","","","","0"
"1567","Papel Parede Adesivo Lousa Quadro Negro Preto Fosco Escrever 2M","shopee","https://shopee.com.br/Papel-Parede-Adesivo-Lousa-Quadro-Negro-Preto-Fosco-Escrever-2M-i.386636527.9947757198","pesquisar_marketplaces","Nenhum produto equivalente com link afiliado confirmado foi encontrado no catalogo.","0","","","","0"
"1568","Tapete antiderrapante para área, tapete para proteção de piso, lavável e antiderrapante","outro","https://pt.aliexpress.com/item/1005001608013322.html","pesquisar_marketplaces","Nenhum produto equivalente com link afiliado confirmado foi encontrado no catalogo.","0","","","","0"
"1569","1 Pc Acolchoado Capa De Colchão À Prova D _Água Única Rainha King Size Liso Tingido Colchão Em Relevo Protetor Lençol Equipado","shopee","https://shopee.com.br/1-Pc-Acolchoado-Capa-De-Colchão-À-Prova-D-'Água-Única-Rainha-King-Size-Liso-Tingido-Colchão-Em-Relevo-Protetor-Lençol-Equipado-i.244533217.10458626692","pesquisar_marketplaces","Nenhum produto equivalente com link afiliado confirmado foi encontrado no catalogo.","0","","","","0"
"1570","Conjunto de 30 Adesivos de Orelha de Bebê à D_água Protetores Auriculares","amazon","https://www.amazon.com.br/dp/B0B45PGQLH","pesquisar_marketplaces","Nenhum produto equivalente com link afiliado confirmado foi encontrado no catalogo.","0","","","","0"
"1571","Secador De Sapatos Com Secagem Rápida E De Para SapatoInfantilAdulto","shopee","https://shopee.com.br/product/567533946/17760203153","pesquisar_marketplaces","Nenhum produto equivalente com link afiliado confirmado foi encontrado no catalogo.","0","","","","0"
"1572","Tom Jerry Gato Fofo E Pingente De Boneca De Desenho AnimadoBag Ornamentos","shopee","https://shopee.com.br/product/736416002/17740221444","pesquisar_marketplaces","Nenhum produto equivalente com link afiliado confirmado foi encontrado no catalogo.","0","","","","0"
"1573","Botas femininas de cristal, sandálias Bling Bling, salto alto strass Stiletto, sapatos de dedo apontado, verão","outro","https://pt.aliexpress.com/item/1005002500648985.html","pesquisar_marketplaces","Nenhum produto equivalente com link afiliado confirmado foi encontrado no catalogo.","0","","","","0"
"1575","Almofada Giro Fácil Perfetto Original Posicionamento Pessoa Acamada","shopee","https://shopee.com.br/Almofada-Giro-Fácil-da-Perfetto-original-i.477819919.3293599851","pesquisar_marketplaces","Nenhum produto equivalente com link afiliado confirmado foi encontrado no catalogo.","0","","","","0"
"1576","Quadro De Corte Antibacteriano De Dupla Face Para De Frutas","shopee","https://shopee.com.br/Quadro-De-Corte-Antibacteriano-De-Dupla-Face-Para-De-Frutas-i.765308276.14586785107","pesquisar_marketplaces","Nenhum produto equivalente com link afiliado confirmado foi encontrado no catalogo.","0","","","","0"
"1578","Quatro chamas de metal à prova de vento ao ar livre churrasqueira isqueiros de charuto","outro","https://pt.aliexpress.com/item/1005003013017570.html","pesquisar_marketplaces","Nenhum produto equivalente com link afiliado confirmado foi encontrado no catalogo.","0","","","","0"
"1579","1Pcs Escova Giratória De Limpeza De Piso De Cozinha Fenda2 Em 1 Rígido De Cabo Longo Vassoura MágicaJanelas De Banheiro","shopee","https://shopee.com.br/1-Pcs-Rotating-Cozinha-Banheiro-Piso-Escova-De-Limpeza-Crevice-2-Em-1-Longo-Lidar-Com-Stiff-Vassoura-Mágica-Banheira-Janelas-Do-Vaso-Sanitário-i.183963684.10452589014","pesquisar_marketplaces","Nenhum produto equivalente com link afiliado confirmado foi encontrado no catalogo.","0","","","","0"
"1580","LED ventilador de teto invisível com controle remoto, luz decorativa moderna, lâmina retrátil, pendurado lâmpada, Hom, 42","outro","https://pt.aliexpress.com/item/1005002536731529.html","pesquisar_marketplaces","Nenhum produto equivalente com link afiliado confirmado foi encontrado no catalogo.","0","","","","0"
"1581","BORREY Glass Teapot Set, Automatic Lazy Tea Set, magnético Rotação, Kungfu, resistente ao calor Bule Cristal Vidro, 6 Copos","outro","https://pt.aliexpress.com/item/1005003633141280.html","pesquisar_marketplaces","Nenhum produto equivalente com link afiliado confirmado foi encontrado no catalogo.","0","","","","0"
"1582","Wall Mounted Kitchen Shelf, Spice Rack, Multi-funcional Condiment Storage Box, Sem Perfuração, Tempero Box, Alta Capacidade, Novo, 2022","outro","https://pt.aliexpress.com/item/1005004500079524.html","pesquisar_marketplaces","Nenhum produto equivalente com link afiliado confirmado foi encontrado no catalogo.","0","","","","0"
"1583","Tampa Sanitária Universal EVA À Prova D_água","shopee","https://shopee.com.br/Capa-De-Assento-De-Vaso-Sanitário-Impermeável-Universal-i.183962760.8008167997","pesquisar_marketplaces","Nenhum produto equivalente com link afiliado confirmado foi encontrado no catalogo.","0","","","","0"
"1584","lyessybl 6 Pares De Protetores Auto-Adesivos Sola Alta De Salto Alto Antiderrapante","shopee","https://shopee.com.br/lyessybl-6-Pares-De-Protetores-Auto-Adesivos-Sola-Alta-De-Salto-Alto-Antiderrapante-i.360921608.11271714682","pesquisar_marketplaces","Nenhum produto equivalente com link afiliado confirmado foi encontrado no catalogo.","0","","","","0"
"1585","Caixa De Medidor Elétrico Para Pintura Decorativa Sem Perfuração Poeira Moderna Minimalista Master Switch","shopee","https://shopee.com.br/Caixa-De-Medidor-Elétrico-Para-Pintura-Decorativa-Sem-Perfuração-Poeira-Moderna-Minimalista-Master-Switch-i.680370733.16414040542","pesquisar_marketplaces","Nenhum produto equivalente com link afiliado confirmado foi encontrado no catalogo.","0","","","","0"
"1586","Cooler 2x1 Cool Bar Branco 42 Latas Keter","outro","https://www.magazinevoce.com.br/magazinelojabr1/cooler-2x1-cool-bar-branco-42-latas-keter/p/gejkc33h47/es/ccbt","pesquisar_marketplaces","Nenhum produto equivalente com link afiliado confirmado foi encontrado no catalogo.","0","","","","0"
"1587","Caixa de Plantação de Flores do Jardim Vasos Varanda Sulcos Vegetais Kit Caixa de Plantador, Calha de Plantação Emendada para Telhado e Jardim de Pátio","outro","https://pt.aliexpress.com/item/1005001906486830.html","pesquisar_marketplaces","Nenhum produto equivalente com link afiliado confirmado foi encontrado no catalogo.","0","","","","0"
"1588","Cabide para Calças Organizador Múltiplo Inox 5 espaços","shopee","https://shopee.com.br/Cabide-para-Calças-Organizador-Múltiplo-Inox-5-espaços-i.601245864.18318198934","pesquisar_marketplaces","Nenhum produto equivalente com link afiliado confirmado foi encontrado no catalogo.","0","","","","0"
"1589","Novos Cadarços Fechadura Magnética Elástico Nenhuma Gravata Laços Tênis Cadarço Crianças Adulto Rainbow Lock One Size Fits All Shoes","shopee","https://shopee.com.br/Novos-Cadarços-Fechadura-Magnética-Elástico-Nenhuma-Gravata-Laços-Tênis-Cadarço-Crianças-Adulto-Rainbow-Lock-One-Size-Fits-All-Shoes-i.754440331.16756764136","pesquisar_marketplaces","Nenhum produto equivalente com link afiliado confirmado foi encontrado no catalogo.","0","","","","0"
"1591","Rato de ar sem fio portátil inteligente mouse ferramenta apresentação mouse design criativo mouse para o escritório & casa cheerpod","outro","https://pt.aliexpress.com/item/1005003665469731.html","pesquisar_marketplaces","Nenhum produto equivalente com link afiliado confirmado foi encontrado no catalogo.","0","","","","0"
"1592","Porta Cortina Box Varão Universal De Banheiro Se Estende de 1,10m até 2,00m Grande e Forte","shopee","https://shopee.com.br/Porta-Cortina-Box-Varão-Universal-De-Banheiro-Se-Estende-de-1-10m-até-2-00m-Grande-e-Forte-i.450698625.19318176419","pesquisar_marketplaces","Nenhum produto equivalente com link afiliado confirmado foi encontrado no catalogo.","0","","","","0"
"1594","Tábua de corte 2 em 1 Inox e Plástico antibacteriano com suporte vertical","shopee","https://shopee.com.br/Tábua-de-corte-2-em-1-Inox-e-Plástico-antibacteriano-com-suporte-vertical-i.337551596.20500553818","pesquisar_marketplaces","Nenhum produto equivalente com link afiliado confirmado foi encontrado no catalogo.","0","","","","0"
"1595","Soaiy sh19 gaming alto-falante bluetooth rgb para pc computador soundbar 3d surround 30 w de alta potência sem fio coluna portátil subwoofer boombox centro de música home theater áudio portátil pc","outro","https://pt.aliexpress.com/item/1005004264213090.html","pesquisar_marketplaces","Nenhum produto equivalente com link afiliado confirmado foi encontrado no catalogo.","0","","","","0"
"1596","Prateleira Suporte Ajustável Dvd Antena Monitor Roteador 21cm","shopee","https://shopee.com.br/Prateleira-Suporte-Ajustável-Dvd-Antena-Monitor-Roteador-i.323324727.16159184844","pesquisar_marketplaces","Nenhum produto equivalente com link afiliado confirmado foi encontrado no catalogo.","0","","","","0"
"1597","Churrasqueira elétrica sem fumaça, 2 em 1, Forno de churrasco a carvão, panela para uso doméstico, uso ao ar livre, 3-4 pessoa","outro","https://pt.aliexpress.com/item/1005003582413107.html","pesquisar_marketplaces","Nenhum produto equivalente com link afiliado confirmado foi encontrado no catalogo.","0","","","","0"
"1598","5PCS Escama De Peixe De Limpeza Pano De Microfibra Casa Anti-Graxa Super Absorvente Toalha Da Cozinha","shopee","https://shopee.com.br/product/191441431/3881171242","pesquisar_marketplaces","Nenhum produto equivalente com link afiliado confirmado foi encontrado no catalogo.","0","","","","0"
"1599","1pcs Cozinha Cable Wire Cord Organizer Winder Cable Management Clip para Air Fryer Eletrodomésticos de cozinha","outro","https://pt.aliexpress.com/item/1005004341510871.html","pesquisar_marketplaces","Nenhum produto equivalente com link afiliado confirmado foi encontrado no catalogo.","0","","","","0"
"1600","Deepwhite - Creme De Reparo De Parede Mágica Universal Big Pack 250g","shopee","https://shopee.com.br/product/327847291/11658899917","pesquisar_marketplaces","Nenhum produto equivalente com link afiliado confirmado foi encontrado no catalogo.","0","","","","0"
"1601","Muleta de liga de alumínio engrossada com assento multi-funcional antiderrapante idosos bengala portátil dobrável ímã massagem fezes","outro","https://pt.aliexpress.com/item/1005003014520103.html","pesquisar_marketplaces","Nenhum produto equivalente com link afiliado confirmado foi encontrado no catalogo.","0","","","","0"
"1602","Sofa Inflavel Preguicoso Camping Praia Saco De Dormir Cama Portatil de Acampamento","shopee","https://shopee.com.br/Sofa-Inflavel-Preguicoso-Camping-Praia-Saco-De-Dormir-Cama-Portatil-de-Acampamento-i.462457422.12278719784","pesquisar_marketplaces","Nenhum produto equivalente com link afiliado confirmado foi encontrado no catalogo.","0","","","","0"
"1603","À prova de óleo impermeável adesivos de parede decorações de cozinha antifouling e resistente a alta temperatura de alumínio papéis de parede casa filme","outro","https://pt.aliexpress.com/item/1005003335200695.html","pesquisar_marketplaces","Nenhum produto equivalente com link afiliado confirmado foi encontrado no catalogo.","0","","","","0"
"1604","Original Fresh Juice Mini Liquidificador Portátil Elétrico Copo Liquidificador Portatil Recarregável USB Sem Fio Base","shopee","https://shopee.com.br/product/699413681/15179947829","pesquisar_marketplaces","Nenhum produto equivalente com link afiliado confirmado foi encontrado no catalogo.","0","","","","0"
"1605","Protetor De Sapato Calçado Silicone Impermeável Para Chuva Antiderrapante Capa Para Tênis","shopee","https://shopee.com.br/Protetor-De-Sapato-Calçado-Silicone-Impermeável-Para-Chuva-Antiderrapante-Capa-Para-Tênis-i.676958005.17944098151","pesquisar_marketplaces","Nenhum produto equivalente com link afiliado confirmado foi encontrado no catalogo.","0","","","","0"
"1606","Tapetes de Cozinha Jogo c 3 Peças Antiderrapante e Antibactérias, Antimofo","shopee","https://shopee.com.br/SUPER-PROMOÇÃO-Tapetes-de-Cozinha-Jogo-c-3-Peças-Antiderrapante-e-Antibactérias-Antimofo.-i.344187998.12531307133","pesquisar_marketplaces","Nenhum produto equivalente com link afiliado confirmado foi encontrado no catalogo.","0","","","","0"
"1608","Rack De Armazenamento De Plástico para Gel De Banho, Acessórios Do Banheiro, Prateleiras Azuis, Toalha Shampoo Organizer","outro","https://pt.aliexpress.com/item/1005002356159573.html","pesquisar_marketplaces","Nenhum produto equivalente com link afiliado confirmado foi encontrado no catalogo.","0","","","","0"
"1609","Almofada Massageadora Shiatsu terapia japonesa 847","shopee","https://shopee.com.br/Almofada-Massageadora-Shiatsu-terapia-japonesa-847-i.323192182.8216340935","pesquisar_marketplaces","Nenhum produto equivalente com link afiliado confirmado foi encontrado no catalogo.","0","","","","0"
"1610","Ajustável Organizador Do Armário De Armazenamento Prateleira Space-Saving Cozinha Roupeiro Prateleiras Titulares","shopee","https://shopee.com.br/Ajustável-Organizador-Do-Armário-De-Armazenamento-Prateleira-Space-Saving-Cozinha-Roupeiro-Prateleiras-Titulares-i.712417816.16337032450","pesquisar_marketplaces","Nenhum produto equivalente com link afiliado confirmado foi encontrado no catalogo.","0","","","","0"
"1611","Deli . 8591A Mini Grampo De Metal Para Fichário De ArquivoDocumentosFerramenta Multifuncional","shopee","https://shopee.com.br/Deli-.-8591A-Mini-Grampo-De-Metal-Para-Fichário-De-Arquivo-Documentos-Ferramenta-Multifuncional-i.329378721.11380052622","pesquisar_marketplaces","Nenhum produto equivalente com link afiliado confirmado foi encontrado no catalogo.","0","","","","0"
"1612","1Pc Quilted Embossed Mattress Protector Single Qieen King Size Sunflower Pattern Fittrf Sheet Mattress Cover","shopee","https://shopee.com.br/1Pc-Quilted-Embossed-Mattress-Protector-Single-Qieen-King-Size-Sunflower-Pattern-Fittrf-Sheet-Mattress-Cover-i.244533217.13926846932","pesquisar_marketplaces","Nenhum produto equivalente com link afiliado confirmado foi encontrado no catalogo.","0","","","","0"
"1614","Cabides 3d para roupas rack de secagem multi-port suporte multifuncional roupas sapatos de secagem rápida rotativo cabide organizador do armário","outro","https://pt.aliexpress.com/item/1005004502818522.html","pesquisar_marketplaces","Nenhum produto equivalente com link afiliado confirmado foi encontrado no catalogo.","0","","","","0"
"1615","Capa Para Cadeira de Escritório Assento e Encosto - Várias Cores","shopee","https://shopee.com.br/Capa-Cadeira-de-Escritório-Assento-e-Encosto-Várias-Cores-i.391837165.12956301565","pesquisar_marketplaces","Nenhum produto equivalente com link afiliado confirmado foi encontrado no catalogo.","0","","","","0"
"1616","Kit 6 Cabides Dobrável Multiuso Adulto Infantil Organização Armário","shopee","https://shopee.com.br/Kit-6-Cabides-Dobrável-Multiuso-Adulto-Infantil-Organização-Armário-i.410629565.14723316678","pesquisar_marketplaces","Nenhum produto equivalente com link afiliado confirmado foi encontrado no catalogo.","0","","","","0"
"1617","(YBO) Kit De Aparelho Elétrico Portátil Para Trança De Torção","shopee","https://shopee.com.br/(YBO)-Kit-De-Aparelho-Elétrico-Portátil-Para-Trança-De-Torção-i.239174151.16961159920","pesquisar_marketplaces","Nenhum produto equivalente com link afiliado confirmado foi encontrado no catalogo.","0","","","","0"
"1618","Escova De Dentes Adulto Com Três Cabeças  3 Lados  Escova De Dentes Ultrafina Com Cerdas Macias","shopee","https://shopee.com.br/Escova-De-Dentes-Adulto-Com-Três-Cabeças-3-Lados-Escova-De-Dentes-Ultrafina-Com-Cerdas-Macias-i.234485333.20516237806","pesquisar_marketplaces","Nenhum produto equivalente com link afiliado confirmado foi encontrado no catalogo.","0","","","","0"
"1620","Chuveiro elétrico spray de água, brinquedos kawaii, caracol, urso, robô, modelo, aspersor para crianças, bebê, banheiro, torneira","outro","https://pt.aliexpress.com/item/1005002675435163.html","pesquisar_marketplaces","Nenhum produto equivalente com link afiliado confirmado foi encontrado no catalogo.","0","","","","0"
"1621","Conjunto Lavanderia Cesto Organizador Portátil Viena triplo Branco","shopee","https://shopee.com.br/Conjunto-Lavanderia-Cesto-Organizador-Portátil-Viena-triplo-Branco-i.429140125.14206286236","pesquisar_marketplaces","Nenhum produto equivalente com link afiliado confirmado foi encontrado no catalogo.","0","","","","0"
"1623","MIUI-Extrator de Imprensa Fria, Juicer Lento, Sem Filtro, Lavagem Fácil, Máquina Elétrica Juicer De Frutas, Calibre Grande, Modle-Prime, Parafuso 7LV","outro","https://pt.aliexpress.com/item/4000177543702.html","pesquisar_marketplaces","Nenhum produto equivalente com link afiliado confirmado foi encontrado no catalogo.","0","","","","0"
"1625","Corretor de postura Esponja macia ajustável em altura Proteção para os olhos Corretor de postura de escritório Antiderrapante para uso doméstico","amazon","https://www.amazon.com.br/Corretor-ajustável-escritório-Antiderrapante-doméstico/dp/B09YSJQ752","pesquisar_marketplaces","Nenhum produto equivalente com link afiliado confirmado foi encontrado no catalogo.","0","","","","0"
"1628","Universal Leopard Car Phone Holder, Ajustável Dashboard Mount Clip, Telefone inteligente móvel, GPS Stand Bracket, Todo o telefone","outro","https://pt.aliexpress.com/item/1005003762794479.html","pesquisar_marketplaces","Nenhum produto equivalente com link afiliado confirmado foi encontrado no catalogo.","0","","","","0"
"1629","Triturador Picador E Fatiador De Alho Por Pressão Cozinha","shopee","https://shopee.com.br/product/358018412/8204396809","pesquisar_marketplaces","Nenhum produto equivalente com link afiliado confirmado foi encontrado no catalogo.","0","","","","0"
"1630","CLISPEED Sapatos de Viagem Saco de Classificação de Sapato Bolsa de Sapatos de Viagem Titular Sacos de Sapatos à Prova de Poeira para O Escritório de Viagens Em Casa","amazon","https://www.amazon.com.br/dp/B089QSY9ZN","pesquisar_marketplaces","Nenhum produto equivalente com link afiliado confirmado foi encontrado no catalogo.","0","","","","0"
"1631","Pau De Selfie Sem Fio Compatível Com Bluetooth Tripé Dobrável LED Para Celular Android Live","shopee","https://shopee.com.br/product/570779483/10165947657","pesquisar_marketplaces","Nenhum produto equivalente com link afiliado confirmado foi encontrado no catalogo.","0","","","","0"
"1632","12 unidadescadarços de silicone redondos sem laços de sapato elástico especial","shopee","https://shopee.com.br/product/454918233/15418349268","pesquisar_marketplaces","Nenhum produto equivalente com link afiliado confirmado foi encontrado no catalogo.","0","","","","0"
"1633","Novo design de espaço pessoal, maneira rápida e fácil de resfriar o ar condicionado, refrigerador para mesa de casa e escritório","outro","https://pt.aliexpress.com/item/4001051063474.html","pesquisar_marketplaces","Nenhum produto equivalente com link afiliado confirmado foi encontrado no catalogo.","0","","","","0"
"1634","Cesto Suspenso Multi-Camada Para Guarda-RoupaOrganizador Organização","shopee","https://shopee.com.br/product/590068626/16853961902","pesquisar_marketplaces","Nenhum produto equivalente com link afiliado confirmado foi encontrado no catalogo.","0","","","","0"
"1635","Kit 4 Protetor De Silicone Para Borda e Quina De Mesa","shopee","https://shopee.com.br/Kit-4-Protetor-De-Silicone-Para-Borda-e-Quina-De-Mesa-i.513689421.12269284285","pesquisar_marketplaces","Nenhum produto equivalente com link afiliado confirmado foi encontrado no catalogo.","0","","","","0"
"1636","Pickles jar dispensador seco e molhado pickles e azeitonas ampulheta jar recipiente para cozinha em casa que faz o separador de suco 2022","outro","https://pt.aliexpress.com/item/1005004183518290.html","pesquisar_marketplaces","Nenhum produto equivalente com link afiliado confirmado foi encontrado no catalogo.","0","","","","0"
"1637","3 Em 1 Retrátil Usb Micro Tipo C Cabo De Carga Usb Powerbank Para O Telefone Inteligente Com Suporte Do Telefone Cabo De Carregamento De Dados","shopee","https://shopee.com.br/3-Em-1-Retrátil-Usb-Micro-Tipo-C-Cabo-De-Carga-Usb-Powerbank-Para-O-Telefone-Inteligente-Com-Suporte-Do-Telefone-Cabo-De-Carregamento-De-Dados-i.404485361.12312719779","pesquisar_marketplaces","Nenhum produto equivalente com link afiliado confirmado foi encontrado no catalogo.","0","","","","0"
"1638","Descontaminação separação mop handhold mop secagem rápida um arrasto limpo molhado e seco duplo-uso preguiçoso esfregar mop rotativo","outro","https://pt.aliexpress.com/item/1005004464863956.html","pesquisar_marketplaces","Nenhum produto equivalente com link afiliado confirmado foi encontrado no catalogo.","0","","","","0"
"1639","Kit 04 Peças Suporte Pé Para Maquina de Lavar Lava Louças Geladeira Fogão Sofá Mesa e Muito Mais","shopee","https://shopee.com.br/Kit-04-Suporte-Pé-Nivelador-Anti-Ruído-Silicone-Maquina-de-Lavar-Lava-Louças-Geladeira-Fogão-Sofá-Mesa-e-Muito-Mais-i.465512336.20714427922","pesquisar_marketplaces","Nenhum produto equivalente com link afiliado confirmado foi encontrado no catalogo.","0","","","","0"
"1640","Suporte De Escova De Dentes Invertido De Adsorção Magnética Duplo Espremedor De Pasta De Dente Automático Rack De Armazenamento Acessórios De Banheiro","shopee","https://shopee.com.br/product/559764351/14837485242","pesquisar_marketplaces","Nenhum produto equivalente com link afiliado confirmado foi encontrado no catalogo.","0","","","","0"
"1642","Aspersor De 15 Furos Tubo De Alumínio De Plástico Para Jardim Gramado","shopee","https://shopee.com.br/product/477427925/19731488600","pesquisar_marketplaces","Nenhum produto equivalente com link afiliado confirmado foi encontrado no catalogo.","0","","","","0"
"1643","Bico Torneira Chuveirinho Outlet Gourmet Arejador Abs Inox","shopee","https://shopee.com.br/product/556418487/20414457089","pesquisar_marketplaces","Nenhum produto equivalente com link afiliado confirmado foi encontrado no catalogo.","0","","","","0"
"1647","Sacola 3 em 1 com Carrinho Reutilizavel de Nailon, cRodinhas, pCompras","shopee","https://shopee.com.br/product/390387391/14403196411","pesquisar_marketplaces","Nenhum produto equivalente com link afiliado confirmado foi encontrado no catalogo.","0","","","","0"
"1648","Proteção solar para janela carro, cortina protetora contra vento, sol, insetos para criança","shopee","https://shopee.com.br/product/322908489/14363086579","pesquisar_marketplaces","Nenhum produto equivalente com link afiliado confirmado foi encontrado no catalogo.","0","","","","0"
"1649","Universal Multifuncional Mini Chave, Torque Ajustável, Reparo de Carro Aberto, Spanner Tool, 14 em 1, 12 , 916, 58 , 1116, 34","outro","https://pt.aliexpress.com/item/1005002028843126.html","pesquisar_marketplaces","Nenhum produto equivalente com link afiliado confirmado foi encontrado no catalogo.","0","","","","0"
"1650","Gatling multi-função máquina de corte de vegetais raspagem de fio triturador slicer cozinha doméstica ralador de batata artefato picador de cozinha elétrico espremedor de alho moedor de carne mini","shopee","https://shopee.com.br/product/781171172/17477757269","pesquisar_marketplaces","Nenhum produto equivalente com link afiliado confirmado foi encontrado no catalogo.","0","","","","0"
"1651","Máquina de passar roupa portátil máquina de passar roupa a vapor pequena portátil mini ferro de passar roupa","shopee","https://shopee.com.br/product/500391626/12251073948","pesquisar_marketplaces","Nenhum produto equivalente com link afiliado confirmado foi encontrado no catalogo.","0","","","","0"
"1652","J&M CC & BB Cream Para Base , Clareador Maquiagem Corretivo Hidratante Natural Com Controle De Óleo Cosméticos","shopee","https://shopee.com.br/product/217308718/10672597435","pesquisar_marketplaces","Nenhum produto equivalente com link afiliado confirmado foi encontrado no catalogo.","0","","","","0"
"1653","Colchão De Durável Elevador Ergonômico Cunha Ferramenta De Substituição De Lençol De Aliviar A Dor Nas Costas Ajuda À Mudança De Cama","shopee","https://shopee.com.br/Durável-Folha-De-Cama-Colchão-Ergonômico-Levantar-Cunha-Elevador-Ferramenta-De-Substituição-Da-Dor-De-Alleviate-Para-Ajudar-i.183963970.15790280882","pesquisar_marketplaces","Nenhum produto equivalente com link afiliado confirmado foi encontrado no catalogo.","0","","","","0"
"1654","Torneira de cozinha dobrável de parede Torneira de enchimento de pote Torneira de pia de furo único Girar o Bico Dobrável Latão de ouro cromado","outro","https://pt.aliexpress.com/item/32997916214.html","pesquisar_marketplaces","Nenhum produto equivalente com link afiliado confirmado foi encontrado no catalogo.","0","","","","0"
"1655","Walsunte Suporte Para CarroTelefone Móvel Criativo Popular Mouse","shopee","https://shopee.com.br/Walsunte-Suporte-Para-Carro-Telefone-Móvel-Criativo-Popular-Mouse-i.721881051.17426979413","pesquisar_marketplaces","Nenhum produto equivalente com link afiliado confirmado foi encontrado no catalogo.","0","","","","0"
"1656","Mesa Lateral de Apoio Industrial com Rodízio Fit Yescasa","outro","https://www.magazinevoce.com.br/magazinelojabr1/mesa-lateral-de-apoio-industrial-com-rodizio-fit-yescasa/p/bd87ke52f8/mo/otmo/","pesquisar_marketplaces","Nenhum produto equivalente com link afiliado confirmado foi encontrado no catalogo.","0","","","","0"
"1657","Cama de mesa ajustável de madeira portátil mesa dobrável notebook mesa do computador para o sofá da escrita para o estudante cama dormitório","outro","https://pt.aliexpress.com/item/1005003269420613.html","pesquisar_marketplaces","Nenhum produto equivalente com link afiliado confirmado foi encontrado no catalogo.","0","","","","0"
"1658","【 ★】 ★ Papel De Parede De Pintura Máquina De Impressão Rolo【 Nota】","shopee","https://shopee.com.br/product/236983669/7538463997","pesquisar_marketplaces","Nenhum produto equivalente com link afiliado confirmado foi encontrado no catalogo.","0","","","","0"
"1659","Quadro de alumínio shimano 3 velocidade mãe bebê triciclo sem taga carrinho bicicleta turismo","outro","https://pt.aliexpress.com/item/1005003680816432.html","pesquisar_marketplaces","Nenhum produto equivalente com link afiliado confirmado foi encontrado no catalogo.","0","","","","0"
"1661","(Em Estoque) Garrafa De Plástico Com Spray Fácil De Espuma E Efeito Multifuncional Para Limpeza Doméstica","shopee","https://shopee.com.br/product/601510812/11174106201","pesquisar_marketplaces","Nenhum produto equivalente com link afiliado confirmado foi encontrado no catalogo.","0","","","","0"
"1662","Mini Coador Filtro De Café Monodose 50unpac Individual","shopee","https://shopee.com.br/product/573701536/14574524383","pesquisar_marketplaces","Nenhum produto equivalente com link afiliado confirmado foi encontrado no catalogo.","0","","","","0"
"1663","Tuya Smart Door Lock com Câmera de Vigilância, Wi-Fi, Sem Fio, Impressão Digital, Senha, App Desbloqueio, Fechaduras Eletrônicas Digitais","outro","https://pt.aliexpress.com/item/1005002117798512.html","pesquisar_marketplaces","Nenhum produto equivalente com link afiliado confirmado foi encontrado no catalogo.","0","","","","0"
"1664","Protetor de Webcam Tampa Câmera Notebook e Celulares Anti-espião Envio Rápido","shopee","https://shopee.com.br/product/340574516/6586737046","pesquisar_marketplaces","Nenhum produto equivalente com link afiliado confirmado foi encontrado no catalogo.","0","","","","0"
"1665","Adesivo Lousa Quadro Negro, Preto Fosco, 2 Metros x 45 cm","shopee","https://shopee.com.br/Adesivo-Lousa-Quadro-Negro-Preto-Fosco-2-Metros-x-45-cm-i.303847814.11110628538","pesquisar_marketplaces","Nenhum produto equivalente com link afiliado confirmado foi encontrado no catalogo.","0","","","","0"
"1666","Travesseiro Encosto De Cabeça Para Assento De Carro","shopee","https://shopee.com.br/Travesseiro-Encosto-De-Cabeça-Para-Assento-De-Carro-i.306962330.8570754517","pesquisar_marketplaces","Nenhum produto equivalente com link afiliado confirmado foi encontrado no catalogo.","0","","","","0"
"1667","Heflash gudeso Controlador De Vídeo De Argamento Bluetooth Clicker Acionador Remoto Para Smartphones","shopee","https://shopee.com.br/Heflash-gudeso-Controlador-De-Vídeo-De-Argamento-Bluetooth-Clicker-Acionador-Remoto-Para-Smartphones-i.364518227.14935522919","pesquisar_marketplaces","Nenhum produto equivalente com link afiliado confirmado foi encontrado no catalogo.","0","","","","0"
"1668","Chantsingheart Suporte De Ferro Para Plantas De Jardim Varanda Vaso De Flores Redondos  Grade De Cerca","shopee","https://shopee.com.br/product/304140914/4450670916","pesquisar_marketplaces","Nenhum produto equivalente com link afiliado confirmado foi encontrado no catalogo.","0","","","","0"
"1669","Ralo Click Inteligente 10x10 Cm Inox Banheiro Veda Cheiro 4.9 ou 15x15 Cm Ralo Ideal Click","shopee","https://shopee.com.br/Ralo-Click-Inteligente-10x10-Cm-Inox-Banheiro-Veda-Cheiro-4-9-ou-15x15-Cm-Ralo-Ideal-Click-i.397644531.12211736192","pesquisar_marketplaces","Nenhum produto equivalente com link afiliado confirmado foi encontrado no catalogo.","0","","","","0"
"1670","Escorredor Retrátil Ajustável e Extensível Multifuncional para Pia de Cozinha em Inox e Plástico ABS Super Resistente para Lavar Alimentos e Louças - Cor Preto","shopee","https://shopee.com.br/Escorredor-Cesto-Retrátil-Ajustável-e-Extensível-Multifuncional-para-Pia-de-Cozinha-em-Inox-e-Plástico-ABS-com-Alças-Retrateis-Fácil-Regulagem-Super-Resistente-para-Lavar-Frutas-Legumes-Vegetais-Verduras-Louças-Pratos-Talheres-Cor-Preto-i.491113942.17826155405","pesquisar_marketplaces","Nenhum produto equivalente com link afiliado confirmado foi encontrado no catalogo.","0","","","","0"
"1671","Expansível Armário Prateleira Space Saver Racks Para Armário De Cozinha Roupeiro","shopee","https://shopee.com.br/product/375318727/11246118400","pesquisar_marketplaces","Nenhum produto equivalente com link afiliado confirmado foi encontrado no catalogo.","0","","","","0"
"1673","Aquecedor de pés USB para aquecer os pés no inverno","shopee","https://shopee.com.br/product/237007190/19105044007","pesquisar_marketplaces","Nenhum produto equivalente com link afiliado confirmado foi encontrado no catalogo.","0","","","","0"
"1674","DescascadorApontador Decorativo Cortador De Legumes e Frutas Plástico - Pepino e Cenouro ( vários legumes e frutas )","shopee","https://shopee.com.br/Descascador-Apontador-Decorativo-Cortador-De-Legumes-e-Frutas-Plástico-Pepino-e-Cenouro-(-vários-legumes-e-frutas-)-i.400802734.13784941897","pesquisar_marketplaces","Nenhum produto equivalente com link afiliado confirmado foi encontrado no catalogo.","0","","","","0"
"1675","Adaptador 5 em 1 usb android, leitor de cartão sd, micro usbc, 8 pinos para iphone, laptop, tipo-c otg cartão tf, conversor triângulo divisor","outro","https://pt.aliexpress.com/item/1005002908154960.html","pesquisar_marketplaces","Nenhum produto equivalente com link afiliado confirmado foi encontrado no catalogo.","0","","","","0"
"1676","Escova Sanitária De Parede Com Cabo Longo Flexível Formato De PatoAcessório De BanheiroMulticolorido","shopee","https://shopee.com.br/Escova-Sanitária-De-Parede-Com-Cabo-Longo-Flexível-Formato-De-Pato-Acessório-De-Banheiro-Multicolorido-i.431541274.15754281602","pesquisar_marketplaces","Nenhum produto equivalente com link afiliado confirmado foi encontrado no catalogo.","0","","","","0"
"1677","Pano De Veludo Coral De Dupla FaceNão GrudadaToalha De PratoCozinhaEngrossarAbsorventeLimpeza","shopee","https://shopee.com.br/Pano-De-Veludo-Coral-De-Dupla-Face-Não-Grudada-Toalha-De-Prato-Cozinha-Engrossar-Absorvente-Limpeza-i.264980572.16360241426","pesquisar_marketplaces","Nenhum produto equivalente com link afiliado confirmado foi encontrado no catalogo.","0","","","","0"
"1678","Tigela Inflável Shampoo , Bandeja De Lavagem De Cabelo Portátil Para Cama E , Leve Pia Idosos , Deficientes Mulheres Grávidas , Lejuries , Camaridge , HandicapZOE","shopee","https://shopee.com.br/Tigela-Inflável-Shampoo-Bandeja-De-Lavagem-De-Cabelo-Portátil-Para-Cama-E-Leve-Pia-Idosos-Deficientes-Mulheres-Grávidas-Lejuries-Camaridge-Handicap-ZOE-i.295062055.12343209407","pesquisar_marketplaces","Nenhum produto equivalente com link afiliado confirmado foi encontrado no catalogo.","0","","","","0"
"1679","Suporte De Geladeira  Maquina De Lavar E Fogão Inox Com Rodinhas","shopee","https://shopee.com.br/SUPORTE-DE-GELADEIRA-MAQUINA-DE-LAVAR-E-FOGÃO-INOX-COM-RODINHAS-i.313674734.8528227490","pesquisar_marketplaces","Nenhum produto equivalente com link afiliado confirmado foi encontrado no catalogo.","0","","","","0"
"1681","Espaguete Tubo Termo Retrátil Isolante Kit 200220328408508pçs","shopee","https://shopee.com.br/product/327718462/9160031033","pesquisar_marketplaces","Nenhum produto equivalente com link afiliado confirmado foi encontrado no catalogo.","0","","","","0"
"1682","Mesa Maleta Dobrável Com 4 Cadeiras Dobrável Alumínio Camping Praia Jardim","shopee","https://shopee.com.br/product/452721505/11482501275","pesquisar_marketplaces","Nenhum produto equivalente com link afiliado confirmado foi encontrado no catalogo.","0","","","","0"
"1683","Cadeado Segredo ，Anti-ferrugem, Com 8 Botaos,Cadeado Cego , Senha Fixo, Operação Simples","shopee","https://shopee.com.br/Cadeado-Segredo-，Anti-ferrugem-Com-8-Botaos-Cadeado-Cego-Senha-Fixo-Operação-Simples-i.375006893.9983332821","pesquisar_marketplaces","Nenhum produto equivalente com link afiliado confirmado foi encontrado no catalogo.","0","","","","0"
"1684","Abongsea 50 Pçs Capa De Plástico Pe Para Assento Do Vaso Sanitário Descartável Para Viagem","shopee","https://shopee.com.br/Abongsea-50-Pçs-Capa-De-Plástico-Pe-Para-Assento-Do-Vaso-Sanitário-Descartável-Para-Viagem-i.303325283.4092502564","pesquisar_marketplaces","Nenhum produto equivalente com link afiliado confirmado foi encontrado no catalogo.","0","","","","0"
"1685","1Pc Stainless Steel Pop-Up Bounce Core  Basin Plug-in Drain Filter  Shower Sink Strainer","shopee","https://shopee.com.br/1PC-Universal-Stainless-Steel-Pop-Up-Bounce-Core-Basin-Plug-in-Drain-Filter-Shower-Sink-Strainer-i.264593369.11647256387","pesquisar_marketplaces","Nenhum produto equivalente com link afiliado confirmado foi encontrado no catalogo.","0","","","","0"
"1686","【WithBetter】 Soda Coke Tap Saver Upside Down Drinking Water Dispenser Party Drink Machines 【BR】","shopee","https://shopee.com.br/【WithBetter】-Soda-Coke-Tap-Saver-Upside-Down-Drinking-Water-Dispenser-Party-Drink-Machines-【BR】-i.252081964.17835966467","pesquisar_marketplaces","Nenhum produto equivalente com link afiliado confirmado foi encontrado no catalogo.","0","","","","0"
"1687","kool Wall Dispensador Manual De Sabonete Em Gel Para Mãos Montado Recipientes Líquido , Shampoo , Condicionadores , Showe","shopee","https://shopee.com.br/kool-Wall-Mounted-Mão-Gel-Dispenser-Manual-Do-Dispensador-De-Sabão-Líquido-Recipientes-Para-Sabonete-Shampoo-Condicionadors-Showe-i.191734563.20606382183","pesquisar_marketplaces","Nenhum produto equivalente com link afiliado confirmado foi encontrado no catalogo.","0","","","","0"
"1688","Flat Mop com Torneirinha Rodo Magico Esfregão com Balde com 2 Refil","shopee","https://shopee.com.br/Flat-Mop-com-Torneirinha-Rodo-Magico-Esfregão-com-Balde-1-Refil-Gratis-i.330176676.11133910483","pesquisar_marketplaces","Nenhum produto equivalente com link afiliado confirmado foi encontrado no catalogo.","0","","","","0"
"1689","Suporte Multiuso 6 Ganchos 2 Ventosas Forte Parede Azulejo","shopee","https://shopee.com.br/Suporte-Multiuso-6-Ganchos-2-Ventosas-Forte-Parede-Azulejo-i.404900407.8762909626","pesquisar_marketplaces","Nenhum produto equivalente com link afiliado confirmado foi encontrado no catalogo.","0","","","","0"
"1692","Cobertor Travesseiro 2 Em 1 Almofada Travesseiro","shopee","https://shopee.com.br/Cobertor-Travesseiro-2-Em-1-Almofada-Travesseiro-i.239167775.6723194738","pesquisar_marketplaces","Nenhum produto equivalente com link afiliado confirmado foi encontrado no catalogo.","0","","","","0"
"1693","1 UNI-Cabide Para Armário Gancho Suporte Com 5 Ganchos Universal 24x10cmx2,5cm","shopee","https://shopee.com.br/1-Cabide-de-5-Ganchos-Para-ARMÁRIO-de-24-x-10-x-2cm-ou-de-25-3-x-9-x-2-5-cm-i.478733087.12040052915","pesquisar_marketplaces","Nenhum produto equivalente com link afiliado confirmado foi encontrado no catalogo.","0","","","","0"
"1694","12 Unidades  Pacote Cadarços Esportivos Preguiçosos Portátil Colorido Criativo Elástico Popular Casual Conveniente Silicone","shopee","https://shopee.com.br/12-Unidades-Pacote-Cadarços-Esportivos-Preguiçosos-Portátil-Colorido-Criativo-Elástico-Popular-Casual-Conveniente-Silicone-i.293205414.2971513848","pesquisar_marketplaces","Nenhum produto equivalente com link afiliado confirmado foi encontrado no catalogo.","0","","","","0"
"1696","Conjunto De Assento Sanitário Descartável Não Tecido Capa De Vaso Impermeável Portátil Para Mulheres Grávidas","shopee","https://shopee.com.br/Conjunto-De-Assento-Sanitário-Descartável-Não-Tecido-Capa-De-Vaso-Impermeável-Portátil-Para-Mulheres-Grávidas-i.516634004.17572093034","pesquisar_marketplaces","Nenhum produto equivalente com link afiliado confirmado foi encontrado no catalogo.","0","","","","0"
"1697","Ventilador De Parede Dobrável 4 Em 1 Mesa Portátil Circular 1500mAh Telescópica Com 4 Velocidades Mini Teto Lâmpada","shopee","https://shopee.com.br/4-Em-1-Recarregável-Ventilador-De-Refrigeração-Mesa-Portátil-1500mAh-Telescópica-Dobrável-Fã-Handheld-4-Velocidades-Mini-i.692727016.17427404938","pesquisar_marketplaces","Nenhum produto equivalente com link afiliado confirmado foi encontrado no catalogo.","0","","","","0"
"1698","Necessaire Bolsa Organizadora Sapato Viagem Porta Toalha","shopee","https://shopee.com.br/Necessaire-Bolsa-Organizadora-Sapato-Viagem-Porta-Toalha-i.393729004.7782590236","pesquisar_marketplaces","Nenhum produto equivalente com link afiliado confirmado foi encontrado no catalogo.","0","","","","0"
"1699","Capa De Almofada Florida Estampada Elástica Para SofáSala De EstarDecoração De Casa","shopee","https://shopee.com.br/Capa-De-Almofada-Florida-Estampada-Elástica-Para-Sofá-Sala-De-Estar-Decoração-De-Casa-i.442145017.3594564273","pesquisar_marketplaces","Nenhum produto equivalente com link afiliado confirmado foi encontrado no catalogo.","0","","","","0"
"1700","Suporte De Escovas Com Copos Para Enxague E Dispenser De Creme Dental","shopee","https://shopee.com.br/Suporte-De-Escovas-Com-Copos-Para-Enxague-E-Dispenser-De-Creme-Dental-i.665445521.16640411522","pesquisar_marketplaces","Nenhum produto equivalente com link afiliado confirmado foi encontrado no catalogo.","0","","","","0"
"1701","Debulhador Descascador Ralador Espiga Milho Reservatorio Redondo 400ml","shopee","https://shopee.com.br/Debulhador-Descascador-Ralador-Espiga-Milho-Reservatorio-Redondo-400ml-i.303933654.5057603967","pesquisar_marketplaces","Nenhum produto equivalente com link afiliado confirmado foi encontrado no catalogo.","0","","","","0"
"1702","SUER Fechador Magnético De Porta De Cozinha Com Armário De Parafuso Decoração De Casa Adesivo Sem Furos","shopee","https://shopee.com.br/SUER-Trava-Magnética-De-Porta-Com-Parafuso-Para-Armário-Decoração-De-Casa-Sem-Furar-i.207214780.8193035448","pesquisar_marketplaces","Nenhum produto equivalente com link afiliado confirmado foi encontrado no catalogo.","0","","","","0"
"1703","Suporte Organizador Plástico De Parede Para Armazenar Sacolas De Mantã Q3W7","shopee","https://shopee.com.br/Suporte-Organizador-Plástico-De-Parede-Para-Armazenar-Sacolas-De-Mantã-Q3W7-i.452463067.13305101715","pesquisar_marketplaces","Nenhum produto equivalente com link afiliado confirmado foi encontrado no catalogo.","0","","","","0"
"1704","Kit Soldador Sem Fio De Solda Elétrica Vip Portátil 5v 8w Usb","shopee","https://shopee.com.br/Kit-Soldador-Sem-Fio-De-Solda-Elétrica-Vip-Portátil-5v-8w-Usb-i.290351887.13601826033","pesquisar_marketplaces","Nenhum produto equivalente com link afiliado confirmado foi encontrado no catalogo.","0","","","","0"
"1705","Potinho Pote Prato Mágico Giratório 360° Infantil Gyro Bowl","shopee","https://shopee.com.br/Potinho-Pote-Prato-Mágico-Giratório-360°-Infantil-Gyro-Bowl-i.462380397.16422749103","pesquisar_marketplaces","Nenhum produto equivalente com link afiliado confirmado foi encontrado no catalogo.","0","","","","0"
"1706","Luminária Led Sensor Presença (somente no escuro) Recarregável com cabo Usb Armario ou Guarda-roupa , Carca De Liga De Alumínio Específico Utilizado Na Área Da Aeronáutica.","shopee","https://shopee.com.br/Luminária-Led-Sensor-Presença-Recarregável-com-cabo-Usb-Armario-ou-Guarda-roupa-Carca-De-Liga-De-Alumínio-Específico-Utilizado-Na-Área-Da-Aeronáutica.-i.400984764.11227587765","pesquisar_marketplaces","Nenhum produto equivalente com link afiliado confirmado foi encontrado no catalogo.","0","","","","0"
"1707","YIFEI Ventilador de Dobramento Chegam Novas Hand Held Leques Viajar cap verão Chapéu de Sol boné de Pano de Bambu Fã Dança Floral Da Menina Das Mulheres","outro","https://pt.aliexpress.com/item/32823006674.html","pesquisar_marketplaces","Nenhum produto equivalente com link afiliado confirmado foi encontrado no catalogo.","0","","","","0"
"1709","Rolo de Papel de Parede Adesivo Estampado em Madeira Decoração e Reforma - XL3041-XL3049","shopee","https://shopee.com.br/product/404880878/16646826717","pesquisar_marketplaces","Nenhum produto equivalente com link afiliado confirmado foi encontrado no catalogo.","0","","","","0"
"1710","250G Pomada universal Para Reparo De Parede Agrupantes Bonitos Selantes Paredes Peeling Grafite Gap Ferramenta De Construção Creme","shopee","https://shopee.com.br/250G-Pomada-universal-Para-Reparo-De-Parede-Agrupantes-Bonitos-Selantes-Paredes-Peeling-Grafite-Gap-Ferramenta-De-Construção-Creme-i.634184380.17591116405","pesquisar_marketplaces","Nenhum produto equivalente com link afiliado confirmado foi encontrado no catalogo.","0","","","","0"
"1711","Novo Estilo Moda , Estoque Pronto Para Embarque Gratuito Caixa De Armazenamento De Louça De Mesa De Dupla Camada Com Pratos De Tampa Cozinha Rack De Drenagem De Prateleira Armário Plástico","shopee","https://shopee.com.br/product/865210771/22827284237","pesquisar_marketplaces","Nenhum produto equivalente com link afiliado confirmado foi encontrado no catalogo.","0","","","","0"
"1712","Frigideira de dupla face, sanduíche de luz removível, panela de cozimento, sanduíche de café da manhã, Panini Press Grill com cabo de madeira para bacon de ovo de queijo todos os dias","shopee","https://shopee.com.br/product/539423407/10998955415","pesquisar_marketplaces","Nenhum produto equivalente com link afiliado confirmado foi encontrado no catalogo.","0","","","","0"
"1713","Primavera Verão Outono Sapatos De Bebê Soft-Soled Baby Toddler Meninas Interior Meias De Malha","shopee","https://shopee.com.br/product/928818842/23238513483","pesquisar_marketplaces","Nenhum produto equivalente com link afiliado confirmado foi encontrado no catalogo.","0","","","","0"
"1714","lotsofgood-Rede De Lona Portátil Conveniente Para O Exterior Sem Suporte Multi-Funcional Prática De Camping Swing Sleep","shopee","https://shopee.com.br/product/183966563/23038981582","pesquisar_marketplaces","Nenhum produto equivalente com link afiliado confirmado foi encontrado no catalogo.","0","","","","0"
"1715","[7 Cores] Mochila De Basquetebol Esportiva Ginásio Armazenamento Grande Capacidade Ombros De Viagem Futebol Vôlei","shopee","https://shopee.com.br/product/449722433/22832555194","pesquisar_marketplaces","Nenhum produto equivalente com link afiliado confirmado foi encontrado no catalogo.","0","","","","0"
"1716","Armário De Calçados Simples Ferramenta Manual Criativa Multicamadas Porta De Banheiro Dormitório Plástico De Prateleira","shopee","https://shopee.com.br/product/792753813/20566764453","pesquisar_marketplaces","Nenhum produto equivalente com link afiliado confirmado foi encontrado no catalogo.","0","","","","0"
"1717","1 Pcs Nail Art Graffiti Pen Black White UV Gel Polonês Design Dot Pintura Detalhe Caneta Prego Desenho Escovas DIY Ferramentas Da Arte Do","shopee","https://shopee.com.br/product/701919783/16462077230","revisao_conflito_video","O mesmo arquivo de video aparece associado a titulos de produtos diferentes.","0","","","","0"
"1718","5D Conjunto De Adesivos Branqueadores Dentes Adesivo Branqueador Dental","shopee","https://shopee.com.br/product/847930959/20842939411","revisao_conflito_video","O mesmo arquivo de video aparece associado a titulos de produtos diferentes.","0","","","","0"
"1719","Aspirador Portátil Recarregável Para Carro Sem Fio Mini Casa","shopee","https://shopee.com.br/Aspirador-Portátil-Recarregável-Para-Carro-Sem-Fio-Mini-Casa-i.984822473.23095571550","pesquisar_marketplaces","Nenhum produto equivalente com link afiliado confirmado foi encontrado no catalogo.","0","","","","0"
"1720","Cinto de correção de postura de volta ajustável mulheres homens evitar afrouxamento aliviar a dor postura correias clavícula suporte cinta","outro","https://pt.aliexpress.com/item/1005004678794094.html","pesquisar_marketplaces","Nenhum produto equivalente com link afiliado confirmado foi encontrado no catalogo.","0","","","","0"
"1722","Unihu Testador Medidor De Pilhas Com Capacidade Da Bateria 1,5v LCD Mostrador Digital Teste Rápido Ferramentas","shopee","https://shopee.com.br/product/364517764/9438155501","pesquisar_marketplaces","Nenhum produto equivalente com link afiliado confirmado foi encontrado no catalogo.","0","","","","0"
"1723","Rede Tela Mosquiteiro Protetora de Alimentos Abre Fecha Ideal para Café Bolo Comidas Contra Moscas Mosquitos","shopee","https://shopee.com.br/product/854770065/18641297008","pesquisar_marketplaces","Nenhum produto equivalente com link afiliado confirmado foi encontrado no catalogo.","0","","","","0"
"1724","(Atualização) Ventilador De Pescoço Dobrável Botão De Toque Portátil Refrigeração Máscara Com USB 360 Graus Neckband Saídas De Ar 5000Mah Recarregável","shopee","https://shopee.com.br/product/234745801/11195834357","pesquisar_marketplaces","Nenhum produto equivalente com link afiliado confirmado foi encontrado no catalogo.","0","","","","0"
"1725","Caixa De Armazenamento Extra Grande Capacidade Organizadora De Roupas Domésticas Dormitório Estudantil Dobrável De Livros","shopee","https://shopee.com.br/Caixa-De-Armazenamento-Extra-Grande-Capacidade-Organizadora-De-Roupas-Domésticas-Dormitório-Estudantil-Dobrável-De-Livros-i.848649763.18072411250","pesquisar_marketplaces","Nenhum produto equivalente com link afiliado confirmado foi encontrado no catalogo.","0","","","","0"
"1726","Descascador Multifuncional Automático De Frutas Para Descascar Ferramenta","shopee","https://shopee.com.br/Descascador-Multifuncional-Automático-De-Frutas-Para-Descascar-Ferramenta-i.745978101.16553055460","pesquisar_marketplaces","Nenhum produto equivalente com link afiliado confirmado foi encontrado no catalogo.","0","","","","0"
"1728","Ventosa Suporte Do Telefone Móvel Carro Titular Console Central Mecânica De Fixação De Navegação Braço Tiro Grande Caminhão","shopee","https://shopee.com.br/product/692536292/14365052255","pesquisar_marketplaces","Nenhum produto equivalente com link afiliado confirmado foi encontrado no catalogo.","0","","","","0"
"1729","Bolsa esportiva bolsa de armazenamento de grande capacidade MarisaStore","shopee","https://shopee.com.br/Bolsa-esportiva-bolsa-de-armazenamento-de-grande-capacidade-MarisaStore-i.400311012.18965057866","pesquisar_marketplaces","Nenhum produto equivalente com link afiliado confirmado foi encontrado no catalogo.","0","","","","0"
"1730","Dispensador de água com aquecimento instantâneo, 1600w, 3s, bomba elétrica de aquecimento rápido, balde para viagem, dispensador de garrafa 220v","outro","https://pt.aliexpress.com/item/1005002686817267.html","pesquisar_marketplaces","Nenhum produto equivalente com link afiliado confirmado foi encontrado no catalogo.","0","","","","0"
"1731","Calça Pantalona Feminina Com Bolso Cintura Alta Moda Super Envio! ! 00005555","shopee","https://shopee.com.br/product/412381529/22491024088","pesquisar_marketplaces","Nenhum produto equivalente com link afiliado confirmado foi encontrado no catalogo.","0","","","","0"
"1732","SUEBR Ferramentas De Limpeza De Panelas De Ferro Fundido Chainmail","shopee","https://shopee.com.br/product/207214780/21396968428","pesquisar_marketplaces","Nenhum produto equivalente com link afiliado confirmado foi encontrado no catalogo.","0","","","","0"
"1733","Chave De Catraca De Rotação De 360 GrausTrabalho De CarroCruzHexagonalEfeforço","shopee","https://shopee.com.br/product/237278390/21905502467","pesquisar_marketplaces","Nenhum produto equivalente com link afiliado confirmado foi encontrado no catalogo.","0","","","","0"
"1734","Influenciador Mesmo EstiloDobrávelSem Fundo MosquiteiroCapa Portátil Para EstudanteSuspenso InferiorSimples Instalação","shopee","https://shopee.com.br/product/885735936/22616045266","pesquisar_marketplaces","Nenhum produto equivalente com link afiliado confirmado foi encontrado no catalogo.","0","","","","0"
"1735","Capa de Puff Redondo Grande Suede Medida 1.40x20 Diâmetro Sem Enchimento","shopee","https://shopee.com.br/product/290232575/12420434982","pesquisar_marketplaces","Nenhum produto equivalente com link afiliado confirmado foi encontrado no catalogo.","0","","","","0"
"1736","Tapete Para Box Retangular Massagem Pés Relaxante Banheiro Antiderrapante Com Ventosa","shopee","https://shopee.com.br/product/416918278/20417336455","pesquisar_marketplaces","Nenhum produto equivalente com link afiliado confirmado foi encontrado no catalogo.","0","","","","0"
"1738","Lençol de Transferência Para Pessoas Acamadas E Com Mobilidade Reduzida LongeviTech 1,37x0,97m","shopee","https://shopee.com.br/Lençol-de-Transferência-Para-Pessoas-Acamadas-E-Com-Mobilidade-Reduzida-LongeviTech-1-37x0-97m-i.422079123.20334750640","pesquisar_marketplaces","Nenhum produto equivalente com link afiliado confirmado foi encontrado no catalogo.","0","","","","0"
"1739","[Destaque] 10Pcsset Princesa Mononoke Blue Green Tree Spirits Micro Landscape Figure Ornament Mini Briquetes Luminosos Elf Garden Decoração Alienígena","shopee","https://shopee.com.br/product/237278390/18073848974","pesquisar_marketplaces","Nenhum produto equivalente com link afiliado confirmado foi encontrado no catalogo.","0","","","","0"
"1740","36Pcs Fita Adesiva Sem Medo Feminina De Dupla Face Para Roupas E CorpoCor Transparente Todas As Sombras De Pele","shopee","https://shopee.com.br/product/191439632/19608601169","pesquisar_marketplaces","Nenhum produto equivalente com link afiliado confirmado foi encontrado no catalogo.","0","","","","0"
"1741","UPSTOP Hair Remover Balls Alta Qualidade Para Roupas Sofá Cama Limpador Multifuncional Removedor De Lintura","shopee","https://shopee.com.br/product/266360325/19478598671","pesquisar_marketplaces","Nenhum produto equivalente com link afiliado confirmado foi encontrado no catalogo.","0","","","","0"
"1742","Colchão inflável do agregado familiar cama inflável única grossa cama de almofada de ar de dupla camada bomba elétrica embutida","outro","https://pt.aliexpress.com/item/4000893063565.html","pesquisar_marketplaces","Nenhum produto equivalente com link afiliado confirmado foi encontrado no catalogo.","0","","","","0"
"1743","Kit 3 Mantas Asfáltica Aluminizadas Auto Adesiva - 90cm X 10m","shopee","https://shopee.com.br/product/751905343/11195686444","pesquisar_marketplaces","Nenhum produto equivalente com link afiliado confirmado foi encontrado no catalogo.","0","","","","0"
"1744","Cogumelo Umidificador De Ar De Chuva Difusor De Fragrância De Luz Nocturna Colorida Para Casa","shopee","https://shopee.com.br/product/891315732/21275840245","pesquisar_marketplaces","Nenhum produto equivalente com link afiliado confirmado foi encontrado no catalogo.","0","","","","0"
"1745","Máscara Anti-Rugas Com Ácido Hialurônico Elevação Microcristalino Beleza Nasolabial Dobras Adesivos Remoção De","shopee","https://shopee.com.br/product/742000310/21343163370","pesquisar_marketplaces","Nenhum produto equivalente com link afiliado confirmado foi encontrado no catalogo.","0","","","","0"
"1746","COZINHA Tampa De Furo Reservado Prático Exterior Separável Painel Snap-on Capas Decorativas De Arame De Parede","shopee","https://shopee.com.br/product/266757577/21944914030","pesquisar_marketplaces","Nenhum produto equivalente com link afiliado confirmado foi encontrado no catalogo.","0","","","","0"
"1747","Brinquedo Comedouro Interativo Cães Quebra Cabeça Pet Nfe","shopee","https://shopee.com.br/product/911761016/23409608337","pesquisar_marketplaces","Nenhum produto equivalente com link afiliado confirmado foi encontrado no catalogo.","0","","","","0"
"1748","🔥hot sale🔥100200CM Espelho Acrílico Adesivos De Parede Retângulo Autoadesivo DIY Banheiro À Prova D_água Na Arte","shopee","https://shopee.com.br/product/331125670/6179118434","pesquisar_marketplaces","Nenhum produto equivalente com link afiliado confirmado foi encontrado no catalogo.","0","","","","0"
"1749","Purificador De Água Da Torneira Modo De Saída Dupla Doméstica","shopee","https://shopee.com.br/product/268149194/19947692436","pesquisar_marketplaces","Nenhum produto equivalente com link afiliado confirmado foi encontrado no catalogo.","0","","","","0"
"1750","Bolsa De Nylon Para Homens Laptop Bolsas Transversal Multifuncional De Ombro Mensageiro","shopee","https://shopee.com.br/product/362477445/20962243586","pesquisar_marketplaces","Nenhum produto equivalente com link afiliado confirmado foi encontrado no catalogo.","0","","","","0"
"1751","Divirta a Criançada com a Tampa de Pasta de dente Pensador - Imagine a Surpresa no Banheiro - Pasta Dental","shopee","https://shopee.com.br/product/255280760/12349579272","pesquisar_marketplaces","Nenhum produto equivalente com link afiliado confirmado foi encontrado no catalogo.","0","","","","0"
"1752","Fita Adesiva Para Vedação De JanelaPortaControle InternoResistente Ao SomIsolamento Anti Vazamentos Ar","shopee","https://shopee.com.br/Fita-Adesiva-Para-Vedação-De-Janela-Porta-Controle-Interno-Resistente-Ao-Som-Isolamento-Anti-Vazamentos-Ar-i.745631864.17557760216","pesquisar_marketplaces","Nenhum produto equivalente com link afiliado confirmado foi encontrado no catalogo.","0","","","","0"
"1753","HANDBAG Lavador De Lentes De Contato Ferramentas De Limpeza Manual Para Cactos","shopee","https://shopee.com.br/HANDBAG-Lavador-De-Lentes-De-Contato-Ferramentas-De-Limpeza-Manual-Para-Cactos-i.431643916.18645303282","pesquisar_marketplaces","Nenhum produto equivalente com link afiliado confirmado foi encontrado no catalogo.","0","","","","0"
"1754","Fritadeira Philco Air Fryer 2 em 1 Oven 11L PFR2000P 127V","amazon","https://www.amazon.com.br/Fritadeira-Philco-Forno-Oven-PFR2000P/dp/B085G1TFTM","pesquisar_marketplaces","Nenhum produto equivalente com link afiliado confirmado foi encontrado no catalogo.","0","","","","0"
"1756","Decalque para o carro Decalque Reflector de Luz do Capô, para o Vingador Decalque do Homem de Ferro Decalque do Homem de Ferro Decalque do Carro Auto Auto Auto Auto Auto Auto Auto Auto Auto Auto Au","shopee","https://shopee.com.br/product/450988591/18396979617","pesquisar_marketplaces","Nenhum produto equivalente com link afiliado confirmado foi encontrado no catalogo.","0","","","","0"
"1757","Colher De Silicone De Apertar Pasta De Arroz Frutas E Legumes Purê De Vegetais Biberão De Alimentação De BebêGarrafa De Remédios","shopee","https://shopee.com.br/product/914845261/22925364063","pesquisar_marketplaces","Nenhum produto equivalente com link afiliado confirmado foi encontrado no catalogo.","0","","","","0"
"1758","TATUAGEM TEMPORÁRIA  TATUAGENS  TATTOO  SEXY SHOP  BORBOLETA ( cartela 19)","shopee","https://shopee.com.br/product/445726775/11769980555","pesquisar_marketplaces","Nenhum produto equivalente com link afiliado confirmado foi encontrado no catalogo.","0","","","","0"
"1759","Cortador De Unha Anti-Splash Fingernail Clipper Com Bandeja Colecionável De Aço Inoxidável SHOPSBC1199","sem_link","","pesquisar_marketplaces","Nenhum produto equivalente com link afiliado confirmado foi encontrado no catalogo.","0","","","","0"
"1760","10 Peças  Jogo Corretor De Unha Encravadas Para Unhas Encravadas","shopee","https://shopee.com.br/product/280887073/6196605620","pesquisar_marketplaces","Nenhum produto equivalente com link afiliado confirmado foi encontrado no catalogo.","0","","","","0"
"1761","Pente De Pêssego Coração Dupla FaceEscova De BarbearCabelo Para IniciantesAparador De FaixasCuidados PessoaisFerramentas De BarbeiroCorte & Faixa Fina Fino","shopee","https://shopee.com.br/product/207580522/19541007722","pesquisar_marketplaces","Nenhum produto equivalente com link afiliado confirmado foi encontrado no catalogo.","0","","","","0"
"1764","Mini tábua de engomar dobrável, desktop, multifuncional, suporte para uso doméstico e em viagens, novo, venda quente","outro","https://pt.aliexpress.com/item/1005005001768469.html","pesquisar_marketplaces","Nenhum produto equivalente com link afiliado confirmado foi encontrado no catalogo.","0","","","","0"
"1765","Nova Bolsa De Couro De Um Ombro Da Moda Quadrada Pequena kf224","shopee","https://shopee.com.br/product/669082189/21073323852","pesquisar_marketplaces","Nenhum produto equivalente com link afiliado confirmado foi encontrado no catalogo.","0","","","","0"
"1766","Torneira e Pia 8 Em 1 Multifuncional Ferramenta De Chave De Instalação","shopee","https://shopee.com.br/product/534109767/14470255924","pesquisar_marketplaces","Nenhum produto equivalente com link afiliado confirmado foi encontrado no catalogo.","0","","","","0"
"1767","Mochila Com Tudo Estilosa Feminina Armazenamento Dobrável Bolsa Esportiva De Curta Distância Academia Separação Úmida De Natação Lazer Bordada Na Moda","shopee","https://shopee.com.br/product/817988739/22116871493","pesquisar_marketplaces","Nenhum produto equivalente com link afiliado confirmado foi encontrado no catalogo.","0","","","","0"
"1769","Escova De Limpeza Esfregão 2 Em 1 Vassoura Rodo Chão Cozinha Banheiro","shopee","https://shopee.com.br/product/871798706/16292337511","pesquisar_marketplaces","Nenhum produto equivalente com link afiliado confirmado foi encontrado no catalogo.","0","","","","0"
"1770","Infusor De Chá Aço Inoxidável Coador Filtro ErvasMini Infusor De Chá E Ervas Inox Peneira Coador Corrente Bolinha","shopee","https://shopee.com.br/product/341209981/16879760885","pesquisar_marketplaces","Nenhum produto equivalente com link afiliado confirmado foi encontrado no catalogo.","0","","","","0"
"1771","Bolhas De Sabão 69 Buracos Pistola Máquina Elétrica gatling Bolha Arma Forma Foguete Ventilador Automático Com Luz Para As Crianças Brinquedos De Banho De Presente 17HB","shopee","https://shopee.com.br/product/765301347/21713590524","pesquisar_marketplaces","Nenhum produto equivalente com link afiliado confirmado foi encontrado no catalogo.","0","","","","0"
"1772","Quarto Quarentena Cerca de Segurança Do Bebê Cama Na Cama Kid Protetor de Dormir Guardrail Anti-Queda Segurança Rail Side Cerca de Proteção","outro","https://pt.aliexpress.com/item/1005005287479461.html","pesquisar_marketplaces","Nenhum produto equivalente com link afiliado confirmado foi encontrado no catalogo.","0","","","","0"
"1773","Painel Adesivo Quadro Nichos 3d Vasos 3 Peças","shopee","https://shopee.com.br/Painel-Adesivo-Quadro-Nichos-3d-Vasos-3-Peças-i.340479215.8017108718","pesquisar_marketplaces","Nenhum produto equivalente com link afiliado confirmado foi encontrado no catalogo.","0","","","","0"
"1774","10pçs Adesivos Absorventes Descartáveis InvisívelDesodorante Não Tecido De Algodão Para AxilasCuidados","shopee","https://shopee.com.br/product/264593369/21100901622","pesquisar_marketplaces","Nenhum produto equivalente com link afiliado confirmado foi encontrado no catalogo.","0","","","","0"
"1775","Mop Limpador Multiuso Spin & Go Pro Polishop","shopee","https://shopee.com.br/product/810071078/18731171715","pesquisar_marketplaces","Nenhum produto equivalente com link afiliado confirmado foi encontrado no catalogo.","0","","","","0"
"1776","Papel De Parede 3D Placa Adesivo Espuma Autocolante Tijolo Madeira Pedra Canjiquinha Impermeável Alto Relevo 30cmx30cm","shopee","https://shopee.com.br/product/372762135/8481429540","pesquisar_marketplaces","Nenhum produto equivalente com link afiliado confirmado foi encontrado no catalogo.","0","","","","0"
"1777","Alívio Do Estresse Brinquedo Porquinho De Com Ressalto Criativo Pele Rosa Adequado Para Adultos E Crianças","shopee","https://shopee.com.br/product/632357287/22034418957","pesquisar_marketplaces","Nenhum produto equivalente com link afiliado confirmado foi encontrado no catalogo.","0","","","","0"
"1778","LED Luz Sensor Noturna Movimento USB Sem Fio Iluminação Luzes","shopee","https://shopee.com.br/product/359530883/20526975511","pesquisar_marketplaces","Nenhum produto equivalente com link afiliado confirmado foi encontrado no catalogo.","0","","","","0"
"1779","Desentupidor De Pia Privada Vaso Encanamento Bomba Pressão","shopee","https://shopee.com.br/product/406266212/12475229251","pesquisar_marketplaces","Nenhum produto equivalente com link afiliado confirmado foi encontrado no catalogo.","0","","","","0"
"1780","Levitação magnética flutuante 3d flor imortal led eletrônico anti-gravidade luz da noite decoração para casa presente de aniversário","outro","https://pt.aliexpress.com/item/1005004132018235.html","pesquisar_marketplaces","Nenhum produto equivalente com link afiliado confirmado foi encontrado no catalogo.","0","","","","0"
"1781","Motocicleta Elétrica Infantil Carro Elétrico de Três Rodas 1-6 Anos de Idade Carro de Brinquedo Infantil Com Música Kids Ride-On Toys Scooter","outro","https://pt.aliexpress.com/item/1005005553741846.html","pesquisar_marketplaces","Nenhum produto equivalente com link afiliado confirmado foi encontrado no catalogo.","0","","","","0"
"1782","1 Espelhos para Retrovisor Convexo Auxiliar Carro e Moto carro projetando-se da zona cega auxiliar do motor externo de 5 cm de centro universal alvo","shopee","https://shopee.com.br/product/426797398/9771512623","pesquisar_marketplaces","Nenhum produto equivalente com link afiliado confirmado foi encontrado no catalogo.","0","","","","0"
"1784","kit Toppik Aplicador E Cabelo Fibra Disfarce Careca","shopee","https://shopee.com.br/product/760136168/14286770751","pesquisar_marketplaces","Nenhum produto equivalente com link afiliado confirmado foi encontrado no catalogo.","0","","","","0"
"1786","CANECA CÔNICA COM COLHER CUNHADA PRESENTE LEMBRANÇA CUNHADA CANECA PERSONALIZADA","shopee","https://shopee.com.br/CANECA-CÔNICA-COM-COLHER-CUNHADA-PRESENTE-LEMBRANÇA-CUNHADA-CANECA-PERSONALIZADA-i.291573445.20756824395","pesquisar_marketplaces","Nenhum produto equivalente com link afiliado confirmado foi encontrado no catalogo.","0","","","","0"
"1787","Garrafa Squeeze Fosco Térmica Aço Inox Com Copo Stainless Steel Top","shopee","https://shopee.com.br/product/647935056/16538597982","pesquisar_marketplaces","Nenhum produto equivalente com link afiliado confirmado foi encontrado no catalogo.","0","","","","0"
"1788","Espremedor Amassador Triturador De Alho Manual Cozinha Inox","shopee","https://shopee.com.br/product/955956787/22128109842","pesquisar_marketplaces","Nenhum produto equivalente com link afiliado confirmado foi encontrado no catalogo.","0","","","","0"
"1790","Adaprox Fingerbot O Menor Robô Smart LifeTUYAAPP Braços Mecânicos Inteligentes Trabalhar Com Alexa Google Assistant","shopee","https://shopee.com.br/product/358278283/8476082315","pesquisar_marketplaces","Nenhum produto equivalente com link afiliado confirmado foi encontrado no catalogo.","0","","","","0"
"1791","Unha Postiça Bailarina e Stiletto Unhas Postiças Natural ou Transparente  Curvatura (c) Longa com 24 Estileto Unhas de Gato Coloridas","shopee","https://shopee.com.br/product/315663183/6556587266","pesquisar_marketplaces","Nenhum produto equivalente com link afiliado confirmado foi encontrado no catalogo.","0","","","","0"
"1792","Luvas De Limpeza De Pó Em Escala De Peixe 1020pcs Fibra De Cozinha Reutilizáveis Ferramentas","shopee","https://shopee.com.br/product/745631864/18169136412","pesquisar_marketplaces","Nenhum produto equivalente com link afiliado confirmado foi encontrado no catalogo.","0","","","","0"
"1793","(WTED) 1 Conjunto De Brincos Mostruário Caixa Em Forma De Cabide Acrílico Suporte Para De Mesa","shopee","https://shopee.com.br/product/589772202/21370324170","pesquisar_marketplaces","Nenhum produto equivalente com link afiliado confirmado foi encontrado no catalogo.","0","","","","0"
"1794","Placa Ripado 30x30cm  kit 22 peças (2m²)  10 Cores  Anti-impacto  Decoração de parede","shopee","https://shopee.com.br/product/386232023/18944276448","pesquisar_marketplaces","Nenhum produto equivalente com link afiliado confirmado foi encontrado no catalogo.","0","","","","0"
"1795","Grade De Idoso Cama Apoio De Segurança Proteção","shopee","https://shopee.com.br/product/869900565/15393560806","pesquisar_marketplaces","Nenhum produto equivalente com link afiliado confirmado foi encontrado no catalogo.","0","","","","0"
"1796","Escova de limpeza Multiuso Com Dispenser multifuncional escova de sapato cheia de líquido tipo prensa Para Casa Em Banheiro Cozinha Limpeza Multiuso","shopee","https://shopee.com.br/product/520779130/20375556407","pesquisar_marketplaces","Nenhum produto equivalente com link afiliado confirmado foi encontrado no catalogo.","0","","","","0"
"1797","Pressão Fogão indução gás Abertura rotativa e fechamento Alívio pressão à prova de explosão Panela pressão aço inoxidável","outro","https://pt.aliexpress.com/item/1005005472978784.html","pesquisar_marketplaces","Nenhum produto equivalente com link afiliado confirmado foi encontrado no catalogo.","0","","","","0"
"1798","BrinquedoAvião Luminoso Infantil De Espuma Com Controle Remoto","shopee","https://shopee.com.br/product/360731214/15711518715","pesquisar_marketplaces","Nenhum produto equivalente com link afiliado confirmado foi encontrado no catalogo.","0","","","","0"
"1799","travelight  Winter Women Hat Letter Labeling Ears Protection Cor Sólida Botões De Bola De Pelúcia Decoração Scarf Beanie Uso Diário","shopee","https://shopee.com.br/product/289673947/23895582160","pesquisar_marketplaces","Nenhum produto equivalente com link afiliado confirmado foi encontrado no catalogo.","0","","","","0"
"1800","FairyMalls Mini Ferro A Vapor Portátil Roupa Dupla Máquina De Passar Tecido","shopee","https://shopee.com.br/product/191491566/21332738656","pesquisar_marketplaces","Nenhum produto equivalente com link afiliado confirmado foi encontrado no catalogo.","0","","","","0"
"1801","Multifuncional 5 Em 1 Raspador De SiliconeSealante Suave Removedor Conjunto De Ferramentas Kit Rejunte Caulking SmoothVidro Ângulo Cola","shopee","https://shopee.com.br/product/237279032/13687742647","pesquisar_marketplaces","Nenhum produto equivalente com link afiliado confirmado foi encontrado no catalogo.","0","","","","0"
"1802","Esporte Portátil Liquidificador Liquidificador Suco Fresco Smoothies Espremedor Elétrico USB Recarregável Mixer Máquina 1000ml Grande Garrafa De Água","outro","https://pt.aliexpress.com/item/1005005086795014.html","pesquisar_marketplaces","Nenhum produto equivalente com link afiliado confirmado foi encontrado no catalogo.","0","","","","0"
"1803","Sabre de Luz do Grande Inquisidor","shopee","https://shopee.com.br/product/798904960/22820598919","pesquisar_marketplaces","Nenhum produto equivalente com link afiliado confirmado foi encontrado no catalogo.","0","","","","0"
"1804","Moinho De Vento Em Forma De Aromaterapia Solar Rotativa Perfume De Ar Condicionado Para Carros","shopee","https://shopee.com.br/product/721550229/19698502654","pesquisar_marketplaces","Nenhum produto equivalente com link afiliado confirmado foi encontrado no catalogo.","0","","","","0"
"1805","[Entrega 24 horas]40w48W 110v 220v 360 ° Luz Do Ventilador Com Cabeça Agitadora Fan Light LED Adequada Para Quarto , Estudo , De Crianças , Banheiro , Cozinha , Etc .","shopee","https://shopee.com.br/product/427678694/19877018617","pesquisar_marketplaces","Nenhum produto equivalente com link afiliado confirmado foi encontrado no catalogo.","0","","","","0"
"1806","6 LED Colorido Solar Libélula Chão Luzes Da PaisagemQuintal Impermeável Ao Ar Livre Decoração De Natal Jardim Luz","shopee","https://shopee.com.br/product/264979449/15887960719","pesquisar_marketplaces","Nenhum produto equivalente com link afiliado confirmado foi encontrado no catalogo.","0","","","","0"
"1807","100g Kafuter A + B Adesivo Reparador de Metal Super goma Ferro Aço Radiador Automóvel Tanque de Água Vazamento Especial Tampão Cola Solda","shopee","https://shopee.com.br/100g-Kafuter-A-B-Adesivo-Reparador-de-Metal-Super-goma-Ferro-Aço-Radiador-Automóvel-Tanque-de-Água-Vazamento-Especial-Tampão-Cola-Solda-i.479655412.13328078284","pesquisar_marketplaces","Nenhum produto equivalente com link afiliado confirmado foi encontrado no catalogo.","0","","","","0"
"1810","1200mAh Portable Solar Power Bank Carregador Solar Keychain Mini Power Bank Acampamento ao ar livre TYPE C Port Fast Charging Power Bank","outro","https://pt.aliexpress.com/item/1005005607278321.html","pesquisar_marketplaces","Nenhum produto equivalente com link afiliado confirmado foi encontrado no catalogo.","0","","","","0"
"1811","Spray Emborrachamento Revestik - Impermeabilizante Líquido - Borracha Líquida","shopee","https://shopee.com.br/Spray-Emborrachamento-Revestik-Impermeabilizante-Líquido-Borracha-Líquida-i.285255795.17076763944","pesquisar_marketplaces","Nenhum produto equivalente com link afiliado confirmado foi encontrado no catalogo.","0","","","","0"
"1812","Macacão Bebê Inverno Pijama Geral","shopee","https://shopee.com.br/product/632902043/20103591955","pesquisar_marketplaces","Nenhum produto equivalente com link afiliado confirmado foi encontrado no catalogo.","0","","","","0"
"1813","Máscara De Mel La Milee 60g Peel-Off Remove Blackheads Limpeza De Cutículas Hidratação Da Pele","shopee","https://shopee.com.br/product/266077550/19496934904","pesquisar_marketplaces","Nenhum produto equivalente com link afiliado confirmado foi encontrado no catalogo.","0","","","","0"
"1814","Armadilha Mata Moscas Mosquito elétrica Pega Pernilongos Prende Insetos bicho Gaiola","shopee","https://shopee.com.br/product/311177475/23395755858","pesquisar_marketplaces","Nenhum produto equivalente com link afiliado confirmado foi encontrado no catalogo.","0","","","","0"
"1815","Pulseira Redonda Silicone Para Celulares iPhone Samsung Motorola Caso Cinta DIY Colorido","shopee","https://shopee.com.br/Pulseira-Redonda-Silicone-Para-Celulares-iPhone-Samsung-Motorola-Caso-Cinta-DIY-Colorido-i.802346771.13796182645","pesquisar_marketplaces","Nenhum produto equivalente com link afiliado confirmado foi encontrado no catalogo.","0","","","","0"
"1816","Garrafa De Deriva Fluido De Cruzeiro Ornamento De Mesa Pequeno Presente De Aniversário Com Decoração De Descompressão","shopee","https://shopee.com.br/product/826958081/20437243267","pesquisar_marketplaces","Nenhum produto equivalente com link afiliado confirmado foi encontrado no catalogo.","0","","","","0"
"1817","Phomemo Mini Impressora De Adesivos Portátil De Bolso Instantâneo Térmico T02 Máquina De Fazer","shopee","https://shopee.com.br/product/778120018/16082710680","pesquisar_marketplaces","Nenhum produto equivalente com link afiliado confirmado foi encontrado no catalogo.","0","","","","0"
"1818","Caneca De Café De 3pcs Garrafa De Água Com Formato De Saco Copo Criativo","shopee","https://shopee.com.br/product/799637795/21367801252","pesquisar_marketplaces","Nenhum produto equivalente com link afiliado confirmado foi encontrado no catalogo.","0","","","","0"
"1820","Tuya Smart Bluetooth Jardim Irrigação Rega Temporizador WiFi Auto De Água Inteligente Do Telefone Móvel Controle Remoto","shopee","https://shopee.com.br/product/805962857/18017160515","pesquisar_marketplaces","Nenhum produto equivalente com link afiliado confirmado foi encontrado no catalogo.","0","","","","0"
"1821","Pastilha Decorativa Adesiva 3d Hexagonal Branca Resinada Para Banheiro","shopee","https://shopee.com.br/Pastilha-Decorativa-Adesiva-3d-Hexagonal-Branca-Resinada-Para-Banheiro-i.461654273.11031180720","pesquisar_marketplaces","Nenhum produto equivalente com link afiliado confirmado foi encontrado no catalogo.","0","","","","0"
"1822","Caixa De Armazenagem Automática De Ovos Rolantes Organizador De Cestas Frigor","shopee","https://shopee.com.br/product/241099945/23029037635","pesquisar_marketplaces","Nenhum produto equivalente com link afiliado confirmado foi encontrado no catalogo.","0","","","","0"
"1823","Cinta Modelador de Alta Compressão Cetinete Body Modelador Suplex Alça Reforçada Feminina Emagrecimento Microfibra Pós-operatório Cirúrgico Com Bojo","shopee","https://shopee.com.br/product/827714859/18135753918","pesquisar_marketplaces","Nenhum produto equivalente com link afiliado confirmado foi encontrado no catalogo.","0","","","","0"
"1824","mini Bolsa De Ombro Feminina Com Três Camadas Para Verão kf111","shopee","https://shopee.com.br/product/669082189/17204597564","pesquisar_marketplaces","Nenhum produto equivalente com link afiliado confirmado foi encontrado no catalogo.","0","","","","0"
"1825","Sandália Possession Aranha rasteira","shopee","https://shopee.com.br/product/434773077/21605604172","pesquisar_marketplaces","Nenhum produto equivalente com link afiliado confirmado foi encontrado no catalogo.","0","","","","0"
"1826","Mini Ventilador USB Em Formato De Urso violento Portátil","shopee","https://shopee.com.br/product/425326129/21171632961","pesquisar_marketplaces","Nenhum produto equivalente com link afiliado confirmado foi encontrado no catalogo.","0","","","","0"
"1827","Pet Sisal cama com reclinável ajustável, portátil dormir ninho, confortável ninho, cachorro e gato cadeira, cão suprimentos, 10kg","outro","https://pt.aliexpress.com/item/1005004594306893.html","pesquisar_marketplaces","Nenhum produto equivalente com link afiliado confirmado foi encontrado no catalogo.","0","","","","0"
"1828","Fritadeira Philco Air Fryer Oven 12L PFR2200P - 127V","amazon","https://www.amazon.com.br/dp/B08R93TVRG","pesquisar_marketplaces","Nenhum produto equivalente com link afiliado confirmado foi encontrado no catalogo.","0","","","","0"
"1829","Vaso de escova criativo artefato de lavagem doméstica escova de cozinha antiaderente escova de lavar louça de óleo escova multifuncional mais escova de lavagem de líquido","shopee","https://shopee.com.br/product/697240366/19425133695","pesquisar_marketplaces","Nenhum produto equivalente com link afiliado confirmado foi encontrado no catalogo.","0","","","","0"
"1830","Suporte Porta Copos Aquecedor de Caneca Elétrico Xícara Café Chá Portátil Bebida Quente Escritório Casa Coaster","shopee","https://shopee.com.br/Suporte-Porta-Copos-Aquecedor-de-Caneca-Elétrico-Xícara-Café-Chá-Portátil-Bebida-Quente-Escritório-Casa-Coaster-i.464213046.20098433414","pesquisar_marketplaces","Nenhum produto equivalente com link afiliado confirmado foi encontrado no catalogo.","0","","","","0"
"1831","AK_2PcsSet Adesivo De Parede Estilo Nórdico Auto-Removível À Prova D_água Decorativo De PVC Verde Planta Pendurada Cesta Mural Decalque Ornamento Do Quarto","shopee","https://shopee.com.br/product/207032413/23095996793","pesquisar_marketplaces","Nenhum produto equivalente com link afiliado confirmado foi encontrado no catalogo.","0","","","","0"
"1832","Adesivos de cozinha Resistente a AguaÓleoFogoAlta Temperatura - Usável em fogãoarmárioporta Inovação com Filme especial Tamahnho 60cmx2m.","shopee","https://shopee.com.br/Adesivos-de-cozinha-Resistente-a-Agua-Óleo-Fogo-Alta-Temperatura-Usável-em-fogão-armário-porta-Inovação-com-Filme-especial-Tamahnho-60cmx2m.-i.719874190.20661041250","pesquisar_marketplaces","Nenhum produto equivalente com link afiliado confirmado foi encontrado no catalogo.","0","","","","0"
"1833","Tiara Infantil De Tecido Vazada Com Laço De Enfeite Em Formato De Borboleta","shopee","https://shopee.com.br/Tiara-Infantil-De-Tecido-Vazada-Com-Laço-De-Enfeite-Em-Formato-De-Borboleta-i.544703766.9094249439","pesquisar_marketplaces","Nenhum produto equivalente com link afiliado confirmado foi encontrado no catalogo.","0","","","","0"
"1834","Economia De Energia Capa De Fogão A Gás Universal À Prova De Vento Disco Redondo Útil","shopee","https://shopee.com.br/product/321755598/22904892422","pesquisar_marketplaces","Nenhum produto equivalente com link afiliado confirmado foi encontrado no catalogo.","0","","","","0"
"1835","Kit 40 Clips Organizador Fixador Adesivo De Cabo Fios Parede","shopee","https://shopee.com.br/product/340574516/21274695610","pesquisar_marketplaces","Nenhum produto equivalente com link afiliado confirmado foi encontrado no catalogo.","0","","","","0"
"1836","6 Camadas Fralda De Bebê À Prova D _Água Reutilizável Pano Fraldas De Algodão Bebê Calças De Treinamento","shopee","https://shopee.com.br/product/497372874/13459311834","pesquisar_marketplaces","Nenhum produto equivalente com link afiliado confirmado foi encontrado no catalogo.","0","","","","0"
"1837","Almofada De Sofá De Pelúcia De Inverno Antiderrapante De Tecido Simples Moderno Lavável E Personalizado","shopee","https://shopee.com.br/product/423895758/16618693638","pesquisar_marketplaces","Nenhum produto equivalente com link afiliado confirmado foi encontrado no catalogo.","0","","","","0"
"1838","Luminária Solar LED Água De 7 Cores Para Decoração De JardimCaminhoPátio","shopee","https://shopee.com.br/product/264595192/12262093531","pesquisar_marketplaces","Nenhum produto equivalente com link afiliado confirmado foi encontrado no catalogo.","0","","","","0"
"1840","Worthdefence Nylon Adult Knee Pads for Joint Protection","shopee","https://shopee.com.br/Worthdefence-Nylon-Adult-Knee-Pads-for-Joint-Protection-i.499484454.5996151906","pesquisar_marketplaces","Nenhum produto equivalente com link afiliado confirmado foi encontrado no catalogo.","0","","","","0"
"1841","NS3 2 Paresset Casais Segurando Meias De Mão Com Ímã De Personalidade Boneca Estereoscópico De Algodão Branco Bonito Segurar","shopee","https://shopee.com.br/NS3-2-Pares-set-Casais-Segurando-Meias-De-Mão-Com-Ímã-De-Personalidade-Boneca-Estereoscópico-De-Algodão-Branco-Bonito-Segurar-i.611800883.20398594238","pesquisar_marketplaces","Nenhum produto equivalente com link afiliado confirmado foi encontrado no catalogo.","0","","","","0"
"1842","Kennel Mat Basket Pet Suprimentos De Inverno Caverna Batata1 Saco De Dormir Almofada Gato Cama De Gato","shopee","https://shopee.com.br/product/432163960/6597844411","pesquisar_marketplaces","Nenhum produto equivalente com link afiliado confirmado foi encontrado no catalogo.","0","","","","0"
"1843","Sofá-cama de veludo ajustável, simples Tatami Bay, janela ajustável, moderno e simples, 2 cores disponíveis","outro","https://pt.aliexpress.com/item/1005005721210345.html","pesquisar_marketplaces","Nenhum produto equivalente com link afiliado confirmado foi encontrado no catalogo.","0","","","","0"
"1844","Cola De Vedação Branca Para Furo De Parede Esgoto Doméstico Ar Condicionado Repelente De Óleo À Prova D_água Selo De Tubo","shopee","https://shopee.com.br/product/378822840/19952991066","pesquisar_marketplaces","Nenhum produto equivalente com link afiliado confirmado foi encontrado no catalogo.","0","","","","0"
"1845","Kit Coberdron Casal Queen Estampado 3 Pçs Dupla Face","shopee","https://shopee.com.br/product/514474285/16887045236","pesquisar_marketplaces","Nenhum produto equivalente com link afiliado confirmado foi encontrado no catalogo.","0","","","","0"
"1846","Notas adesivas stick note flags fininho marcador de página","shopee","https://shopee.com.br/product/516528572/19360020997","pesquisar_marketplaces","Nenhum produto equivalente com link afiliado confirmado foi encontrado no catalogo.","0","","","","0"
"1847","Mini Máquina Costura Portátil Elétrica Pilha + Pedal Bivolt 110V 220V","shopee","https://shopee.com.br/product/305047922/13714948300","pesquisar_marketplaces","Nenhum produto equivalente com link afiliado confirmado foi encontrado no catalogo.","0","","","","0"
"1848","Varal De Corda Elástica Colorido  Acampamento  Viagem  Portátil","shopee","https://shopee.com.br/product/413802090/18703958212","pesquisar_marketplaces","Nenhum produto equivalente com link afiliado confirmado foi encontrado no catalogo.","0","","","","0"
"1849","Dispenser De Refrigerante Suco Agua Suporte Com Torneira","shopee","https://shopee.com.br/product/910015264/21496891916","pesquisar_marketplaces","Nenhum produto equivalente com link afiliado confirmado foi encontrado no catalogo.","0","","","","0"
"1850","Sandálias Senhoras Chinelos De Cunha Calcanhar Soft Sole Leather Shoes","shopee","https://shopee.com.br/product/826894000/23427356232","pesquisar_marketplaces","Nenhum produto equivalente com link afiliado confirmado foi encontrado no catalogo.","0","","","","0"
"1851","Foxydry Mini, tendedero de ropa montado en el techo con polea, aireador plegable vertical para ropa de lavandería, estante de secado extensible para interiores y exteriores","outro","https://www.amazon.com/dp/B07NF1NK48","pesquisar_marketplaces","Nenhum produto equivalente com link afiliado confirmado foi encontrado no catalogo.","0","","","","0"
"1852","Capa De Vidro Dupla Face Para iPhone 14 13 Pro Max 12 14 14 Plus 360 Proteção Da Lente À Prova De Poeira Snap On Cover","shopee","https://shopee.com.br/Capa-De-Vidro-Dupla-Face-Para-iPhone-14-13-Pro-Max-12-14-14-Plus-360-Proteção-Da-Lente-À-Prova-De-Poeira-Snap-On-Cover-i.235323868.19907006957","pesquisar_marketplaces","Nenhum produto equivalente com link afiliado confirmado foi encontrado no catalogo.","0","","","","0"
"1855","Pipoqueira Redonda 220V Vermelho Multilaser - CE185","shopee","https://shopee.com.br/product/389315825/12986147842","pesquisar_marketplaces","Nenhum produto equivalente com link afiliado confirmado foi encontrado no catalogo.","0","","","","0"
"1856","Copo com suporte, alça e canudo prático Porta Pipoca Pote Kit Cinema","shopee","https://shopee.com.br/product/936289488/22332619412","pesquisar_marketplaces","Nenhum produto equivalente com link afiliado confirmado foi encontrado no catalogo.","0","","","","0"
"1857","Bancos De Moedas Pequenas Desenhos Animados Com Fechadura Cofrinho Banco Chave De Grande Capacidade Menino Menina Presentes Do Festival","shopee","https://shopee.com.br/product/551009874/19839817158","pesquisar_marketplaces","Nenhum produto equivalente com link afiliado confirmado foi encontrado no catalogo.","0","","","","0"
"1859","Bucha Aba Fly C Anel Drywall Gesso + Parafuso 25 unid","shopee","https://shopee.com.br/product/683177891/20769473660","pesquisar_marketplaces","Nenhum produto equivalente com link afiliado confirmado foi encontrado no catalogo.","0","","","","0"
"1860","Summer Multi-Coloured Removível Sofás Lombares Grandes Almofadas Cama Suplemento Macio Grande Encosto Cintura Almofada Dormitório","shopee","https://shopee.com.br/Summer-Multi-Coloured-Removível-Sofás-Lombares-Grandes-Almofadas-Cama-Suplemento-Macio-Grande-Encosto-Cintura-Almofada-Dormitório-i.504606942.19798653131","pesquisar_marketplaces","Nenhum produto equivalente com link afiliado confirmado foi encontrado no catalogo.","0","","","","0"
"1861","Novas Orelhas De Puxar Coelho Pelúcia Porta-Chaves Macias Recheadas Pingente Presentes","shopee","https://shopee.com.br/Novas-Orelhas-De-Puxar-Coelho-Pelúcia-Porta-Chaves-Macias-Recheadas-Pingente-Presentes-i.250753024.22330755095","pesquisar_marketplaces","Nenhum produto equivalente com link afiliado confirmado foi encontrado no catalogo.","0","","","","0"
"1862","1 Par Mulher Meias De Verão Ultrafina Invisível No Show Silicone De Cor Sólida Tornozelo De Corte Baixo Sox","shopee","https://shopee.com.br/product/239156097/21972617702","pesquisar_marketplaces","Nenhum produto equivalente com link afiliado confirmado foi encontrado no catalogo.","0","","","","0"
"1863","Varal Retrátil Perfurador De ParedeInvisível Para Secagem Doméstica De 304 Aço Inoxidável 304","shopee","https://shopee.com.br/Varal-Retrátil-Perfurador-De-Parede-Invisível-Para-Secagem-Doméstica-De-304-Aço-Inoxidável-304-i.752484906.18600015463","pesquisar_marketplaces","Nenhum produto equivalente com link afiliado confirmado foi encontrado no catalogo.","0","","","","0"
"1864","360 graus universal tipo vertical pia com kit de tubo de transbordamento bacia conjunto de resíduos dissipador filtro disposer dreno mangueira de plástico","outro","https://pt.aliexpress.com/item/1005005096882125.html","pesquisar_marketplaces","Nenhum produto equivalente com link afiliado confirmado foi encontrado no catalogo.","0","","","","0"
"1865","Escova De Banho Com 2 Em 1 Para Esfregar As Costas E Esfregar","shopee","https://shopee.com.br/product/749203218/21346566878","pesquisar_marketplaces","Nenhum produto equivalente com link afiliado confirmado foi encontrado no catalogo.","0","","","","0"
"1866","Luvas De Limpeza De Pó Balança De Peixe Reutilizáveis Fibra De Cozinha Doméstica Ferramentas","shopee","https://shopee.com.br/Luvas-De-Limpeza-De-Pó-Balança-De-Peixe-Reutilizáveis-Fibra-De-Cozinha-Doméstica-Ferramentas-i.417855149.23222421226","pesquisar_marketplaces","Nenhum produto equivalente com link afiliado confirmado foi encontrado no catalogo.","0","","","","0"
"1867","Exclusivo Cabide 7 Lugares toalha porta banheiro quarto","shopee","https://shopee.com.br/product/432806637/13695966159","pesquisar_marketplaces","Nenhum produto equivalente com link afiliado confirmado foi encontrado no catalogo.","0","","","","0"
"1869","COMP Elétrico Janela Robô Limpeza Automático Aspirador De Pó De Vidro De Controle Remoto Forte De Adsorção A Vácuo","shopee","https://shopee.com.br/COMP-Elétrico-Janela-Robô-Limpeza-Automático-Aspirador-De-Pó-De-Vidro-De-Controle-Remoto-Forte-De-Adsorção-A-Vácuo-i.323099380.17460712887","pesquisar_marketplaces","Nenhum produto equivalente com link afiliado confirmado foi encontrado no catalogo.","0","","","","0"
"1870","Cozedor Ovo Elétrico Máquina De Cozinhar A Vapor Egg Cooker","shopee","https://shopee.com.br/product/371135946/12431300064","pesquisar_marketplaces","Nenhum produto equivalente com link afiliado confirmado foi encontrado no catalogo.","0","","","","0"
"1871","Nova Xícara Misturadora Automática Estilo High-End Exquisite Coffee Cup Nestle Espresso Japonês Especial Elétrica","shopee","https://shopee.com.br/product/748762230/23236351490","pesquisar_marketplaces","Nenhum produto equivalente com link afiliado confirmado foi encontrado no catalogo.","0","","","","0"
"1872","TIPSY - ABRIDOR DE GARRAFA PASSARINHO","shopee","https://shopee.com.br/TIPSY-ABRIDOR-DE-GARRAFA-PASSARINHO-i.324919150.16002011700","pesquisar_marketplaces","Nenhum produto equivalente com link afiliado confirmado foi encontrado no catalogo.","0","","","","0"
"1874","Chinelos De Garra De Gato tiktok Garras De Gatinho Quente Pisar Como No Cão poop muffin Para Ambiente Interno E Grosso Casa De Verão Feminina","shopee","https://shopee.com.br/product/359389212/18572992812","pesquisar_marketplaces","Nenhum produto equivalente com link afiliado confirmado foi encontrado no catalogo.","0","","","","0"
"1875","Novo Sofá Almofada Universal Capa De Toalha De Pano Anti-Riscos De Inverno Espessada","shopee","https://shopee.com.br/product/976359185/19496886177","pesquisar_marketplaces","Nenhum produto equivalente com link afiliado confirmado foi encontrado no catalogo.","0","","","","0"
"1876","Tiktok Live Streamer Suporte Dobrável Para Telefone Celular Gravação De Vídeo E Transmissão Ao Vivo","shopee","https://shopee.com.br/product/240788689/20771127156","pesquisar_marketplaces","Nenhum produto equivalente com link afiliado confirmado foi encontrado no catalogo.","0","","","","0"
"1877","Cabelo aplique tic tac blogueira feminina mega hair moda feminina fique linda em segundos tenha cabelos lindos e longos cropped blusa","shopee","https://shopee.com.br/product/331655765/6577775700","pesquisar_marketplaces","Nenhum produto equivalente com link afiliado confirmado foi encontrado no catalogo.","0","","","","0"
"1878","Mini máquina de bolo Dash 110V","shopee","https://shopee.com.br/product/405087430/16619365177","pesquisar_marketplaces","Nenhum produto equivalente com link afiliado confirmado foi encontrado no catalogo.","0","","","","0"
"1879","Roupa Íntima Boxer De Seda Masculina Com Bojo","shopee","https://shopee.com.br/product/383377881/20020168263","pesquisar_marketplaces","Nenhum produto equivalente com link afiliado confirmado foi encontrado no catalogo.","0","","","","0"
"1880","Couro 2021 Novo Macho E Fêmea Par Pippen sneakers, Sapatos Da Moda Branco Todo Em Couro Para Queda E Inverno","shopee","https://shopee.com.br/product/236698849/19647707649","pesquisar_marketplaces","Nenhum produto equivalente com link afiliado confirmado foi encontrado no catalogo.","0","","","","0"
"1881","Tênis De Borracha Flexível Antiderrapante De BebêRecém-NascidoDesenho De Animal","shopee","https://shopee.com.br/product/497372874/20102705981","pesquisar_marketplaces","Nenhum produto equivalente com link afiliado confirmado foi encontrado no catalogo.","0","","","","0"
"1882","10 Peças  Adesivo De Parede De Tijolos 3D Autocolante 3D Papel , DIY Para Sala De Estar , Quarto , Encosto De Cozinha , Banheiro , Interior Home Wall Decor 30  30cm","shopee","https://shopee.com.br/product/928726260/23018428833","pesquisar_marketplaces","Nenhum produto equivalente com link afiliado confirmado foi encontrado no catalogo.","0","","","","0"
"1883","Mulheres verão outono calças de algodão linho sólido elástico na cintura doces cores harem calças macias feminino senhora alta qualidade pant S-XXL","outro","https://pt.aliexpress.com/item/4001203236581.html","pesquisar_marketplaces","Nenhum produto equivalente com link afiliado confirmado foi encontrado no catalogo.","0","","","","0"
"1884","Wild Tornado Powerful Sink & Drain Cleaner High Efficiency - Clog Remover","shopee","https://shopee.com.br/product/231243703/18574911391","pesquisar_marketplaces","Nenhum produto equivalente com link afiliado confirmado foi encontrado no catalogo.","0","","","","0"
"1885","Kit 20 Organizador De Sapatos Saltos e Tênis Com Regulagem de Altura Preto","shopee","https://shopee.com.br/product/409153185/10121078804","pesquisar_marketplaces","Nenhum produto equivalente com link afiliado confirmado foi encontrado no catalogo.","0","","","","0"
"1886","Fita Veda Fresta Porta 3 Metros Janela 45mm","shopee","https://shopee.com.br/product/283760455/2986526713","pesquisar_marketplaces","Nenhum produto equivalente com link afiliado confirmado foi encontrado no catalogo.","0","","","","0"
"1889","Cuidado Oral Do Bebê Cleaner Silicone 2 Pcs Escova De Dentes De Língua Infantil Recém-Nascido Limpeza Crianças -toysmall","shopee","https://shopee.com.br/Cuidado-Oral-Do-Bebê-Cleaner-Silicone-2-Pcs-Escova-De-Dentes-De-Língua-Infantil-Recém-Nascido-Limpeza-Crianças-toysmall-i.510958436.21668291371","pesquisar_marketplaces","Nenhum produto equivalente com link afiliado confirmado foi encontrado no catalogo.","0","","","","0"
"1890","4 Pares Meias Femininas Casuais De Seda Finas Respiráveis Antiderrapantes Com Emenda De Fundo","shopee","https://shopee.com.br/4-Pares-Meias-Femininas-Casuais-De-Seda-Finas-Respiráveis-Antiderrapantes-Com-Emenda-De-Fundo-i.601920476.15678743872","pesquisar_marketplaces","Nenhum produto equivalente com link afiliado confirmado foi encontrado no catalogo.","0","","","","0"
"1891","Tinta Direto na Ferrugem 3,6l Brasilux Escolha sua Cor","shopee","https://shopee.com.br/Tinta-Direto-na-Ferrugem-3-6l-Brasilux-Escolha-sua-Cor-i.557320114.20955723015","pesquisar_marketplaces","Nenhum produto equivalente com link afiliado confirmado foi encontrado no catalogo.","0","","","","0"
"1892","Mochila De Moda Feminina Natação Impermeável Praia Esportes Pequena Portátil Escolar","shopee","https://shopee.com.br/product/477417021/23918721317","pesquisar_marketplaces","Nenhum produto equivalente com link afiliado confirmado foi encontrado no catalogo.","0","","","","0"
"1893","Bóia De Natação Do Bebê, Deitado Anel, Piscina De Banho De Natação Float Para O Bebê, Anel Flutuador Pescoço Inflável Com Removível Proteção Solar Dossel Para A Idade De 6 @ - @ 22 Meses","shopee","https://shopee.com.br/product/332953587/9839808975","pesquisar_marketplaces","Nenhum produto equivalente com link afiliado confirmado foi encontrado no catalogo.","0","","","","0"
"1894","Cama Dobravel Multiuso Com Colchonete Preta","shopee","https://shopee.com.br/product/503984588/21410452825","pesquisar_marketplaces","Nenhum produto equivalente com link afiliado confirmado foi encontrado no catalogo.","0","","","","0"
"1895","Big Goose Cat Belly Latex Travesseiro Dormitório Estudantil De Algodão Com Memória De Ressalto Lento Proteção Do Pescoço Cervical","shopee","https://shopee.com.br/product/323524444/23891377327","pesquisar_marketplaces","Nenhum produto equivalente com link afiliado confirmado foi encontrado no catalogo.","0","","","","0"
"1896","Cama Colchão Inflável Casal Até 272 Kg Dura Beam com Bomba elétrica Interna- Intex","shopee","https://shopee.com.br/Cama-Colchão-Inflável-Casal-Até-272-Kg-Dura-Beam-com-Bomba-elétrica-Interna-Intex-i.303541780.15501079789","pesquisar_marketplaces","Nenhum produto equivalente com link afiliado confirmado foi encontrado no catalogo.","0","","","","0"
"1897","Pipoqueira Elétrica carrinho retrô 110v ou 220v-Envio imediat","shopee","https://shopee.com.br/product/591536932/19849475184","pesquisar_marketplaces","Nenhum produto equivalente com link afiliado confirmado foi encontrado no catalogo.","0","","","","0"
"1899","Colchão De Látex Natural, Almofada De Borracha Grossa, 100_ Natural, Importado, Puro, Casa, Dormitório, 5 cm, 7.5 cm, 10cm","outro","https://pt.aliexpress.com/item/1005005218664246.html","pesquisar_marketplaces","Nenhum produto equivalente com link afiliado confirmado foi encontrado no catalogo.","0","","","","0"
"1900","Régua De Desenho Multifuncional , Ângulo E Círculo Geométrico Modelo De Medição Ferramenta Para","shopee","https://shopee.com.br/Régua-De-Desenho-Multifuncional-Ângulo-E-Círculo-Geométrico-Modelo-De-Medição-Ferramenta-Para-i.296531829.12514276726","pesquisar_marketplaces","Nenhum produto equivalente com link afiliado confirmado foi encontrado no catalogo.","0","","","","0"
"1901","Velhos Sapatos De Roupa De Pequim Rede De Verão Femininos Antiderrapantes De Sola Macia Confortáveis De Meia-Idade Para Idosos W","shopee","https://shopee.com.br/product/887311255/23695599633","pesquisar_marketplaces","Nenhum produto equivalente com link afiliado confirmado foi encontrado no catalogo.","0","","","","0"
"1902","Balançando a cabeça ventilador de circulação de ar, turbina elétrica, silencioso, convecção, vertical, controle remoto, Timing Floor, Household","outro","https://pt.aliexpress.com/item/1005005709376043.html","pesquisar_marketplaces","Nenhum produto equivalente com link afiliado confirmado foi encontrado no catalogo.","0","","","","0"
"1903","Papel De Parede 3D Grosso Auto-Adesivo Para QuartoSala De EstarDecoração","shopee","https://shopee.com.br/product/395368603/15616688666","pesquisar_marketplaces","Nenhum produto equivalente com link afiliado confirmado foi encontrado no catalogo.","0","","","","0"
"1904","Pomada De Sangue Do Dragão , Feminina , Creme De Pele Clareador , Hidratante , Loção 50g","shopee","https://shopee.com.br/product/867163316/20163530900","pesquisar_marketplaces","Nenhum produto equivalente com link afiliado confirmado foi encontrado no catalogo.","0","","","","0"
"1905","Kliou Mesh Patchwork Conjunto De Duas Peças Mulheres Magro Furo Sem Mangas Veja Através De Roupa Íntima","shopee","https://shopee.com.br/product/428259577/20943725116","pesquisar_marketplaces","Nenhum produto equivalente com link afiliado confirmado foi encontrado no catalogo.","0","","","","0"
"1906","Película Para Estufa Grampo De Rede Guarda-Sol Fixação Da Tenda Do Jardim Ao Ar Livre","shopee","https://shopee.com.br/Película-Para-Estufa-Grampo-De-Rede-Guarda-Sol-Fixação-Da-Tenda-Do-Jardim-Ao-Ar-Livre-i.418623696.22131378441","pesquisar_marketplaces","Nenhum produto equivalente com link afiliado confirmado foi encontrado no catalogo.","0","","","","0"
"1907","Konheart Tintura Descartável Em 8 Cores, Tintura De Cabelo, Giz  Tintura De Cabelo  Ferramenta De Cabeleireiro","shopee","https://shopee.com.br/product/236695522/13608733223","pesquisar_marketplaces","Nenhum produto equivalente com link afiliado confirmado foi encontrado no catalogo.","0","","","","0"
"1908","Organizador Plastico Porta Joiasbijuteriasmaquiagens Com Gaveta","shopee","https://shopee.com.br/product/522345285/13406760511","pesquisar_marketplaces","Nenhum produto equivalente com link afiliado confirmado foi encontrado no catalogo.","0","","","","0"
"1909","Secador De Cabelo Profissional Cacheado Com Difusor 2000W De Alta Velocidade Soprando E Secando Íons Negativos","shopee","https://shopee.com.br/product/850262516/18472509427","pesquisar_marketplaces","Nenhum produto equivalente com link afiliado confirmado foi encontrado no catalogo.","0","","","","0"
"1910","Tábua de Corte Antiderrapante com Suporte - 30cm - Corte carnes, legumes e frutas JX-60521","shopee","https://shopee.com.br/product/346292694/18439090504","pesquisar_marketplaces","Nenhum produto equivalente com link afiliado confirmado foi encontrado no catalogo.","0","","","","0"
"1911","Necessaire Feminina Grande Maquiagem Cosméticos Bolsa Organizadora Promoção","shopee","https://shopee.com.br/product/413802090/9036098592","pesquisar_marketplaces","Nenhum produto equivalente com link afiliado confirmado foi encontrado no catalogo.","0","","","","0"
"1912","[Destaque] Clip Vegetal50 Clipes De Retenção De VinhaFixação Trepadora De Planta VerdeFerramentas De JardinagemPavimentação Em Gaiola De Apoio Ao PoteGuias De Plástico Para Flores Crescimento De Pl","shopee","https://shopee.com.br/product/264596643/23230410740","pesquisar_marketplaces","Nenhum produto equivalente com link afiliado confirmado foi encontrado no catalogo.","0","","","","0"
"1913","Chinelos Modelos Masculinos De Verão Da Moda Esportiva casual anti-odor Interior Derrapante Ao Ar Livre Sandálias De Praia Com Sentido De Merda","shopee","https://shopee.com.br/product/727677029/23026296982","pesquisar_marketplaces","Nenhum produto equivalente com link afiliado confirmado foi encontrado no catalogo.","0","","","","0"
"1916","Conjunto De Chaves De Fenda Multifuncional Xiaomi 44 Em 1 S2 Slotted Precisão Bit Chave Para Notebook Mini Caixa De Ferramentas Manutenção","shopee","https://shopee.com.br/product/742047042/18370724816","pesquisar_marketplaces","Nenhum produto equivalente com link afiliado confirmado foi encontrado no catalogo.","0","","","","0"
"1917","Super Cola De 50ML Com Bocal De Ponta De Agulha Resistente A UV Intempéries Para Reparo De Cerâmica De Telha","shopee","https://shopee.com.br/product/846490234/17692223629","pesquisar_marketplaces","Nenhum produto equivalente com link afiliado confirmado foi encontrado no catalogo.","0","","","","0"
"1918","Cesto de Lixo Infantil Telado Plastico 7l Lixeira Baby Para Crianças 7 Litros Telada","shopee","https://shopee.com.br/product/281249536/10119701674","pesquisar_marketplaces","Nenhum produto equivalente com link afiliado confirmado foi encontrado no catalogo.","0","","","","0"
"1919","Cabide Organizador De Cachecóis Robusto E Durável Para De Feijão Bras Pet iadbr","shopee","https://shopee.com.br/product/191515850/22991526367","pesquisar_marketplaces","Nenhum produto equivalente com link afiliado confirmado foi encontrado no catalogo.","0","","","","0"
"1920","2 Cores Para Escolher Pet Chupeta Cat & Dog Silicone Garrafa De Alimentação Pequena Bolha Do Leite Tigela","shopee","https://shopee.com.br/product/429059580/18021255107","pesquisar_marketplaces","Nenhum produto equivalente com link afiliado confirmado foi encontrado no catalogo.","0","","","","0"
"1921","Imã De Neodímio Para Pesca Magnética Esportiva 200 Kg Tração + Corda 20 Metros Substitui Detector de Metal Muito Resistente","shopee","https://shopee.com.br/product/340099202/18571195023","pesquisar_marketplaces","Nenhum produto equivalente com link afiliado confirmado foi encontrado no catalogo.","0","","","","0"
"1923","Escova Multifuncional Ferramenta De Limpeza De Garrafas Reutilizável Para Xícara De Chá","shopee","https://shopee.com.br/product/321743341/19598587868","pesquisar_marketplaces","Nenhum produto equivalente com link afiliado confirmado foi encontrado no catalogo.","0","","","","0"
"1924","Xiaomi 20000pa Novo Aspirador De Pó Portátil Para Carro mini Inteligente Casa Dupla Função mi QE3V","shopee","https://shopee.com.br/product/881725569/19056990330","pesquisar_marketplaces","Nenhum produto equivalente com link afiliado confirmado foi encontrado no catalogo.","0","","","","0"
"1926","Enrolador de Mangueira Até 55m 12 Tramontina","shopee","https://shopee.com.br/product/638399297/15827057799","pesquisar_marketplaces","Nenhum produto equivalente com link afiliado confirmado foi encontrado no catalogo.","0","","","","0"
"1927","Kisscatm Alça De Pescoço De Silicone Universal 2 Em 1 Para Celular  Cordão  Anel De Suporte","shopee","https://shopee.com.br/product/290013596/4680390069","pesquisar_marketplaces","Nenhum produto equivalente com link afiliado confirmado foi encontrado no catalogo.","0","","","","0"
"1928","Alarme De Porta Com Trava Pedal De Vibração Sem Fio Alarme Segurança Furto Para Casa  Escritório","shopee","https://shopee.com.br/product/730223261/18431862163","pesquisar_marketplaces","Nenhum produto equivalente com link afiliado confirmado foi encontrado no catalogo.","0","","","","0"
"1929","Meias Femininas Para Yoga  Meias De Dança Antiderrapantes","shopee","https://shopee.com.br/product/264025198/6583872783","pesquisar_marketplaces","Nenhum produto equivalente com link afiliado confirmado foi encontrado no catalogo.","0","","","","0"
"1930","Kit 4 Bota de Borracha Protetora de Patas Patinha Botinha de Silicone Sapato À Prova D_agua Sapatinho Para Cão Cachorro Gato e Pets","shopee","https://shopee.com.br/product/405078977/16204029309","pesquisar_marketplaces","Nenhum produto equivalente com link afiliado confirmado foi encontrado no catalogo.","0","","","","0"
"1931","Mandolin Profissional Cortador Fatiador Legumes Frutas Inox","shopee","https://shopee.com.br/product/811715763/23195765217","pesquisar_marketplaces","Nenhum produto equivalente com link afiliado confirmado foi encontrado no catalogo.","0","","","","0"
"1932","Impermeável Poltrona Capas De Cadeira De Jantar Banquete De Lã Elástica Cobre Stretchable Especial Em Forma De Protetor Mobiliário Decoração Tampa Da Casamento","shopee","https://shopee.com.br/product/442145017/16136043401","pesquisar_marketplaces","Nenhum produto equivalente com link afiliado confirmado foi encontrado no catalogo.","0","","","","0"
"1933","Brinquedo de pedal de música para bebê, rack de fitness para bebê 0-36 meses, tapete de chão para bebê recém-nascido, pedal de piano para bebê","shopee","https://shopee.com.br/product/742249121/15086501448","pesquisar_marketplaces","Nenhum produto equivalente com link afiliado confirmado foi encontrado no catalogo.","0","","","","0"
"1934","Calça harém de cintura elástica feminina, monocromática, solta, bolsos retos, branco, roupa de senhora do escritório, moda, novo, primavera, outono, 2023","outro","https://pt.aliexpress.com/item/1005005306237167.html","pesquisar_marketplaces","Nenhum produto equivalente com link afiliado confirmado foi encontrado no catalogo.","0","","","","0"
"1935","Calcinha Fio Dental Feminina Com Bordado De Flor Para Sexy","shopee","https://shopee.com.br/product/377747920/19017422748","pesquisar_marketplaces","Nenhum produto equivalente com link afiliado confirmado foi encontrado no catalogo.","0","","","","0"
"1936","Shorts Cinta Modeladora, 4 Barbatanas De Aço Empina Bum Bum Compressão","shopee","https://shopee.com.br/product/404326574/20736074676","pesquisar_marketplaces","Nenhum produto equivalente com link afiliado confirmado foi encontrado no catalogo.","0","","","","0"
"1938","Hanht Imã De Geladeira Com Moldura Magnética Colorida Para Geladeira","shopee","https://shopee.com.br/product/422422411/11861822004","pesquisar_marketplaces","Nenhum produto equivalente com link afiliado confirmado foi encontrado no catalogo.","0","","","","0"
"1939","【produtos À Vista】 1pc Fazedor De Almôndegas De Carne Bolas De Peixe Bolinhas De Arroz Bolinhos Camarão Molde Mágico Para Espremer E Fritar","shopee","https://shopee.com.br/product/237000922/22628101026","pesquisar_marketplaces","Nenhum produto equivalente com link afiliado confirmado foi encontrado no catalogo.","0","","","","0"
"1940","KIT 4 Rodinhas Adesivas Esféricas Deslizantes Para Mover Moveis","shopee","https://shopee.com.br/product/338520789/10693158994","pesquisar_marketplaces","Nenhum produto equivalente com link afiliado confirmado foi encontrado no catalogo.","0","","","","0"
"1942","Versão melhorada Colmeia Organizadora de roupas Premium calçastopsmeiasroupas íntimas armazenamento","shopee","https://shopee.com.br/product/239155919/20431435518","pesquisar_marketplaces","Nenhum produto equivalente com link afiliado confirmado foi encontrado no catalogo.","0","","","","0"
"1943","Rack De Armazenamento De Temperos De Cozinha Autoadesivo Sob A Mesa Garrafa De Escondido Gaveta Usado Para Utensílios","shopee","https://shopee.com.br/product/590068626/16277953243","pesquisar_marketplaces","Nenhum produto equivalente com link afiliado confirmado foi encontrado no catalogo.","0","","","","0"
"1944","Saboneteira De Parede Com Camada Dupla Em Formato De Baleia Para Banheiro Suporte Adesivo Escorra A Caixa De Sabão","shopee","https://shopee.com.br/product/673551760/12586361591","pesquisar_marketplaces","Nenhum produto equivalente com link afiliado confirmado foi encontrado no catalogo.","0","","","","0"
"1945","Abridor De Lata Cervejarefrigerante Manual Pronta Entrega","shopee","https://shopee.com.br/product/845417455/15393373367","pesquisar_marketplaces","Nenhum produto equivalente com link afiliado confirmado foi encontrado no catalogo.","0","","","","0"
"1946","Drone 4K HD Fotografia Aérea Nova Wifi Dobrável Altitude 4K Fixo , Câmera & GPS Quadcopter","shopee","https://shopee.com.br/product/619733398/18500666610","pesquisar_marketplaces","Nenhum produto equivalente com link afiliado confirmado foi encontrado no catalogo.","0","","","","0"
"1948","tela de proteção de ventilador","shopee","https://shopee.com.br/product/389905078/18644741950","pesquisar_marketplaces","Nenhum produto equivalente com link afiliado confirmado foi encontrado no catalogo.","0","","","","0"
"1949","Papel De Parede 3D Adesivo Tijolos Grosso à prova guá","shopee","https://shopee.com.br/product/455490990/9569334961","pesquisar_marketplaces","Nenhum produto equivalente com link afiliado confirmado foi encontrado no catalogo.","0","","","","0"
"1950","Fita Magica Dupla Face Super Forte Lavável Gel Auto Colante Lucky Bazar","shopee","https://shopee.com.br/product/375201738/13462155336","pesquisar_marketplaces","Nenhum produto equivalente com link afiliado confirmado foi encontrado no catalogo.","0","","","","0"
"1951","Tesoura para alimentos Clever Cutter, substitui a tabua e faca. Cortador de legumes, vegetais...","shopee","https://shopee.com.br/product/385799009/9253919118","pesquisar_marketplaces","Nenhum produto equivalente com link afiliado confirmado foi encontrado no catalogo.","0","","","","0"
"1952","Cadeado Impressão Digital Inteligente Biométrica Impermeável Fechadura","shopee","https://shopee.com.br/product/230706816/6531588209","pesquisar_marketplaces","Nenhum produto equivalente com link afiliado confirmado foi encontrado no catalogo.","0","","","","0"
"1953","Copo De Água De Vidro De Borosilicate De Alta Café Leite Dupla Quebrada ParaEscritório","shopee","https://shopee.com.br/product/414650603/16830857633","pesquisar_marketplaces","Nenhum produto equivalente com link afiliado confirmado foi encontrado no catalogo.","0","","","","0"
"1954","3 Cores CorretivoCreme De PaletaTextura Cobre Marcas De acne Olheiras Maquiagem Multifuncional Facial De Longa Duração Clarear Cosméticos Faciais","shopee","https://shopee.com.br/product/242641465/19502607052","pesquisar_marketplaces","Nenhum produto equivalente com link afiliado confirmado foi encontrado no catalogo.","0","","","","0"
"1955","Foldable LED Desk Lamps, Mini Night Light, Cão bonito e veado, Ornamento de mesa, Book Light, Kids Room, Bedside Bedroom Decor, Holiday Gifts","outro","https://pt.aliexpress.com/item/1005004671496429.html","pesquisar_marketplaces","Nenhum produto equivalente com link afiliado confirmado foi encontrado no catalogo.","0","","","","0"
"1957","Finegoodwell4 Cesta Organizadora Multiuso Removível Para Guarda-Roupa  Gaveta Brilhante","shopee","https://shopee.com.br/product/264592192/13601511465","pesquisar_marketplaces","Nenhum produto equivalente com link afiliado confirmado foi encontrado no catalogo.","0","","","","0"
"1958","NUOWA Gimbal Estabilizador Bastão De Selfie Tripé Stick TriPod Bluetooth 4.0 Sem Fio L08","shopee","https://shopee.com.br/product/430387229/9849852154","pesquisar_marketplaces","Nenhum produto equivalente com link afiliado confirmado foi encontrado no catalogo.","0","","","","0"
"1959","Suporte Bandeja Portátil para Carro","shopee","https://shopee.com.br/product/464445025/12617806553","pesquisar_marketplaces","Nenhum produto equivalente com link afiliado confirmado foi encontrado no catalogo.","0","","","","0"
"1960","【jiarengas】 Portable Hotel Door Lock Locks Door Stop Travel Accommodation Door Security .","shopee","https://shopee.com.br/product/252075810/16270972546","pesquisar_marketplaces","Nenhum produto equivalente com link afiliado confirmado foi encontrado no catalogo.","0","","","","0"
"1961","BandejaDe Frutas Dobrável Para Armazenamento De Doces Criativa Sala De EstarSecasLanches","shopee","https://shopee.com.br/product/558494041/13566094189","pesquisar_marketplaces","Nenhum produto equivalente com link afiliado confirmado foi encontrado no catalogo.","0","","","","0"
"1963","Puf Suede Almofadao Nuvem Redondo 120x50 Puff C Enchimento","shopee","https://shopee.com.br/product/433378305/12857317657","pesquisar_marketplaces","Nenhum produto equivalente com link afiliado confirmado foi encontrado no catalogo.","0","","","","0"
"1965","Varal Portátil 2 em 1 Prateleira Multiuso Com Regulagem Ajustável Varanda Janela Sacada Apartamento. MEGA OFERTA","shopee","https://shopee.com.br/product/697209697/20224226612","pesquisar_marketplaces","Nenhum produto equivalente com link afiliado confirmado foi encontrado no catalogo.","0","","","","0"
"1966","Assentos De Carro Painel De Superfície Ferramentas De Limpeza Teclado Resistente A Riscos De Nylon Macia Estofos Escovas De Poeira Estofados","shopee","https://shopee.com.br/product/750897164/19014726444","pesquisar_marketplaces","Nenhum produto equivalente com link afiliado confirmado foi encontrado no catalogo.","0","","","","0"
"1967","Capa Transparente Para Forno De Microondas À Prova De Respingos De Aquecimento Resistente Ao Calor","shopee","https://shopee.com.br/product/487334455/20307317590","pesquisar_marketplaces","Nenhum produto equivalente com link afiliado confirmado foi encontrado no catalogo.","0","","","","0"
"1968","Suporte dobrável para tejadilho de carro Passo para porta de carro Multifuncional Gancho de trava universal Pedal de pé auxiliar Martelo de segurança de liga de alumínio","shopee","https://shopee.com.br/product/595763061/15505667158","pesquisar_marketplaces","Nenhum produto equivalente com link afiliado confirmado foi encontrado no catalogo.","0","","","","0"
"1969","Chinelos de tubarão fofos da moda para casa chinelos de eva de fundo grosso","shopee","https://shopee.com.br/product/451214140/21212744266","pesquisar_marketplaces","Nenhum produto equivalente com link afiliado confirmado foi encontrado no catalogo.","0","","","","0"
"1970","Rede Organizadora Para Carro Porta Treco","shopee","https://shopee.com.br/product/358981319/10305312281","pesquisar_marketplaces","Nenhum produto equivalente com link afiliado confirmado foi encontrado no catalogo.","0","","","","0"
"1971","Secador De Sapatos Elétrico De 220V De Secagem Rápida Desodorização Máquina Domésticos Para Chuvosos","shopee","https://shopee.com.br/product/426839977/19432820273","pesquisar_marketplaces","Nenhum produto equivalente com link afiliado confirmado foi encontrado no catalogo.","0","","","","0"
"1972","Mini Câmera De Segurança Em Casa HD 1080 P Sem Fio WiFi Monitoramento Remoto Do Telefone Móvel Gravador De Vídeo De Rede Pequena 150 ° Micro Smart Wide Angle","shopee","https://shopee.com.br/product/757215254/19314885997","pesquisar_marketplaces","Nenhum produto equivalente com link afiliado confirmado foi encontrado no catalogo.","0","","","","0"
"1974","Copo Reutilizável De 700ml Para Garrafa De Água Plástico Transparente Bebidas Com Filtro De Limão","shopee","https://shopee.com.br/product/418623868/20433372499","pesquisar_marketplaces","Nenhum produto equivalente com link afiliado confirmado foi encontrado no catalogo.","0","","","","0"
"1975","Mini Máquina De Moeda Em Formato De Garra De Cabelo brinquedos infantis presente de aniversário","shopee","https://shopee.com.br/product/596870993/14922794317","pesquisar_marketplaces","Nenhum produto equivalente com link afiliado confirmado foi encontrado no catalogo.","0","","","","0"
"1976","Curvex De Cílios Térmico Modelador Curvador Feminino Pelos","shopee","https://shopee.com.br/product/323758803/14285817013","pesquisar_marketplaces","Nenhum produto equivalente com link afiliado confirmado foi encontrado no catalogo.","0","","","","0"
"1977","Sporthd Mini Impressora Térmica Peripage Portátil Bluetooth 203dpi Branco  Etiqueta De Recibos Sem Fio","shopee","https://shopee.com.br/product/237304769/7154135695","pesquisar_marketplaces","Nenhum produto equivalente com link afiliado confirmado foi encontrado no catalogo.","0","","","","0"
"1978","Suporte Portátil Para Notebook Com Ventilador De Resfriamento Base Dobrável De Alumínio Ajustável Acessórios Computador","shopee","https://shopee.com.br/product/880260795/20661237767","pesquisar_marketplaces","Nenhum produto equivalente com link afiliado confirmado foi encontrado no catalogo.","0","","","","0"
"1979","Wes Rfid Armário Eletrônico Invisível Inteligente Bloqueio Sensor De Cartão Ic Gaveta Rfid Fechaduras","shopee","https://shopee.com.br/product/297831835/3690577435","pesquisar_marketplaces","Nenhum produto equivalente com link afiliado confirmado foi encontrado no catalogo.","0","","","","0"
"1980","Criativo Caixa De Lenços Acabamento De Mesa Com Suporte De Telefone Celular Armazenamento 2 Em 1 De Guardanapo Organizador","shopee","https://shopee.com.br/product/852999132/18048867151","pesquisar_marketplaces","Nenhum produto equivalente com link afiliado confirmado foi encontrado no catalogo.","0","","","","0"
"1982","Cortador De Unha Com Lupa - Momo","shopee","https://shopee.com.br/product/421994638/12521939688","pesquisar_marketplaces","Nenhum produto equivalente com link afiliado confirmado foi encontrado no catalogo.","0","","","","0"
"1984","Toalha De Mesa Em PVC Ambientalmente Amigável À Prova D_água De Óleo Antiderrapante Transparente Sem Enxágüe Renda Odor","shopee","https://shopee.com.br/product/716748929/22602368297","pesquisar_marketplaces","Nenhum produto equivalente com link afiliado confirmado foi encontrado no catalogo.","0","","","","0"
"1985","Urso De Pelúcia 90 cm Teddy Grande Criança fofuxo","shopee","https://shopee.com.br/product/799667954/19826724849","pesquisar_marketplaces","Nenhum produto equivalente com link afiliado confirmado foi encontrado no catalogo.","0","","","","0"
"1986","Porta Tempero De Parede Com 3 Compartimentos Giratórios","shopee","https://shopee.com.br/product/531538521/21800092090","pesquisar_marketplaces","Nenhum produto equivalente com link afiliado confirmado foi encontrado no catalogo.","0","","","","0"
"1987","Pia de aço inoxidável retrátil sob prateleira rack de cozinha rack de armazenamento telescópico multicamada rack de armazenamento de piso","shopee","https://shopee.com.br/product/572324101/15060518585","pesquisar_marketplaces","Nenhum produto equivalente com link afiliado confirmado foi encontrado no catalogo.","0","","","","0"
"1988","Rack suporte para cozinha é banheiro Organizador Rack de armazenamento multifuncional para cozinha e banheiro Tampão De Canto Para CozinhaBanheiro Multifuncional Sem Costura Dobrável","shopee","https://shopee.com.br/product/460858150/13529827508","pesquisar_marketplaces","Nenhum produto equivalente com link afiliado confirmado foi encontrado no catalogo.","0","","","","0"
"1990","Tela De Toque Saco Do Telefone Móvel Fêmea Pequeno Crossbody Bonito Para A Realização De Telefones Da Moda Bolso Moeda Chave Vertical","shopee","https://shopee.com.br/product/613868793/10381597308","pesquisar_marketplaces","Nenhum produto equivalente com link afiliado confirmado foi encontrado no catalogo.","0","","","","0"
"1991","Kit 10 Adesivo de Parafuso Sem Furos Pendure Quadros Itens de Banheiro e Muito Mais Organize e Decore","shopee","https://shopee.com.br/product/293124977/8876875762","pesquisar_marketplaces","Nenhum produto equivalente com link afiliado confirmado foi encontrado no catalogo.","0","","","","0"
"1992","Ducha Chuveiro Portátil recarregável USB para Camping Motorhome kombihome","shopee","https://shopee.com.br/product/371673081/14165755489","pesquisar_marketplaces","Nenhum produto equivalente com link afiliado confirmado foi encontrado no catalogo.","0","","","","0"
"1995","Espremedor de Frutas Manual Laranja Limão Rosa","shopee","https://shopee.com.br/product/331110782/13495613508","pesquisar_marketplaces","Nenhum produto equivalente com link afiliado confirmado foi encontrado no catalogo.","0","","","","0"
"1997","Suporte Para Geladeira De Grande Capacidade De Camada DuplaLatas De Espaço","shopee","https://shopee.com.br/product/264595480/17058782598","pesquisar_marketplaces","Nenhum produto equivalente com link afiliado confirmado foi encontrado no catalogo.","0","","","","0"
"1999","Rodo Mop Giratório Twist Rodo Que Torce Pano Xmop com Extrusão + 1 REFIL EXTRA","shopee","https://shopee.com.br/product/700076346/17123297602","pesquisar_marketplaces","Nenhum produto equivalente com link afiliado confirmado foi encontrado no catalogo.","0","","","","0"
"2000","ECOCO Dispensador De Pasta De DenteAcessório De BanheiroConjunto De Suporte De Parede Para Escova De Dentes","shopee","https://shopee.com.br/product/490071571/8887189490","pesquisar_marketplaces","Nenhum produto equivalente com link afiliado confirmado foi encontrado no catalogo.","0","","","","0"
"2001","1 Pcs Ímã Cinto De Cortina De Tecido Corda Imitação De Pérolas Fivela Livre De Volta Clipe","shopee","https://shopee.com.br/product/521289385/13710054562","pesquisar_marketplaces","Nenhum produto equivalente com link afiliado confirmado foi encontrado no catalogo.","0","","","","0"
"2003","kit Maquiagem De Sobrancelha Em Uma Etapa","shopee","https://shopee.com.br/product/456181726/11553289493","pesquisar_marketplaces","Nenhum produto equivalente com link afiliado confirmado foi encontrado no catalogo.","0","","","","0"
"2004","Luminaria Astro Light Usb Led - Astronauta","shopee","https://shopee.com.br/product/270230249/3647696250","pesquisar_marketplaces","Nenhum produto equivalente com link afiliado confirmado foi encontrado no catalogo.","0","","","","0"
"2006","Escova Descartável De Limpeza De Vaso Sanitário Com Suporte Para Cozinha , Banheiro","shopee","https://shopee.com.br/product/412720161/12760073943","pesquisar_marketplaces","Nenhum produto equivalente com link afiliado confirmado foi encontrado no catalogo.","0","","","","0"
"2008","Afiador Amolador De Facas E Tesouras Profissional","shopee","https://shopee.com.br/product/302721808/20639087633","pesquisar_marketplaces","Nenhum produto equivalente com link afiliado confirmado foi encontrado no catalogo.","0","","","","0"
"2010","LOYBJ-Wild Multifunction Sobrancelha Escova, Simulated Hair Makeup Brush, Contour Eyeshadow, Corretivo, Square Make Up Brushes","outro","https://pt.aliexpress.com/item/1005005020603153.html","pesquisar_marketplaces","Nenhum produto equivalente com link afiliado confirmado foi encontrado no catalogo.","0","","","","0"
"2011","Cozinha Armazenamento Rack Bowl E Chopstick Caixa De Prato Doméstico De Drenagem Bancada Armário","shopee","https://shopee.com.br/product/789949385/21376780936","pesquisar_marketplaces","Nenhum produto equivalente com link afiliado confirmado foi encontrado no catalogo.","0","","","","0"
"2012","Guia De Rosca Agulha De Cabeça Dupla Kit De Ferramentas De Costura Para Dispositivos De Uso Idoso","shopee","https://shopee.com.br/product/477417021/20375435695","pesquisar_marketplaces","Nenhum produto equivalente com link afiliado confirmado foi encontrado no catalogo.","0","","","","0"
"2013","Novo Estilo Moda Yurt Sem FundoRede Mosquiteiro Pop-Up Dupla Porta Anti-Mosquito Cortina Noturna Superior","shopee","https://shopee.com.br/product/799999458/16277127201","pesquisar_marketplaces","Nenhum produto equivalente com link afiliado confirmado foi encontrado no catalogo.","0","","","","0"
"2014","Molde De Plástico Prensa De Massa Preguiçosa Ravioli Fazendo Gadget De Torta S9J8","shopee","https://shopee.com.br/product/429059908/19376917383","pesquisar_marketplaces","Nenhum produto equivalente com link afiliado confirmado foi encontrado no catalogo.","0","","","","0"
"2015","MALETA PARA JOIAS COR CREME. TAMANHO 17,3X13,8X14","shopee","https://shopee.com.br/product/887425791/21563102145","pesquisar_marketplaces","Nenhum produto equivalente com link afiliado confirmado foi encontrado no catalogo.","0","","","","0"
"2016","Passadeira a Vapor Portátil Britânia Vaporizador BVP02V 1100W","shopee","https://shopee.com.br/product/275158536/5178212662","pesquisar_marketplaces","Nenhum produto equivalente com link afiliado confirmado foi encontrado no catalogo.","0","","","","0"
"2018","Brincos Luminosos LED Meninos E Meninas Presentes De Natal Para Festa De Halloween","shopee","https://shopee.com.br/product/729846172/18717522387","pesquisar_marketplaces","Nenhum produto equivalente com link afiliado confirmado foi encontrado no catalogo.","0","","","","0"
"2019","Aplique Rabo De Cavalo Perfeito Para Extensão Fibra Futura","shopee","https://shopee.com.br/product/397046698/10102081831","pesquisar_marketplaces","Nenhum produto equivalente com link afiliado confirmado foi encontrado no catalogo.","0","","","","0"
"2027","Adesivo Piso Madeira Antiderrapante Lavável 91,5x15cm Chão Marrom Cinza","shopee","https://shopee.com.br/product/451223615/10778938522","pesquisar_marketplaces","Nenhum produto equivalente com link afiliado confirmado foi encontrado no catalogo.","0","","","","0"
"2029","Ornamentos de chá de kung fu, ornamentos de chá de cerâmica para meninos, decoração caseira","outro","https://pt.aliexpress.com/item/1005001507209954.html","pesquisar_marketplaces","Nenhum produto equivalente com link afiliado confirmado foi encontrado no catalogo.","0","","","","0"
"2033","Protetor De Carregador 2 Em 1 Cabo Telefônico Com Saver Multifuncional Landes Eletrônicos3br","shopee","https://shopee.com.br/product/877901804/18998600223","pesquisar_marketplaces","Nenhum produto equivalente com link afiliado confirmado foi encontrado no catalogo.","0","","","","0"
"2038","Luzes Dobráveis Elegantes Com Bateria Grande À Prova D_água Para Atividades Ao Ar Livre","shopee","https://shopee.com.br/product/321754042/22191458846","pesquisar_marketplaces","Nenhum produto equivalente com link afiliado confirmado foi encontrado no catalogo.","0","","","","0"
"2041","Mesa Criativa Lâmpada De Equilíbrio LED Mini Nocturno USB Decorativa Para Quarto","shopee","https://shopee.com.br/product/497967272/22528311006","pesquisar_marketplaces","Nenhum produto equivalente com link afiliado confirmado foi encontrado no catalogo.","0","","","","0"
"2043","Conjunto De Ferramentas De Furação Manual Elétrica Doméstica Caixa Ferragens Armazenamento Multifuncional Chaves De Fenda Elétricas","shopee","https://shopee.com.br/product/742047042/22295734228","pesquisar_marketplaces","Nenhum produto equivalente com link afiliado confirmado foi encontrado no catalogo.","0","","","","0"
"2044","90-150cm Zipper Doll Storage Bucket Plush Toy Artifact Cilindro Transparente Caixa Organizadora De Container Para Bonecas Infantis","shopee","https://shopee.com.br/product/401215421/23391807249","pesquisar_marketplaces","Nenhum produto equivalente com link afiliado confirmado foi encontrado no catalogo.","0","","","","0"
"2054","Grampeador Elétrico Automático Rápido e Eficaz","shopee","https://shopee.com.br/product/272262988/22830833157","pesquisar_marketplaces","Nenhum produto equivalente com link afiliado confirmado foi encontrado no catalogo.","0","","","","0"
"2055","Mesa de cabeceira de madeira inteligente com LED USB, Simples Large Nightstand, Modern Locker Furniture, Glass Cabinet, Bedroom","outro","https://pt.aliexpress.com/item/1005004671425629.html","pesquisar_marketplaces","Nenhum produto equivalente com link afiliado confirmado foi encontrado no catalogo.","0","","","","0"
"2056","Escova Manual Rodo Mágico Removedor Tira Fiapo Pelos Bolinha De Roupa Sofá Paletó","shopee","https://shopee.com.br/product/340658705/20073297888","pesquisar_marketplaces","Nenhum produto equivalente com link afiliado confirmado foi encontrado no catalogo.","0","","","","0"
"2058","Prendedor De Roupas De Inox 5 Pçs Com Ganchos","shopee","https://shopee.com.br/product/264596643/6893788410","pesquisar_marketplaces","Nenhum produto equivalente com link afiliado confirmado foi encontrado no catalogo.","0","","","","0"
"2060","[Promoção De Estoque Pronto] SunnyHome Isolamento Térmico Drenável Anti-Mosquito Tampa De Prato Oca De Alimentos Frescos Multi-Layer Pó Plástico Doméstico Placa De Frutas Insul","shopee","https://shopee.com.br/product/996472040/21498486992","pesquisar_marketplaces","Nenhum produto equivalente com link afiliado confirmado foi encontrado no catalogo.","0","","","","0"
"2068","Brinquedo De Palhaço Engraçado Circus Louco Colorido Desenho Animado Boneco Elétrico Dançante Bonecos De Ação Brinquedos Para Crianças Halloween Presente De Natal","shopee","https://shopee.com.br/product/725255333/21239843063","pesquisar_marketplaces","Nenhum produto equivalente com link afiliado confirmado foi encontrado no catalogo.","0","","","","0"
"2071","Aspersor De Irrigação SWI De Flores De Balanço Cabeça Dançante Material Plástico","shopee","https://shopee.com.br/product/298507732/22496035428","pesquisar_marketplaces","Nenhum produto equivalente com link afiliado confirmado foi encontrado no catalogo.","0","","","","0"
"2073","Flautas Plásticas De Champanhe , Óculos De Vinho , Copos Plásticos Reutilizáveis Com Garrafa De Armazenamento Portáteis Rosa Mimosa Perfeito Para Piquenique , Festa , Acampamento E Reunião","shopee","https://shopee.com.br/product/747364319/18970330708","pesquisar_marketplaces","Nenhum produto equivalente com link afiliado confirmado foi encontrado no catalogo.","0","","","","0"
"2074","Engraçado Gato Porta Pendurada Lagarta De Libélula Engraçada Brinquedo Telescópico Sino Pet Suprimentos","shopee","https://shopee.com.br/product/443279559/20431895352","pesquisar_marketplaces","Nenhum produto equivalente com link afiliado confirmado foi encontrado no catalogo.","0","","","","0"
"2075","Blast eye Worm 50 Projeta Brinquedos De Descompressão De Olhos Bobby Dinossauro Monstro Sereia Toy Pinch Música Puzzle Vent Stare Funny Vegetable Tricky Influencer Handy Tool","shopee","https://shopee.com.br/product/268149345/19359069450","pesquisar_marketplaces","Nenhum produto equivalente com link afiliado confirmado foi encontrado no catalogo.","0","","","","0"
"2076","Carrinho Para Transporte de Carga Dobrável até 60Kg bolsa em lona removível e Vonder - 6160000060","shopee","https://shopee.com.br/product/356143297/18251679395","pesquisar_marketplaces","Nenhum produto equivalente com link afiliado confirmado foi encontrado no catalogo.","0","","","","0"
"2077","Gaveta Organizadora Adesiva Pendurável Para Escritório Mesa","shopee","https://shopee.com.br/product/963717536/19997127189","pesquisar_marketplaces","Nenhum produto equivalente com link afiliado confirmado foi encontrado no catalogo.","0","","","","0"
"2078","Caminha Pet Premium Cães e Gatos - Tamanho Pequeno Porte","shopee","https://shopee.com.br/product/311485828/20871820377","pesquisar_marketplaces","Nenhum produto equivalente com link afiliado confirmado foi encontrado no catalogo.","0","","","","0"
"2079","Separador Abridor De Ovos Cortador De Concha Ferramentas Para Gadgets De Cozinha Knocker Cracker Cru Topper Essential","shopee","https://shopee.com.br/product/326075421/20940105067","pesquisar_marketplaces","Nenhum produto equivalente com link afiliado confirmado foi encontrado no catalogo.","0","","","","0"
"2080","Tela LED Junho Para Carro Janela Móvel APP Controle Completo BR","shopee","https://shopee.com.br/product/255441098/23625206768","pesquisar_marketplaces","Nenhum produto equivalente com link afiliado confirmado foi encontrado no catalogo.","0","","","","0"
"2081","Palha Coração De Menina Fofa Em Forma De TV Criativa Suporte De Telefone Celular Caixa De Papel De Mesa Lenço","shopee","https://shopee.com.br/product/492050487/19052105884","pesquisar_marketplaces","Nenhum produto equivalente com link afiliado confirmado foi encontrado no catalogo.","0","","","","0"
"2082","Saco À Vácuo Com Cabide Organizador de Roupas","shopee","https://shopee.com.br/product/341763671/8075144230","pesquisar_marketplaces","Nenhum produto equivalente com link afiliado confirmado foi encontrado no catalogo.","0","","","","0"
"2083","Garrafa de água de armazenamento de amor em forma de coração esportes de fitness ao ar livre criativo garrafa de água portátil corda de viagem xícara de chá","outro","https://pt.aliexpress.com/item/1005004195539086.html","pesquisar_marketplaces","Nenhum produto equivalente com link afiliado confirmado foi encontrado no catalogo.","0","","","","0"
"2090","Suporte De Esponja De Parede Com Torneira De Cozinha Sem Punção Cesto De Esgoto Pendurar Pano","shopee","https://shopee.com.br/product/279946464/21498574121","pesquisar_marketplaces","Nenhum produto equivalente com link afiliado confirmado foi encontrado no catalogo.","0","","","","0"
"2097","(Bateria E Tutorial Livre De Instalação) Perfuração-Canto Dupla Face Relógio De Parede Sala De Estar Luminoso Simples Decoração Mudo Moderno Nórdico Criativo Pendurado","shopee","https://shopee.com.br/product/851315996/18496944089","pesquisar_marketplaces","Nenhum produto equivalente com link afiliado confirmado foi encontrado no catalogo.","0","","","","0"
"2099","Porta Ovos Com 24 Cavidades Com Tampa","shopee","https://shopee.com.br/product/522345285/15835854071","pesquisar_marketplaces","Nenhum produto equivalente com link afiliado confirmado foi encontrado no catalogo.","0","","","","0"
"2401","Fabricante de macarrão imprensa máquina macarrão aço inoxidável cozinha pressionando espaguete manivela corte macarronete fazendo arma cozinha noddle ferramentas","outro","https://pt.aliexpress.com/item/1005004569967176.html","pesquisar_marketplaces","Nenhum produto equivalente com link afiliado confirmado foi encontrado no catalogo.","0","","","","0"
"2403","Apontador de lápis elétrico, Eraser automático, Student Eraser, Aspirador para crianças, menino e menina, aprendendo papelaria, presentes, 3pcs","outro","https://pt.aliexpress.com/item/4000001650500.html","pesquisar_marketplaces","Nenhum produto equivalente com link afiliado confirmado foi encontrado no catalogo.","0","","","","0"
"2404","Novo OPPO Find N2 5G Celular Snapdragon 8 + Gen1 120HZ 7.1 _+ 5.54_ E6 AMOLED 50MP Câmera 67W Super Charge NFC Phone","outro","https://pt.aliexpress.com/item/1005005071030151.html","pesquisar_marketplaces","Nenhum produto equivalente com link afiliado confirmado foi encontrado no catalogo.","0","","","","0"
"2405","Multifuncional Escova De Limpeza Portátil De Plástico Macio Roupas Cabelo Sapato Sabão Líquido Dispenser Lavanderia Do Banheiro","shopee","https://shopee.com.br/Multifuncional-Escova-De-Limpeza-Portátil-De-Plástico-Macio-Roupas-Cabelo-Sapato-Sabão-Líquido-Dispenser-Lavanderia-Do-Banheiro-i.359389982.19247584588","pesquisar_marketplaces","Nenhum produto equivalente com link afiliado confirmado foi encontrado no catalogo.","0","","","","0"
"2407","Mini Barbeador Elétrico Portátil Para Masculino","shopee","https://shopee.com.br/Mini-Barbeador-Elétrico-Portátil-Para-Masculino-i.264984005.3597745181","pesquisar_marketplaces","Nenhum produto equivalente com link afiliado confirmado foi encontrado no catalogo.","0","","","","0"
"2408","HD Espelho de parede Adesivos De Parede Decora banheiro","shopee","https://shopee.com.br/HD-Espelho-de-parede-Adesivos-De-Parede-Decora-banheiro-i.430992006.11218773229","pesquisar_marketplaces","Nenhum produto equivalente com link afiliado confirmado foi encontrado no catalogo.","0","","","","0"
"2409","kit Protetor De Cabo 2 pecas Protetor De Fonte KIT Para carregador 20WW personalizados","shopee","https://shopee.com.br/product/730280561/16860610798","pesquisar_marketplaces","Nenhum produto equivalente com link afiliado confirmado foi encontrado no catalogo.","0","","","","0"
"2410","Kit Aspirador para Pet Grooming, 3 Nível de Sucção, Pet Clipper para Cão e Gato, P1Pro","outro","https://pt.aliexpress.com/item/1005005080367791.html","pesquisar_marketplaces","Nenhum produto equivalente com link afiliado confirmado foi encontrado no catalogo.","0","","","","0"
"2411","Caneta De Fenda COLORFALLC Ferramentas Multifuncionais Gadgets Esferográfica Com Tela Sensível Ao Toque","shopee","https://shopee.com.br/product/432191080/23822360376","pesquisar_marketplaces","Nenhum produto equivalente com link afiliado confirmado foi encontrado no catalogo.","0","","","","0"
"2412","Mármore À Prova D_água Papel De Parede Auto-Adesivo D_água Vinil Filme Adesivos Banheiro Quarto De Banho Armário De Cozinha De Refre","shopee","https://shopee.com.br/product/198959012/7887384761","pesquisar_marketplaces","Nenhum produto equivalente com link afiliado confirmado foi encontrado no catalogo.","0","","","","0"
"2413","Caneta 4 Em 1 Fácil De Usar De Contorno De Sobrancelhas Definindo Destaque À Prova D_água","shopee","https://shopee.com.br/4-Em-1-Fácil-De-Usar-Caneta-Contorno-De-Sobrancelha-Definindo-Marrom-À-Prova-D'água-De-Suor-i.321742009.21567304764","pesquisar_marketplaces","Nenhum produto equivalente com link afiliado confirmado foi encontrado no catalogo.","0","","","","0"
"2414","[Vem _ Crafted] Ferramenta De Rebite De Pregos De Aço Potência Ajustável Portátil Para Fixar Tubo De Água Tábua De Madeira","shopee","https://shopee.com.br/product/296612599/14296069287","pesquisar_marketplaces","Nenhum produto equivalente com link afiliado confirmado foi encontrado no catalogo.","0","","","","0"
"2415","Microfibra pano substituição mop aspirador de pó máquina toalhas mop telescópica rotativo balde espremer herramientas decoração","outro","https://pt.aliexpress.com/item/1005005335491665.html","pesquisar_marketplaces","Nenhum produto equivalente com link afiliado confirmado foi encontrado no catalogo.","0","","","","0"
"2416","Cadeira Dobrável Diretor Peak Azul Com Porta Copo - Nautika","shopee","https://shopee.com.br/product/618731843/16656957906","pesquisar_marketplaces","Nenhum produto equivalente com link afiliado confirmado foi encontrado no catalogo.","0","","","","0"
"2417","Retrátil guarda-roupa ferroviário cabide toalha cabide rack armário organizador de armazenamento puxar para fora pendurado guarda-roupa ferroviário haste","outro","https://pt.aliexpress.com/item/1005004762175942.html","pesquisar_marketplaces","Nenhum produto equivalente com link afiliado confirmado foi encontrado no catalogo.","0","","","","0"
"2418","Adesivo de Esmalte de Purpurina Cor Pura Adesivo de Esmalte Gradiente Brilhante","shopee","https://shopee.com.br/product/389806204/14485315815","pesquisar_marketplaces","Nenhum produto equivalente com link afiliado confirmado foi encontrado no catalogo.","0","","","","0"
"2419","stylishlife Anti-slip Hanger Hook Suprimentos Domésticos 8 Ganchos Cinto De Armazenamento Construção Sólida","shopee","https://shopee.com.br/product/191735676/23991548363","pesquisar_marketplaces","Nenhum produto equivalente com link afiliado confirmado foi encontrado no catalogo.","0","","","","0"
"2420","Sanduicheira Hamilton beach silver 110W","shopee","https://shopee.com.br/product/464850619/18868788664","pesquisar_marketplaces","Nenhum produto equivalente com link afiliado confirmado foi encontrado no catalogo.","0","","","","0"
"2421","Novo Espelho Diy De Alta Qualidade Telha Clara Stong Retângulo Auto Adesivo De Parede À Prova D _Água Decoração 100  200 cm","shopee","https://shopee.com.br/Novo-Espelho-Diy-De-Alta-Qualidade-Telha-Clara-Stong-Retângulo-Auto-Adesivo-De-Parede-À-Prova-D-'Água-Decoração-100-200-cm-i.274609550.11149114275","pesquisar_marketplaces","Nenhum produto equivalente com link afiliado confirmado foi encontrado no catalogo.","0","","","","0"
"2422","Piscina Inflável Verde Sereia 190 Litros Menina Menino Pequena Casa Apartamento","shopee","https://shopee.com.br/Piscina-Inflável-Verde-Sereia-190-Litros-Menina-Menino-Pequena-Casa-Apartamento-i.413719632.19022852179","pesquisar_marketplaces","Nenhum produto equivalente com link afiliado confirmado foi encontrado no catalogo.","0","","","","0"
"2423","Estojo De Cigarro Automático De Brinquedo","shopee","https://shopee.com.br/product/288606993/20854127911","pesquisar_marketplaces","Nenhum produto equivalente com link afiliado confirmado foi encontrado no catalogo.","0","","","","0"
"2424","folklore Descascador Criativo De Frutas Gadgets De Cozinha Pêra Cortador Alimentos Vegetais","shopee","https://shopee.com.br/folklore-Descascador-Criativo-De-Frutas-Gadgets-De-Cozinha-Pêra-Cortador-Alimentos-Vegetais-i.183971520.22891230553","pesquisar_marketplaces","Nenhum produto equivalente com link afiliado confirmado foi encontrado no catalogo.","0","","","","0"
"2425","Robôs de pintura aprendendo arte educacional brinquedos presente de aniversário automático abs robô de pintura inferior com ventosa","shopee","https://shopee.com.br/product/191743659/20572984721","pesquisar_marketplaces","Nenhum produto equivalente com link afiliado confirmado foi encontrado no catalogo.","0","","","","0"
"2426","Mini Processador Triturador De Alimentos Elétrico 100ml Sem Fio Recarregável Alho Legumes Utensílios de Cozinha","shopee","https://shopee.com.br/product/494455275/13020470049","pesquisar_marketplaces","Nenhum produto equivalente com link afiliado confirmado foi encontrado no catalogo.","0","","","","0"
"2427","Colchão Inflável de Casal Com Inflador Acoplado Mor","shopee","https://shopee.com.br/product/638399297/19370806381","pesquisar_marketplaces","Nenhum produto equivalente com link afiliado confirmado foi encontrado no catalogo.","0","","","","0"
"2429","78910 Pcs Conjunto Organizador De Viagem Sacos De Armazenamento Mala De Cubos De Embalagem Estojo De Roupas Portáteis Saco De Bagagem Dobrável","shopee","https://shopee.com.br/7-8-9-10-Pcs-Conjunto-Organizador-De-Viagem-Sacos-De-Armazenamento-Mala-De-Cubos-De-Embalagem-Estojo-De-Roupas-Portáteis-Saco-De-Bagagem-Dobrável-i.747246704.15294346440","pesquisar_marketplaces","Nenhum produto equivalente com link afiliado confirmado foi encontrado no catalogo.","0","","","","0"
"2431","Toalha De Lavar Louça De Cozinha 20pcsCaixa Absorvente De Cotão De Microfibra Descartável Óleo Antiaderente De Pano De Prato","shopee","https://shopee.com.br/product/361991364/15197222643","pesquisar_marketplaces","Nenhum produto equivalente com link afiliado confirmado foi encontrado no catalogo.","0","","","","0"
"2432","KIT com Par Película Janela e retrovisor Anti Embaçante Vidro e Retrovisor","shopee","https://shopee.com.br/product/332580689/6862399356","pesquisar_marketplaces","Nenhum produto equivalente com link afiliado confirmado foi encontrado no catalogo.","0","","","","0"
"2433","Agente De Reparo De Parede Creme Reparação De Rachaduras V2C0 Ferramenta B6C2 Q5Z0 B0F8 B3B0","shopee","https://shopee.com.br/Agente-De-Reparo-De-Parede-Creme-Reparação-De-Rachaduras-V2C0-Ferramenta-B6C2-Q5Z0-B0F8-B3B0-i.371969056.12168628847","pesquisar_marketplaces","Nenhum produto equivalente com link afiliado confirmado foi encontrado no catalogo.","0","","","","0"
"2438","(Amarelo_Buble) Conjunto De Vassouras E Poeiras Ajustáveis Para Limpeza De Piso De Casa  Cozinha  Escritório","shopee","https://shopee.com.br/(Amarelo_Buble)-Conjunto-De-Vassouras-E-Poeiras-Ajustáveis-Para-Limpeza-De-Piso-De-Casa-Cozinha-Escritório-i.375328431.10806379225","pesquisar_marketplaces","Nenhum produto equivalente com link afiliado confirmado foi encontrado no catalogo.","0","","","","0"
"2439","Guarda-Sol Cobertura De Malha Mosquiteiro Pátio Mesa Jardim","shopee","https://shopee.com.br/product/477423052/19266017872","pesquisar_marketplaces","Nenhum produto equivalente com link afiliado confirmado foi encontrado no catalogo.","0","","","","0"
"2440","Bolsa de viagem à prova d_água com grande capacidade marisa","shopee","https://shopee.com.br/product/400311012/16915664884","pesquisar_marketplaces","Nenhum produto equivalente com link afiliado confirmado foi encontrado no catalogo.","0","","","","0"
"2448","Kit 20 Organizadores de sapato, saltos e tênis com regulagem de altura - Branco","shopee","https://shopee.com.br/Kit-20-Organizadores-de-sapato-saltos-e-tênis-com-regulagem-de-altura-Branco-i.472695171.11713494024","pesquisar_marketplaces","Nenhum produto equivalente com link afiliado confirmado foi encontrado no catalogo.","0","","","","0"
"2457","Suporte Multifuncional Dobrável Sem Fio Para Tiro Ao Vivo 1,3 Metros","shopee","https://shopee.com.br/Suporte-Multifuncional-Dobrável-Sem-Fio-Para-Tiro-Ao-Vivo-1-3-Metros-i.442306658.10041525810","pesquisar_marketplaces","Nenhum produto equivalente com link afiliado confirmado foi encontrado no catalogo.","0","","","","0"
"2459","Pendurar ele inteligente frio e quente de secagem rápida máquina de secagem do corpo doméstico banho secador de cabelo pele seca corpo anion","outro","https://pt.aliexpress.com/item/1005003657496311.html","pesquisar_marketplaces","Nenhum produto equivalente com link afiliado confirmado foi encontrado no catalogo.","0","","","","0"
"2460","Fita Decorativa TILIBRA Estampada 5mm x 3m - Vários Modelos","shopee","https://shopee.com.br/product/352627696/18333797692","pesquisar_marketplaces","Nenhum produto equivalente com link afiliado confirmado foi encontrado no catalogo.","0","","","","0"
"2461","Faca Cartão Lamina Dobrável Afiada Dobrável Credito Carteira Canivete Multiuso Gadgets","shopee","https://shopee.com.br/product/544374309/20704524376","pesquisar_marketplaces","Nenhum produto equivalente com link afiliado confirmado foi encontrado no catalogo.","0","","","","0"
"2462","Brilha no Escuro Tampa de válvula pneu carro moto bicicleta","shopee","https://shopee.com.br/Brilha-no-Escuro-Tampa-de-válvula-pneu-carro-moto-bicicleta-i.299581168.21519988232","pesquisar_marketplaces","Nenhum produto equivalente com link afiliado confirmado foi encontrado no catalogo.","0","","","","0"
"2463","T9 Aparador De Cabelo Elétrico Sem Fio Navalha Homem Barbeador","shopee","https://shopee.com.br/product/791772772/16580740956","pesquisar_marketplaces","Nenhum produto equivalente com link afiliado confirmado foi encontrado no catalogo.","0","","","","0"
"2464","Graça_sz Caneca De Café Usb  Aquecedor De Chá  Leite De Cerâmica Almofada Quente","shopee","https://shopee.com.br/product/354067606/14888724947","pesquisar_marketplaces","Nenhum produto equivalente com link afiliado confirmado foi encontrado no catalogo.","0","","","","0"
"2465","Kit De Pasta De Reparo De Azulejos Cola Acrílica Mágica Soldagem , Ranhuras Adesivas De Secagem Rápida Para Furos , Gouges , Porcelana , Acrílico","shopee","https://shopee.com.br/product/846490234/23619181378","pesquisar_marketplaces","Nenhum produto equivalente com link afiliado confirmado foi encontrado no catalogo.","0","","","","0"
"2466","Rolo Textura Borracha Decorativa C Suporte Vários Modelos - Compel","shopee","https://shopee.com.br/Rolo-Textura-Borracha-Decorativa-C-Suporte-Vários-Modelos-Compel-i.762875482.21426346462","pesquisar_marketplaces","Nenhum produto equivalente com link afiliado confirmado foi encontrado no catalogo.","0","","","","0"
"2467","Adesivos De Chão De PVCResistente A UmidadeÀ Prova De Impermeável Para Decoração De PisoInterior 20x20cm","shopee","https://shopee.com.br/product/445383866/12891592689","pesquisar_marketplaces","Nenhum produto equivalente com link afiliado confirmado foi encontrado no catalogo.","0","","","","0"
"2468","Latão De Alta Pressão Lavagem Do Carro Ajustável Reta Lidar Com Mangueira Bico Ferramenta De Jardim Torneira Acessórios Para Casa","shopee","https://shopee.com.br/product/359389982/20005340628","pesquisar_marketplaces","Nenhum produto equivalente com link afiliado confirmado foi encontrado no catalogo.","0","","","","0"
"2469","1PÇ Ganchos Para Roupas Cabide Mágico 1 Furos Roupa Organizador Multi-Dobrável ConexãO Para Cabides","shopee","https://shopee.com.br/product/574215695/13439780450","pesquisar_marketplaces","Nenhum produto equivalente com link afiliado confirmado foi encontrado no catalogo.","0","","","","0"
"2473","Tapetes 3D Butterfly Print Floor Grandes Área Para Sala De Estar Quarto De Dormitório Moda","shopee","https://shopee.com.br/product/184015712/7243100036","pesquisar_marketplaces","Nenhum produto equivalente com link afiliado confirmado foi encontrado no catalogo.","0","","","","0"
"2475","Estimulador de Colágeno Natural Anti Rugas Para Rosto Silicone Adesivo Pad Muy Bela Botox Natural Para Testa Bigode Chinês Pé de Galinha","shopee","https://shopee.com.br/Estimulador-de-Colágeno-Natural-Anti-Rugas-Para-Rosto-Silicone-Adesivo-Pad-Muy-Bela-Botox-Natural-Para-Testa-Bigode-Chinês-Pé-de-Galinha-i.279029909.5262504846","pesquisar_marketplaces","Nenhum produto equivalente com link afiliado confirmado foi encontrado no catalogo.","0","","","","0"
"2478","Colete Corretor Real Doctors Magnético Alívio de dores costas cervical ombros ajustável Cinta Postura Coluna Lombar","shopee","https://shopee.com.br/Colete-Corretor-Real-Doctors-Magnético-Alívio-de-dores-costas-cervical-ombros-ajustável-Cinta-Postura-Coluna-Lombar-i.831886055.20531239651","pesquisar_marketplaces","Nenhum produto equivalente com link afiliado confirmado foi encontrado no catalogo.","0","","","","0"
"2479","4 Pcs Ip65 4 À Prova D _Água Solar Powered Ground Light Para Caminho Do Jardim 8 Luzes Led Deck Solar Luz Para Casa Ao Ar Livre Quintal Gramado Estrada","shopee","https://shopee.com.br/4-Pcs-Ip65-4-À-Prova-D-'Água-Solar-Powered-Ground-Light-Para-Caminho-Do-Jardim-8-Luzes-Led-Deck-Solar-Luz-Para-Casa-Ao-Ar-Livre-Quintal-Gramado-Estrada-i.442329536.10945091398","pesquisar_marketplaces","Nenhum produto equivalente com link afiliado confirmado foi encontrado no catalogo.","0","","","","0"
"2480","12Pcs Cozinha Saco De Alimentos À Prova De Umidade Clipes De Vedação De Conservação FrescaBatatas Fritas Em Forma De Lanche Grampo Armazenamento","shopee","https://shopee.com.br/12Pcs-Cozinha-Saco-De-Alimentos-À-Prova-De-Umidade-Clipes-De-Vedação-De-Conservação-Fresca-Batatas-Fritas-Em-Forma-De-Lanche-Grampo-Armazenamento-i.199171115.23091606332","pesquisar_marketplaces","Nenhum produto equivalente com link afiliado confirmado foi encontrado no catalogo.","0","","","","0"
"2481","Película Insulfilm Prata Espelhada Poliéster profissional","shopee","https://shopee.com.br/Película-Insulfilm-Prata-Espelhada-Poliéster-profissional-i.452769737.14782651401","pesquisar_marketplaces","Nenhum produto equivalente com link afiliado confirmado foi encontrado no catalogo.","0","","","","0"
"2482","【Ready Stock】Lanterna Led Removedor De Cera","shopee","https://shopee.com.br/product/287932907/11224840433","pesquisar_marketplaces","Nenhum produto equivalente com link afiliado confirmado foi encontrado no catalogo.","0","","","","0"
"2486","Teak 2  10pcs Inferior Kit Caixa De Junção 86  118  120 Tipo De Montagem Da Parede Caixa De Reparo Pólo Cassete Reparação De Danos Escuros","shopee","https://shopee.com.br/product/242916878/13516061120","pesquisar_marketplaces","Nenhum produto equivalente com link afiliado confirmado foi encontrado no catalogo.","0","","","","0"
"2488","Bolsa Carteira Feminina Porta Celular Transversal C Fecho","shopee","https://shopee.com.br/product/313995609/13253956051","pesquisar_marketplaces","Nenhum produto equivalente com link afiliado confirmado foi encontrado no catalogo.","0","","","","0"
"2491","Potes Hermético Organizador De Acrílico Com Trava Para Cozinha Importado","shopee","https://shopee.com.br/product/482975418/20856434476","pesquisar_marketplaces","Nenhum produto equivalente com link afiliado confirmado foi encontrado no catalogo.","0","","","","0"
"2493","Removedor Espatula Raspador de Silicone e Rejuntes Calafetagem Argamassa 3 em 1 Com Almofadas Intercambiáveis","shopee","https://shopee.com.br/product/641168887/19605544923","pesquisar_marketplaces","Nenhum produto equivalente com link afiliado confirmado foi encontrado no catalogo.","0","","","","0"
"2495","Ajuda Auto-Resgate Puxador De Roda De Pneus Plano Impulsor Grande Reboque Elétrico De Emergência Traile Com 5 Rodas Para Motocicleta Ebike Personalizar","shopee","https://shopee.com.br/product/378823624/11197391641","pesquisar_marketplaces","Nenhum produto equivalente com link afiliado confirmado foi encontrado no catalogo.","0","","","","0"
"2499","Defender Series Case iPhone 12 Pro Max Mini 11 pro Max XR X XS Max 7 8 Plus Otterbox Case","shopee","https://shopee.com.br/product/428702605/10100641402","pesquisar_marketplaces","Nenhum produto equivalente com link afiliado confirmado foi encontrado no catalogo.","0","","","","0"
"2540","Ultra Mini GF-07 Dispositivo De Rastreamento Com Rastreador GPS De Carro GSMGPRSAntiperda GF07 Anti-Roubodevice Perda","shopee","https://shopee.com.br/Ultra-Mini-GF-07-Dispositivo-De-Rastreamento-Com-Rastreador-GPS-De-Carro-GSM-GPRS-Antiperda-GF07-Anti-Roubodevice-Perda-i.712700302.20904376465","pesquisar_marketplaces","Nenhum produto equivalente com link afiliado confirmado foi encontrado no catalogo.","0","","","","0"
"2541","Mini Lavatório Antiderrapante Conveniente Meias Íntimas Lavadoras Dormitório Lavagem De Viagem Roupa Íntima De Lavar Ferramentas De Banheiro Acessórios","shopee","https://shopee.com.br/Mini-Lavatório-Antiderrapante-Conveniente-Meias-Íntimas-Lavadoras-Dormitório-Lavagem-De-Viagem-Roupa-Íntima-De-Lavar-Ferramentas-De-Banheiro-Acessórios-i.752457185.20552248452","pesquisar_marketplaces","Nenhum produto equivalente com link afiliado confirmado foi encontrado no catalogo.","0","","","","0"
"2542","Suporte Organizador Cozinha Banheiro Plástico Com Adesivo face","shopee","https://shopee.com.br/product/364956871/22206998798","pesquisar_marketplaces","Nenhum produto equivalente com link afiliado confirmado foi encontrado no catalogo.","0","","","","0"
"2543","Polvo do Humor Reversível Gigante 70cm Feliz e Bravo","shopee","https://shopee.com.br/Polvo-do-Humor-Reversível-Gigante-70cm-Feliz-e-Bravo-i.467609545.9987419212","pesquisar_marketplaces","Nenhum produto equivalente com link afiliado confirmado foi encontrado no catalogo.","0","","","","0"
"2544","110V 220V Máquina De Cozimento Elétrica Multifuncional 1.7L Panela Inteligente De 1.7L","shopee","https://shopee.com.br/110V-220V-Máquina-De-Cozimento-Elétrica-Multifuncional-1.7L-Panela-Inteligente-De-1.7L-i.619203587.16889436217","pesquisar_marketplaces","Nenhum produto equivalente com link afiliado confirmado foi encontrado no catalogo.","0","","","","0"
"2545","Cabo Supercalla Usa Ímãs e Elimina Emaranhado para iphone, V8, Tipo-C Android","shopee","https://shopee.com.br/Cabo-Supercalla-Usa-Ímãs-e-Elimina-Emaranhado-para-iphone-V8-Tipo-C-Android-i.330132651.6477250937","pesquisar_marketplaces","Nenhum produto equivalente com link afiliado confirmado foi encontrado no catalogo.","0","","","","0"
"2547","Protetor De Cabo Carregador Fio USB Universal Serve Para Todos Os Tipos De Celulares Com Vários Modelos De Bichinhos","shopee","https://shopee.com.br/product/478733087/15528428688","pesquisar_marketplaces","Nenhum produto equivalente com link afiliado confirmado foi encontrado no catalogo.","0","","","","0"
"2548","Escorredor 2 em 1 Duplo com cesta de Drenagem de Alimentos, Massas, Alimentos, Verduras, Multiuso Prático e Resistente","shopee","https://shopee.com.br/product/289787709/10578179040","pesquisar_marketplaces","Nenhum produto equivalente com link afiliado confirmado foi encontrado no catalogo.","0","","","","0"
"2549","Organizador De Calça JeansOrganizador De Guarda Roupa ArrumadosSeparador De Roupa","shopee","https://shopee.com.br/organizador-gaveta-de-guarda-roupa-Caixa-De-Armazenamento-Para-Calças-Jeans-Compartimentos-Suéter-i.516437780.16606935145","pesquisar_marketplaces","Nenhum produto equivalente com link afiliado confirmado foi encontrado no catalogo.","0","","","","0"
"2550","Plástico Criativo Moderno Cesta De Frutas Secas, Prato De Frutas De 3 Camadas, Prato De Doces, Sala De Estar, Lanche Em Casa","outro","https://pt.aliexpress.com/item/1005004252512830.html","pesquisar_marketplaces","Nenhum produto equivalente com link afiliado confirmado foi encontrado no catalogo.","0","","","","0"
"2551","[Flourishroly2] Prateleira Flutuante Invisível Para Serviço Pesado Montada Na Parede A Biblioteca Do Quarto","shopee","https://shopee.com.br/product/315047498/22020346962","pesquisar_marketplaces","Nenhum produto equivalente com link afiliado confirmado foi encontrado no catalogo.","0","","","","0"
"2553","Toalha De Mesa De Couro À Prova D_água De Óleo Anti Queimadura Descartável Tapete Retangular Nórdico Leve De Luxo Alto Nível Café","shopee","https://shopee.com.br/Toalha-De-Mesa-De-Couro-À-Prova-D'água-De-Óleo-Anti-Queimadura-Descartável-Tapete-Retangular-Nórdico-Leve-De-Luxo-Alto-Nível-Café-i.447089161.22413391643","pesquisar_marketplaces","Nenhum produto equivalente com link afiliado confirmado foi encontrado no catalogo.","0","","","","0"
"2554","Tampa Protetora Alimentos Para Micro-ondas Plástico Com Alça","shopee","https://shopee.com.br/product/464122825/12792742689","pesquisar_marketplaces","Nenhum produto equivalente com link afiliado confirmado foi encontrado no catalogo.","0","","","","0"
"2555","Aparador De Unha Elétrica Bebê Cortador Lixa Unha Azul Rosa","shopee","https://shopee.com.br/product/300356983/4465258554","pesquisar_marketplaces","Nenhum produto equivalente com link afiliado confirmado foi encontrado no catalogo.","0","","","","0"
"2556","Bebird R1 Visual Inteligente Varas De Orelha Endoscópio 300 W Alta Precisão Earpick Mini Câmera Otoscópio Cuidados De Saúde Ouvido Limpo","shopee","https://shopee.com.br/product/778950013/16072927189","pesquisar_marketplaces","Nenhum produto equivalente com link afiliado confirmado foi encontrado no catalogo.","0","","","","0"
"2562","Sapateira Organizadora 2 Portas Basculante varias cores","shopee","https://shopee.com.br/product/406309233/11312167416","pesquisar_marketplaces","Nenhum produto equivalente com link afiliado confirmado foi encontrado no catalogo.","0","","","","0"
"2563","Fita De Cabeça Roller Clipe Mágico Preguiçoso De Torção Bow headwear Fio De Seda Fêmea high-end Camélia Bola Disco De Cabelo Artefato","shopee","https://shopee.com.br/product/857255939/21798431630","pesquisar_marketplaces","Nenhum produto equivalente com link afiliado confirmado foi encontrado no catalogo.","0","","","","0"
"2569","Copo acrílico whisk 250 ML LED C SENSOR","shopee","https://shopee.com.br/Copo-acrílico-whisk-250-ML-LED-C-SENSOR-i.381901074.9613045432","pesquisar_marketplaces","Nenhum produto equivalente com link afiliado confirmado foi encontrado no catalogo.","0","","","","0"
"2570","Adesivo Para Piso Chão Lavável Madeira","shopee","https://shopee.com.br/product/322399178/19698469306","pesquisar_marketplaces","Nenhum produto equivalente com link afiliado confirmado foi encontrado no catalogo.","0","","","","0"
"2577","Puxa Saco e Porta Sacolas Dispenser Organizador de Sacolinhas Plásticas","shopee","https://shopee.com.br/product/788136556/21072561739","pesquisar_marketplaces","Nenhum produto equivalente com link afiliado confirmado foi encontrado no catalogo.","0","","","","0"
"2578","Mini Selador De Saco Portátil A Vácuo Com Faca De Corte Recarregável USB Plástico Máquina De Selagem De Alimentos","shopee","https://shopee.com.br/product/809516761/20343266594","pesquisar_marketplaces","Nenhum produto equivalente com link afiliado confirmado foi encontrado no catalogo.","0","","","","0"
"2579","Adesivo para Espelho de Tomada ou Interruptor Floral 27","shopee","https://shopee.com.br/product/438536695/11061917116","pesquisar_marketplaces","Nenhum produto equivalente com link afiliado confirmado foi encontrado no catalogo.","0","","","","0"
"2580","A.T.A Bolsa De Viagem De Desenho De Grande Capacidade De Armazenamento De Crianças","shopee","https://shopee.com.br/product/468276650/17470409276","pesquisar_marketplaces","Nenhum produto equivalente com link afiliado confirmado foi encontrado no catalogo.","0","","","","0"
"2581","Linha Capilar Sombra Em Pó Giz Cabelo Fofo Instantânea Preta Raiz Para Cima Modificado Borda De Preenchido Testa","shopee","https://shopee.com.br/product/809996523/19030477170","pesquisar_marketplaces","Nenhum produto equivalente com link afiliado confirmado foi encontrado no catalogo.","0","","","","0"
"2582","4 Pares Meias Femininas De Silicone Antiderrapante De Boca Rasa De AlgodãO InvisíVel Meias De Seda De Gelo InvisíVeis Ultrafinas Para Mulheres","shopee","https://shopee.com.br/product/239156097/23824517143","pesquisar_marketplaces","Nenhum produto equivalente com link afiliado confirmado foi encontrado no catalogo.","0","","","","0"
"2583","As decorações do pavimento do jardim do tanque de peixes de pedra luminosa brilham à noite.5 pessaco","shopee","https://shopee.com.br/product/525811503/15900622617","pesquisar_marketplaces","Nenhum produto equivalente com link afiliado confirmado foi encontrado no catalogo.","0","","","","0"
"2584","Garrafinha De Água De Bebida Dupla Squeeze Infantil 480ml Meninos e Meninas Garrafa Agua ou Suco Com Canudo e alça e adesivo","shopee","https://shopee.com.br/product/237007884/20727401939","pesquisar_marketplaces","Nenhum produto equivalente com link afiliado confirmado foi encontrado no catalogo.","0","","","","0"
"2585","Suporte de plantas várias flores vaso titular prateleiras plantador rack armazenamento organizador exibição para interior casa decoração do jardim","outro","https://pt.aliexpress.com/item/1005004844381979.html","pesquisar_marketplaces","Nenhum produto equivalente com link afiliado confirmado foi encontrado no catalogo.","0","","","","0"
"2586","Janpim Lanterna Sentimentos Levou Uma Parte Superior A Mesa Lamparina Luz Nova Luzes Ao Ar Livre 3D Usb Probe Criativos","shopee","https://shopee.com.br/product/265525750/3635314641","pesquisar_marketplaces","Nenhum produto equivalente com link afiliado confirmado foi encontrado no catalogo.","0","","","","0"
"2587","Desktop de flor de cerejeira, decoração pequena, para descompressão, pequenos objetos, gotas de água líquido, ampulheta, presente de aniversário","shopee","https://shopee.com.br/product/358284954/21298596395","pesquisar_marketplaces","Nenhum produto equivalente com link afiliado confirmado foi encontrado no catalogo.","0","","","","0"
"2588","Chave do carro inteligente Caso Fob Tampa, Estilo do carro para BMW X1, X3, X4, X, X6, F15, F16, G30, E34, E60, E36, E90, 1, 3, 5, 7 séries, F20, F30, 118i, 218i, 320i","outro","https://pt.aliexpress.com/item/1005005432656933.html","pesquisar_marketplaces","Nenhum produto equivalente com link afiliado confirmado foi encontrado no catalogo.","0","","","","0"
"2589","Chapéu De Segurança Infantil Anti-Colisão  Capacete Flexível Confortável Ajustável De Proteção Para Segurança De Bebê","shopee","https://shopee.com.br/product/269206167/6652526473","pesquisar_marketplaces","Nenhum produto equivalente com link afiliado confirmado foi encontrado no catalogo.","0","","","","0"
"2590","Escova Espanador De Pó Elétrico Pena Ajustável Portátil Rotativo Multifuncional Escova De Limpeza Domestica","shopee","https://shopee.com.br/product/728525193/17892138419","pesquisar_marketplaces","Nenhum produto equivalente com link afiliado confirmado foi encontrado no catalogo.","0","","","","0"
"2591","Cinta Modeladora De Cintura Alta Sem Costura Modela O Corpo","shopee","https://shopee.com.br/product/471762388/20704324755","pesquisar_marketplaces","Nenhum produto equivalente com link afiliado confirmado foi encontrado no catalogo.","0","","","","0"
"2592","Saco À Prova D_água Para Telefone Celular D_água Tela Sensível Ao Toque Capa De Mergulho Selada Equipamento De Natação Deriva Airbag Universal Anti","shopee","https://shopee.com.br/product/757120444/19598557177","pesquisar_marketplaces","Nenhum produto equivalente com link afiliado confirmado foi encontrado no catalogo.","0","","","","0"
"2593","Protetor De Cabo De Duas Peças De Silicone Data Anti-Quebra USB Carregador De Fio De Bobinador Saver","shopee","https://shopee.com.br/product/183964906/20755265995","pesquisar_marketplaces","Nenhum produto equivalente com link afiliado confirmado foi encontrado no catalogo.","0","","","","0"
"2594","Sodastream Jet Máquina para Gaseificar Água","shopee","https://shopee.com.br/Sodastream-Jet-Máquina-para-Gaseificar-Água-i.305197280.19230158965","pesquisar_marketplaces","Nenhum produto equivalente com link afiliado confirmado foi encontrado no catalogo.","0","","","","0"
"2595","Caixa De Luxo Louis Vuitton De Vidro iPhone Para 11 12 13 14 pro max Com Relevo Fosco LV","shopee","https://shopee.com.br/product/797167659/19697027785","pesquisar_marketplaces","Nenhum produto equivalente com link afiliado confirmado foi encontrado no catalogo.","0","","","","0"
"2596","MIHAN Acessórios Para Sapatos Com Faixa De Amarração Ajustável Alças Antiderrapantes Pacote De Cadarço Feminino Preguiçoso Elástico De Travamento Alto Salto Em Forma De U PérolaMulticolor","shopee","https://shopee.com.br/product/191440485/10549578384","pesquisar_marketplaces","Nenhum produto equivalente com link afiliado confirmado foi encontrado no catalogo.","0","","","","0"
"2597","Moldura De Proteção TPU De Cor Contraste Iphone 14 PRO MAX 13 Caixa Macia À Prova De Choque","shopee","https://shopee.com.br/product/263689894/10882939432","pesquisar_marketplaces","Nenhum produto equivalente com link afiliado confirmado foi encontrado no catalogo.","0","","","","0"
"2598","Elegante Vestidos de Festa Para As Mulheres 2023 Verão New Bowknot Decote Bolo Manga Curta Chiffon Coreano Moda Floral Vestido Mulher 4XL","outro","https://pt.aliexpress.com/item/1005005446861717.html","pesquisar_marketplaces","Nenhum produto equivalente com link afiliado confirmado foi encontrado no catalogo.","0","","","","0"
"2600","Kit Película Protetora de Câmera de Iphone COM BRILHO XR 11 11 PRO 11 PRO MAX 12 12 PRO 12 PRO MAX 13 MINI 13 13 PRO 13 PRO MAX + KIT LIMPEZA","shopee","https://shopee.com.br/product/594584262/19116468792","pesquisar_marketplaces","Nenhum produto equivalente com link afiliado confirmado foi encontrado no catalogo.","0","","","","0"
"2601","[Estoque Pronto Venda A Quente] [Novo Estilo Moda] Instalação-Rede Yurt Mosquiteiro Mosqui Doméstico De Dupla Abertura Com Zíper Criptografado","shopee","https://shopee.com.br/product/799999458/18369609871","pesquisar_marketplaces","Nenhum produto equivalente com link afiliado confirmado foi encontrado no catalogo.","0","","","","0"
"2602","Royal Travel new 2022 small fresh ultra light suitcase ins internet popular trolley case universal wheel suitcase with cup holder USB charging","shopee","https://shopee.com.br/product/999197881/22591272850","pesquisar_marketplaces","Nenhum produto equivalente com link afiliado confirmado foi encontrado no catalogo.","0","","","","0"
"2603","Protetor Solar Parabrisa Parasol Carro Proteção Térmica Uv","shopee","https://shopee.com.br/product/397677605/23096068278","pesquisar_marketplaces","Nenhum produto equivalente com link afiliado confirmado foi encontrado no catalogo.","0","","","","0"
"2604","Aparelho Corretor Desencravador de Unha Encravada Inflamada","shopee","https://shopee.com.br/product/402081204/15013965426","pesquisar_marketplaces","Nenhum produto equivalente com link afiliado confirmado foi encontrado no catalogo.","0","","","","0"
"2605","Batom Matte Lindalí longa duração Paula maquiagem","shopee","https://shopee.com.br/product/330181122/10178479001","pesquisar_marketplaces","Nenhum produto equivalente com link afiliado confirmado foi encontrado no catalogo.","0","","","","0"
"2606","Fritadeira multifuncional inteligente para uso doméstico, grande capacidade, batatas fritas elétricas, integração de forno eletrônico, 15L","outro","https://pt.aliexpress.com/item/1005005336404250.html","pesquisar_marketplaces","Nenhum produto equivalente com link afiliado confirmado foi encontrado no catalogo.","0","","","","0"
"2607","Barata Falsa De Controle Remoto  Brinquedo Rc  Pegadinha  Insetos  Joke  Assustadora","shopee","https://shopee.com.br/product/242910449/7743572957","pesquisar_marketplaces","Nenhum produto equivalente com link afiliado confirmado foi encontrado no catalogo.","0","","","","0"
"2608","SEAUTO-Roker Plus limpador de piscina robótico sem fio, sucção 6000Pa, robô automático dura, aspirador de 90 minutos, estreia mundial","outro","https://pt.aliexpress.com/item/1005005707289350.html","pesquisar_marketplaces","Nenhum produto equivalente com link afiliado confirmado foi encontrado no catalogo.","0","","","","0"
"2609","Portátil Mini Cadeira Carregador Sem Fio Para Samsung Nota 8 S7 S9 Borda iPhone 12 15 W Estação De Carregamento Stand Com Música Falante","shopee","https://shopee.com.br/product/262367779/14581946215","pesquisar_marketplaces","Nenhum produto equivalente com link afiliado confirmado foi encontrado no catalogo.","0","","","","0"
"2610","Pistola elétrica automática de água para crianças, armas de grande capacidade, brinquedos de piscina para meninos e meninas, ao ar livre","outro","https://pt.aliexpress.com/item/1005005513463667.html","pesquisar_marketplaces","Nenhum produto equivalente com link afiliado confirmado foi encontrado no catalogo.","0","","","","0"
"2611","Agulha Automática Dispositivo De Costura Agulha Threader Mão Máquina DIY Ferramenta De Costura Agulha Parte Para Idosos Casa","shopee","https://shopee.com.br/product/494823656/13840037386","pesquisar_marketplaces","Nenhum produto equivalente com link afiliado confirmado foi encontrado no catalogo.","0","","","","0"
"2612","Fita Led Neon Mangueira de Led Neon 5 Metros","shopee","https://shopee.com.br/product/441222226/21439079319","pesquisar_marketplaces","Nenhum produto equivalente com link afiliado confirmado foi encontrado no catalogo.","0","","","","0"
"2613","Ralo de Silicone para Pia de Cozinha","shopee","https://shopee.com.br/Ralo-de-Silicone-para-Pia-de-Cozinha-i.469889959.20478284131","pesquisar_marketplaces","Nenhum produto equivalente com link afiliado confirmado foi encontrado no catalogo.","0","","","","0"
"2614","Jfbr Pet Cats Túnel Interativo Brincar De Brinquedos Cama De Gato De Uso Duplo Internos QDD","shopee","https://shopee.com.br/product/348912571/21239151736","pesquisar_marketplaces","Nenhum produto equivalente com link afiliado confirmado foi encontrado no catalogo.","0","","","","0"
"2615","Alta precisão haste reta telescópica estilingue faixa de borracha plana alta potência aço inoxidável catapulta caça ao ar livre tiro","outro","https://pt.aliexpress.com/item/1005004027496371.html","pesquisar_marketplaces","Nenhum produto equivalente com link afiliado confirmado foi encontrado no catalogo.","0","","","","0"
"2616","cabeza Dripping Oil Slide Home Decor Kids Ansiedade Alívio Da Líquido Colorido Ampulheta Do Stress Acessórios De Mesa Brinquedos De","shopee","https://shopee.com.br/product/207279727/21869828360","pesquisar_marketplaces","Nenhum produto equivalente com link afiliado confirmado foi encontrado no catalogo.","0","","","","0"
"2617","Conjunto De Chinelos De PelúciaAlgodão FlexívelCriativoPlantaSuper MarioPiranha","shopee","https://shopee.com.br/product/611800883/15452644224","pesquisar_marketplaces","Nenhum produto equivalente com link afiliado confirmado foi encontrado no catalogo.","0","","","","0"
"2618","TAYLOR Tigela Alimentadora Para Cães Acessórios Animais De Estimação De Grande Capacidade Plásticos Anti-Asfixiante Tipo Dog Slow Food Bowl","shopee","https://shopee.com.br/product/446030215/18998646944","pesquisar_marketplaces","Nenhum produto equivalente com link afiliado confirmado foi encontrado no catalogo.","0","","","","0"
"2619","47-107cm Zipper Doll Storage Bucket Plush Toy Artifact Cilindro Transparente Caixa Organizadora De Container Para Bonecas Infantis","shopee","https://shopee.com.br/product/401215421/23391807249","pesquisar_marketplaces","Nenhum produto equivalente com link afiliado confirmado foi encontrado no catalogo.","0","","","","0"
"2620","[Aspersores De Jardim Ferramentas Automáticas De Regar Grama De 360 Graus De Água Rotativa","shopee","https://shopee.com.br/product/303316567/11108657862","pesquisar_marketplaces","Nenhum produto equivalente com link afiliado confirmado foi encontrado no catalogo.","0","","","","0"
"2621","Adesivo Parede Janela Falsa Paisagem Flores Vermelhas Natureza Linda Decoração Sua Casa 3D Criativo","shopee","https://shopee.com.br/product/677589608/15349233404","pesquisar_marketplaces","Nenhum produto equivalente com link afiliado confirmado foi encontrado no catalogo.","0","","","","0"
"2622","Crianças Carro Aventura Brinquedo Mãos Sobre Quebra Cabeça Máquina De Corrida Controle Remoto Do Volante Vídeo Game Machine","shopee","https://shopee.com.br/product/799345426/19331407590","pesquisar_marketplaces","Nenhum produto equivalente com link afiliado confirmado foi encontrado no catalogo.","0","","","","0"
"2623","Olho mágico digital porta com visor olho magico com camera eletrônica com visor de porta com tela LCD de 2,8 e visão noturna  foto tirada campainha Visualizador","shopee","https://shopee.com.br/product/503455917/11346941021","pesquisar_marketplaces","Nenhum produto equivalente com link afiliado confirmado foi encontrado no catalogo.","0","","","","0"
"2624","Agulha Artesanato Crochê unitária LED","shopee","https://shopee.com.br/product/493915808/20326669824","pesquisar_marketplaces","Nenhum produto equivalente com link afiliado confirmado foi encontrado no catalogo.","0","","","","0"
"2625","Guarda Roupa Dobrável Organizador De Roupas","shopee","https://shopee.com.br/product/359168917/20104857361","pesquisar_marketplaces","Nenhum produto equivalente com link afiliado confirmado foi encontrado no catalogo.","0","","","","0"
"2626","30pcs Limpador De Piso Folha De Limpeza Solúvel Esfregando O De Madeira De Banheiro Doméstico","shopee","https://shopee.com.br/product/417855149/18528278532","pesquisar_marketplaces","Nenhum produto equivalente com link afiliado confirmado foi encontrado no catalogo.","0","","","","0"
"2627","[Brinco De Flor Folhado Brincos Femininos Leves De Luxo Temperamento Moda Verão Todos Combinam Grandes Hoops Para Mulheres","shopee","https://shopee.com.br/product/419951576/19260679100","pesquisar_marketplaces","Nenhum produto equivalente com link afiliado confirmado foi encontrado no catalogo.","0","","","","0"
"2628","Balde De Água 8L Recipiente Portátil Para Piquenique Ao Ar Livre Com Torneira","shopee","https://shopee.com.br/product/226487021/23195921296","pesquisar_marketplaces","Nenhum produto equivalente com link afiliado confirmado foi encontrado no catalogo.","0","","","","0"
"2629","Bolsa Multifuncional Para Ferramenta Multi-PropósitoRolo DePorta-Bolsões Com ZíperTrabalho","shopee","https://shopee.com.br/product/444766321/12339658075","pesquisar_marketplaces","Nenhum produto equivalente com link afiliado confirmado foi encontrado no catalogo.","0","","","","0"
"2631","Suporte para cartão de telefone celular, porta-cartão para a esquerda e para a direita, porta-cartões com zíper, bolsa para celular, personalidade criativa, adesivo traseiro getrich","shopee","https://shopee.com.br/product/358288564/23295872104","pesquisar_marketplaces","Nenhum produto equivalente com link afiliado confirmado foi encontrado no catalogo.","0","","","","0"
"2632","(Stock) Curvo Bangs Invisível Pente HairpinModa Feminina Cabelo GarfoElegante Grampo De Do QuebradoDIY De InserçãoFerramenta Da Trança","shopee","https://shopee.com.br/(Stock)-Curvo-Bangs-Invisível-Pente-Hairpin-Moda-Feminina-Cabelo-Garfo-Elegante-Grampo-De-Do-Quebrado-DIY-De-Inserção-Ferramenta-Da-Trança-i.191443669.4883439659","pesquisar_marketplaces","Nenhum produto equivalente com link afiliado confirmado foi encontrado no catalogo.","0","","","","0"
"2633","316 Xícara Térmica De Café Inteligente Feminina De Aço Inoxidável 316 Liner Girls Boys Student Gifts High-End Water Cup","shopee","https://shopee.com.br/product/604997569/22426130836","pesquisar_marketplaces","Nenhum produto equivalente com link afiliado confirmado foi encontrado no catalogo.","0","","","","0"
"2634","Esponja Esfoliante Macia Esfoliante Corporal Ducha Limpador De Pele Removedor Morta","shopee","https://shopee.com.br/product/394786209/16892309043","pesquisar_marketplaces","Nenhum produto equivalente com link afiliado confirmado foi encontrado no catalogo.","0","","","","0"
"2635","Household Multi-Function Prateleiras de parede, Spice Storage Holder, Faca Metal Rack, Suporte para tampas, prateleira, colher, cozinha, casa","outro","https://pt.aliexpress.com/item/1005003745949101.html","pesquisar_marketplaces","Nenhum produto equivalente com link afiliado confirmado foi encontrado no catalogo.","0","","","","0"
"2636","organizador de sacolas de comprasDispenserBolsa Organizadora De Plástico Para Armazenamento De Sacolas De Cozinha","shopee","https://shopee.com.br/product/234485333/17772820464","pesquisar_marketplaces","Nenhum produto equivalente com link afiliado confirmado foi encontrado no catalogo.","0","","","","0"
"2637","Esfregão Rodo Mop Mágico Inteligente Com Refil FLAT 360° Graus Flexível PUXA E SECA Limpeza Casa Limpa Fácil Microfibra Alto Absorção","shopee","https://shopee.com.br/product/463957248/23024336038","pesquisar_marketplaces","Nenhum produto equivalente com link afiliado confirmado foi encontrado no catalogo.","0","","","","0"
"2638","Novo Abridor De Ovos Ferramenta De Ovo Cozinha Pato Criativo","shopee","https://shopee.com.br/product/525147067/22511103977","pesquisar_marketplaces","Nenhum produto equivalente com link afiliado confirmado foi encontrado no catalogo.","0","","","","0"
"2639","Chupeta De Frutas Para Bebês Recém-Nascidos De Silicone Mordedor Alimentador De Alimentos Vaca","shopee","https://shopee.com.br/product/438841433/18642847529","pesquisar_marketplaces","Nenhum produto equivalente com link afiliado confirmado foi encontrado no catalogo.","0","","","","0"
"2641","Autorizado Painel Liso Espuma Adesiva Linho Grosso DIY - Escritório Ambiente Decoração Isolamento Acústico e Revestimento","shopee","https://shopee.com.br/product/438712495/8971545262","pesquisar_marketplaces","Nenhum produto equivalente com link afiliado confirmado foi encontrado no catalogo.","0","","","","0"
"2644","Maquina De Algodão Doce Para Festa Portátil Mini","shopee","https://shopee.com.br/product/543248143/19429581634","pesquisar_marketplaces","Nenhum produto equivalente com link afiliado confirmado foi encontrado no catalogo.","0","","","","0"
"2646","GG Black White Pink Blue Grid Short Sleeves Ice Silk Pajamas For Women Mens","shopee","https://shopee.com.br/product/527701582/12011352069","pesquisar_marketplaces","Nenhum produto equivalente com link afiliado confirmado foi encontrado no catalogo.","0","","","","0"
"2650","Suporte Fatiador De Cebola Cortador Garfo Vegetais Legumes","shopee","https://shopee.com.br/Suporte-Manual-Fatiador-Cortador-Garfo-Para-Cortar-Cebola-Legumes-Vegetais-Promoção-i.420245903.3075567122","pesquisar_marketplaces","Nenhum produto equivalente com link afiliado confirmado foi encontrado no catalogo.","0","","","","0"
"2651","Massageador Multifuncional Manual Massagem Anti Estresse Relaxante Alivia Dor Pescoço Corpo","shopee","https://shopee.com.br/product/394126297/14454816101","pesquisar_marketplaces","Nenhum produto equivalente com link afiliado confirmado foi encontrado no catalogo.","0","","","","0"
"2652","Porta Joia De Bolsa Para Viagem Portátil caixa de armazenamentobolsaanelcolar","shopee","https://shopee.com.br/product/376739049/8199493364","pesquisar_marketplaces","Nenhum produto equivalente com link afiliado confirmado foi encontrado no catalogo.","0","","","","0"
"2653","Máscara De Cílios I Love Extreme Crazy Volume Essence","link_invalido","httpsshopee.com.brproduct81681954013295159760","pesquisar_marketplaces","Nenhum produto equivalente com link afiliado confirmado foi encontrado no catalogo.","0","","","","0"
"2654","BLUE 450 Ml Manual Dispensador De Sabão Fixado Na Parede Shampoo Shower Dispenser Contém Condicionados Gel De Banho","shopee","https://shopee.com.br/product/298493564/18807466425","pesquisar_marketplaces","Nenhum produto equivalente com link afiliado confirmado foi encontrado no catalogo.","0","","","","0"
"2655","Mini Liquidificador Portátil Shake Take Juice Cup 6 Lâminas Recarregável","shopee","https://shopee.com.br/product/378488048/10985607420","pesquisar_marketplaces","Nenhum produto equivalente com link afiliado confirmado foi encontrado no catalogo.","0","","","","0"
"2656","Nova Multifuncional 360 Graus Rotatable Auto Espelho Retrovisor Assento Pendurado Clipe Suporte Do Telefone Celular Para O Carro","shopee","https://shopee.com.br/product/581961753/13457874586","pesquisar_marketplaces","Nenhum produto equivalente com link afiliado confirmado foi encontrado no catalogo.","0","","","","0"
"2658","Maleta de Maquiagem Profissional Com Divisórias Organização Make Grande","shopee","https://shopee.com.br/product/441216257/17060461517","pesquisar_marketplaces","Nenhum produto equivalente com link afiliado confirmado foi encontrado no catalogo.","0","","","","0"
"2659","Placa Boleadora De Doces Cortador Enrolador Brigadeiro Beijinho Blue Star","shopee","https://shopee.com.br/product/455834389/16135647183","pesquisar_marketplaces","Nenhum produto equivalente com link afiliado confirmado foi encontrado no catalogo.","0","","","","0"
"2660","「 SEEHON Oficial STORE 」 Actto Retro Mini Teclado Multi-Emparelhamento B303 B503 5 Cores Novo DESIGN Com FREEBIES","shopee","https://shopee.com.br/product/813282672/20131751000","pesquisar_marketplaces","Nenhum produto equivalente com link afiliado confirmado foi encontrado no catalogo.","0","","","","0"
"2661","Bolsa Saco de Gelo 15 cm térmica ortopédica flexível","shopee","https://shopee.com.br/product/334182173/3032800208","pesquisar_marketplaces","Nenhum produto equivalente com link afiliado confirmado foi encontrado no catalogo.","0","","","","0"
"2663","Reutilizável Pizza Recipiente De Armazenamento Multipurpose Dobrável Caixa De Embalagem De Silicone Alimento Portátil Bolo Sobremesa Para Casa De Acampamento Piquenique Triangular Quebrarair fryer","shopee","https://shopee.com.br/product/250753506/20733409179","pesquisar_marketplaces","Nenhum produto equivalente com link afiliado confirmado foi encontrado no catalogo.","0","","","","0"
"2664","1.3L Lancheira Plástica À Prova De Vazamentos De Grande Capacidade Caixa Microwavable Para Armazenamento De Alimentos Recipiente Salada De Frutas Compartimentos Escritório Escolar Acampamento Ao Ar","shopee","https://shopee.com.br/product/780868629/22824122410","pesquisar_marketplaces","Nenhum produto equivalente com link afiliado confirmado foi encontrado no catalogo.","0","","","","0"
"2665","7 PçsCaixa Macio Almofada De Ar Esponja Substituição De Pó Facial Sopro Dupla Face BB Creme Aplicador Seco Molhado Dual Use Ferramenta De Maquiagem","shopee","https://shopee.com.br/product/639859574/20822199909","pesquisar_marketplaces","Nenhum produto equivalente com link afiliado confirmado foi encontrado no catalogo.","0","","","","0"
"2666","Suporte para Pé de Máquina de Lavar e Móveis 4 Peças","shopee","https://shopee.com.br/product/319405956/11636203072","pesquisar_marketplaces","Nenhum produto equivalente com link afiliado confirmado foi encontrado no catalogo.","0","","","","0"
"2667","Carregador Rápido Sem Fio 10W Qi Círculo Óptico Array Carregamento","shopee","https://shopee.com.br/product/242908589/4063351232","pesquisar_marketplaces","Nenhum produto equivalente com link afiliado confirmado foi encontrado no catalogo.","0","","","","0"
"2668","20Pcs Ganchos De Conexão De Cabide Para Armário Organizador De Mini Gancho De Armazenamento Roupa Casacos","shopee","https://shopee.com.br/product/238883163/19728201909","pesquisar_marketplaces","Nenhum produto equivalente com link afiliado confirmado foi encontrado no catalogo.","0","","","","0"
"2669","Sink Filter Rack Kitchen Foldable Sink Strainer Mesh Bag Stand Waste Garbage Net Shelf Anti-Clogging Disposable Garbage Mesh Bag HYOY","shopee","https://shopee.com.br/product/293790837/19570446533","pesquisar_marketplaces","Nenhum produto equivalente com link afiliado confirmado foi encontrado no catalogo.","0","","","","0"
"2672","4 Peças Adesivo Anticolisão Para Canto Da Porta Do Carro Protetor De anti-Riscos Universal Artefato De Proteção Abertura","shopee","https://shopee.com.br/product/523448451/14491964600","pesquisar_marketplaces","Nenhum produto equivalente com link afiliado confirmado foi encontrado no catalogo.","0","","","","0"
"2673","Travesseiro Cervical Para O Contorno Do Dor No Pescoço E Ombro Ortopédico Dormir","shopee","https://shopee.com.br/product/504477539/20698472594","pesquisar_marketplaces","Nenhum produto equivalente com link afiliado confirmado foi encontrado no catalogo.","0","","","","0"
"2674","Dobrando Lata De Lixo 10 L Dobrável Para Pendurar Na Cozinha","shopee","https://shopee.com.br/product/460858150/6495917353","pesquisar_marketplaces","Nenhum produto equivalente com link afiliado confirmado foi encontrado no catalogo.","0","","","","0"
"2676","5Pcs6Pcs Panos De Limpeza De Cozinha Anti-Grease Wiping Rags Eficiente Balança De Peixe Pano","shopee","https://shopee.com.br/product/418644609/11550605372","pesquisar_marketplaces","Nenhum produto equivalente com link afiliado confirmado foi encontrado no catalogo.","0","","","","0"
"2678","Pato Luz Noturna USB Recarregável Luminária De Silicone Patting Switch Kids Gift Aniversário Presente De Cabeceira Sala Decoração De Casa","shopee","https://shopee.com.br/product/422277276/23809172116","pesquisar_marketplaces","Nenhum produto equivalente com link afiliado confirmado foi encontrado no catalogo.","0","","","","0"
"2679","Protetor Rolinho Veda Porta Impermeável 80cm sem Costura","shopee","https://shopee.com.br/product/417751137/7485066842","pesquisar_marketplaces","Nenhum produto equivalente com link afiliado confirmado foi encontrado no catalogo.","0","","","","0"
"2680","Tesoura para cozinha-Cortar, Picar Legumes, Verdura e Ervas-5 Lâminas Inox","shopee","https://shopee.com.br/product/524015837/12706440982","pesquisar_marketplaces","Nenhum produto equivalente com link afiliado confirmado foi encontrado no catalogo.","0","","","","0"
"2682","Escova Esponja Banho Costas Bucha Esfoliação Massageadora","shopee","https://shopee.com.br/product/353359882/20368481580","pesquisar_marketplaces","Nenhum produto equivalente com link afiliado confirmado foi encontrado no catalogo.","0","","","","0"
"2683","Escorredor de Macarrão em Plastico Silicone Dobrável Não Ocupa Espaço Resiste Alta Temperatura Cozinha Organizada","shopee","https://shopee.com.br/product/388273754/16535771363","pesquisar_marketplaces","Nenhum produto equivalente com link afiliado confirmado foi encontrado no catalogo.","0","","","","0"
"2684","Mini Geladeira Portátil Multilaser 4l TV009 12v 127V BRC SC","shopee","https://shopee.com.br/product/395593414/13292265578","pesquisar_marketplaces","Nenhum produto equivalente com link afiliado confirmado foi encontrado no catalogo.","0","","","","0"
"2685","20Pcs Cabo Reutilizável De Nylon Fio AmarraçãoDados Do Computador Laços DeFita De Secretária Ferramenta Organizadora De Arrumação","shopee","https://shopee.com.br/product/183962854/3171623645","pesquisar_marketplaces","Nenhum produto equivalente com link afiliado confirmado foi encontrado no catalogo.","0","","","","0"
"2686","10 Pc Planta Verde EscaladaAuto-Adesiva Clip Invisível Puxar Suporte De Vime GanchoCabo Doméstico E Fixação De Arame Folha Clipe","shopee","https://shopee.com.br/product/264596834/16935934388","pesquisar_marketplaces","Nenhum produto equivalente com link afiliado confirmado foi encontrado no catalogo.","0","","","","0"
"2687","300ML 200ML Spray Pulverizador Borrifador Azeite Vinagre","shopee","https://shopee.com.br/product/510228416/20672411442","pesquisar_marketplaces","Nenhum produto equivalente com link afiliado confirmado foi encontrado no catalogo.","0","","","","0"
"2689","Kit 10 Organizador de gavetas vários tamanhos P, M,G,JEANS - Organizamais - 4M + 2J+ 2P + 2G","shopee","https://shopee.com.br/product/738897464/20600534674","pesquisar_marketplaces","Nenhum produto equivalente com link afiliado confirmado foi encontrado no catalogo.","0","","","","0"
"2690","Fatiador de Frutas e Legumes Super Prático Fácil de Usar","shopee","https://shopee.com.br/product/328730742/10392221862","pesquisar_marketplaces","Nenhum produto equivalente com link afiliado confirmado foi encontrado no catalogo.","0","","","","0"
"2691","[liu]Suporte para escovas de dentes, dispositivo de compressão automática de pasta de dente para apertar artefato domés","shopee","https://shopee.com.br/product/323945880/8570038543","pesquisar_marketplaces","Nenhum produto equivalente com link afiliado confirmado foi encontrado no catalogo.","0","","","","0"
"2692","Suporte Ajustável De Braço Para Mesa De Cama De Rotação 360 Tablets Telefone Celular iPhone iPad Air Mini Pro 4-13 Polegadas","shopee","https://shopee.com.br/product/836897340/14091482305","pesquisar_marketplaces","Nenhum produto equivalente com link afiliado confirmado foi encontrado no catalogo.","0","","","","0"
"2693","Lixeira Banheiro Cozinha Automática Com Sensor Inteligente","shopee","https://shopee.com.br/product/845996343/14694117466","pesquisar_marketplaces","Nenhum produto equivalente com link afiliado confirmado foi encontrado no catalogo.","0","","","","0"
"2694","Protetor De Tampa Universal À Prova D _Água Com 86 Tipos Para Painel De Tomada G1O0","shopee","https://shopee.com.br/product/452470612/10518081623","pesquisar_marketplaces","Nenhum produto equivalente com link afiliado confirmado foi encontrado no catalogo.","0","","","","0"
"2695","Varal Sanfonado Parede Aluminio 100 CM Resistente Forte Não Enferruja","shopee","https://shopee.com.br/product/386524761/15890307982","pesquisar_marketplaces","Nenhum produto equivalente com link afiliado confirmado foi encontrado no catalogo.","0","","","","0"
"2699","Abridor de Potes 5 em 1 Abridor de Garrafas Multifuncional","shopee","https://shopee.com.br/product/405527541/14682950842","pesquisar_marketplaces","Nenhum produto equivalente com link afiliado confirmado foi encontrado no catalogo.","0","","","","0"
