"sourceZip","videoNumber","title","videoEntry","videoSha256","status","durationSeconds","width","height","resolution","orientation","fps","videoCodec","audioCodec","audioChannels","audioSampleRate","bitRate","bytes","error"
"VIDEOS 0 - 300-20260730T124444Z-1-001.zip","2","Cortador De Unha Elétrico USB Aparador Adulto Crianças Clipper Automático","VIDEOS 0 - 300/VIDEO 0002/Cortador De Unha Elétrico USB Aparador Adulto Crianças Clipper Automático.mp4","c35a764622a2eb49d979db1d2889e45dc45b6df3bece2aefd221db9336669e76","ok","16,253","1080","1920","1080x1920","vertical","30","h264","aac","2","44100","1994343","4051758",""
"VIDEOS 0 - 300-20260730T124444Z-1-001.zip","3","mini modelo,De Aço Inoxidável Preto Pulverizador Conjunto Sanitário","VIDEOS 0 - 300/VIDEO 0003/mini modelo,De Aço Inoxidável Preto Pulverizador Conjunto Sanitário.mp4","15990a12d5ca30a277a978b955e1cfba665d7221d329efcd3408883877d3a31f","ok","25,796","1080","1920","1080x1920","vertical","30","h264","aac","2","44100","2888149","9312838",""
"VIDEOS 0 - 300-20260730T124444Z-1-001.zip","4","Deck de Madeira com Base Plástica (Madeira de Pinus)","VIDEOS 0 - 300/VIDEO 0004/Deck de Madeira com Base Plástica (Madeira de Pinus).mp4","44390ea646fc38e3792182eddebe454b7457a9b06da397b370367b383f44729d","ok","15,533","1080","1920","1080x1920","vertical","30","h264","aac","2","44100","2208026","4287159",""
"VIDEOS 0 - 300-20260730T124444Z-1-001.zip","5","Robô Varredor 4 em 1 - Passa Pano  Aromatizador  Humidificador - Sua Casa SEmpre Limpa Sem Esforço","VIDEOS 0 - 300/VIDEO 0005/Robô Varredor 4 em 1 - Passa Pano  Aromatizador  Humidificador - Sua Casa SEmpre Limpa Sem Esforço.mp4","5fb8ecd5d61a6b55f19275070b86a9a5e5cc0960dbabc1aaa9f096dc44141b6a","ok","22,569","1080","1920","1080x1920","vertical","30","h264","aac","2","44100","734998","2073523",""
"VIDEOS 0 - 300-20260730T124444Z-1-001.zip","7","Descascador De Olho Abacaxi Morango Juller Removedor Cortador De Aço Inoxidável Prático Semente Remover Clipe De Frutas Vegetais Cenoura Tomate Pinças","VIDEOS 0 - 300/VIDEO 0007/Descascador De Olho Abacaxi Morango Juller Removedor Cortador De Aço Inoxidável Prático Semente Remover Clipe De Frutas Vegetais Cenoura Tomate Pinças.mp4","82d6a510d2328f6422aeefa2f8057fa86f2b4474a2d53c32233a93589e6cc1e6","ok","14,604","1080","1920","1080x1920","vertical","30","h264","aac","2","44100","2254207","4115055",""
"VIDEOS 0 - 300-20260730T124444Z-1-001.zip","8","Mini Teclado Portátil Dobrável Sem Fio Bluetooth Touchpad Para iPad Phone Tablet","VIDEOS 0 - 300/VIDEO 0008/Mini Teclado Portátil Dobrável Sem Fio Bluetooth Touchpad Para iPad Phone Tablet.mp4","45ee5d9ed28f5a0ca0b3796dfca0eccb2a204331fed1aba9cff4b117e8f6ab82","ok","9,101","1080","1920","1080x1920","vertical","30","h264","aac","2","44100","2455293","2793203",""
"VIDEOS 0 - 300-20260730T124444Z-1-001.zip","9","Folclórico Cola À Prova D_água Selante De Vazamento Agente De Reparo Adesivos Selador","VIDEOS 0 - 300/VIDEO 0009/Folclórico Cola À Prova D_água Selante De Vazamento Agente De Reparo Adesivos Selador.mp4","ff0f1539c3744ce0ee37cc4855ad8d92fe5ca6d1f7d94f2ce2e5ffa2c90708a6","ok","22,383","1080","1920","1080x1920","vertical","30","h264","aac","2","44100","4583274","12823430",""
"VIDEOS 0 - 300-20260730T124444Z-1-001.zip","10","Película De Superfície Quadrada Portátil DIY Espelho Adesivo De Parede LongaAutocolante Decoração De Casa De Banho PET Transparente No","VIDEOS 0 - 300/VIDEO 0010/Película De Superfície Quadrada Portátil DIY Espelho Adesivo De Parede LongaAutocolante Decoração De Casa De Banho PET Transparente No.mp4","593df5ecd767896ed20884ae4fcb6a52d28c597cb9853f994ea2bd1887f4dbbb","ok","12,259","1080","1920","1080x1920","vertical","30","h264","aac","2","44100","3021723","4630413",""
"VIDEOS 0 - 300-20260730T124444Z-1-001.zip","11","100_ tailândia natural látex colchão importado de borracha natural puro colchão 1.8m cama 1.5m engrossado casa dormitório almofada esteira","VIDEOS 0 - 300/VIDEO 0011/100_ tailândia natural látex colchão importado de borracha natural puro colchão 1.8m cama 1.5m engrossado casa dormitório almofada esteira.mp4","63f1cec1fe5758064ab5adb5ead87eff20be7b373b7f758efd14453131ebab6b","ok","30,092","1080","1920","1080x1920","vertical","30","h264","aac","2","44100","2689750","10117496",""
"VIDEOS 0 - 300-20260730T124444Z-1-001.zip","12","Limpador Multifuncional De Espuma De Carro Spray De Limpeza Para Todos Os Fins De Interiores Do Banco Forte Remoção De Manchas 100ML","VIDEOS 0 - 300/VIDEO 0012/Limpador Multifuncional De Espuma De Carro Spray De Limpeza Para Todos Os Fins De Interiores Do Banco Forte Remoção De Manchas 100ML.mp4","ffef792238ae5c2eb6f10ba39fa40e479cdd949848f397a92709b93ec30f494a","ok","10,518","1080","1920","1080x1920","vertical","30","h264","aac","2","44100","2629335","3456919",""
"VIDEOS 0 - 300-20260730T124444Z-1-001.zip","14","Escova Lava Louça Dispenser Recipiente porta detergente pratica limpeza pesada","VIDEOS 0 - 300/VIDEO 0014/Escova Lava Louça Dispenser Recipiente porta detergente pratica limpeza pesada.mp4","6c48071313966b212c234552c54841b712b7598eea365b2e4eef71939ef43ca1","ok","17,205","1080","1920","1080x1920","vertical","30","h264","aac","2","44100","4054132","8718918",""
"VIDEOS 0 - 300-20260730T124444Z-1-001.zip","16","Anéis De Dedo De Aço Inoxidável Defesa Para Mulheres Ferramenta De Proteção Ajustável Hisses Pessoal2br","VIDEOS 0 - 300/VIDEO 0016/Anéis De Dedo De Aço Inoxidável Defesa Para Mulheres Ferramenta De Proteção Ajustável Hisses Pessoal2br.mp4","f4b8a5a122d93d36a2a4973bcfb906a7e326887443b4cb35125a32e5f2a51983","ok","5,595","1080","1920","1080x1920","vertical","30","h264","aac","2","44100","1474625","1031316",""
"VIDEOS 0 - 300-20260730T124444Z-1-001.zip","17","Ombro Em Estoque 8 Pares Protetor De Salto Alto Tampas De Reparação De Calcanhar Cobre , Extra Pequeno , Médio , Grande , Preto","VIDEOS 0 - 300/VIDEO 0017/Ombro Em Estoque 8 Pares Protetor De Salto Alto Tampas De Reparação De Calcanhar Cobre , Extra Pequeno , Médio , Grande , Preto.mp4","06163adfe5187b23a4ab8fa753626dde9b1bf7683d6300a81b1f2c17019cd84b","ok","8,405","1080","1920","1080x1920","vertical","30","h264","aac","2","44100","2451764","2575885",""
"VIDEOS 0 - 300-20260730T124444Z-1-001.zip","18","Teak 2  10pcs Inferior Kit Caixa De Junção 86  118  120 Tipo De Montagem Da Parede Caixa De Reparo Pólo Cassete Reparação De Danos Escuro","VIDEOS 0 - 300/VIDEO 0018/Teak 2  10pcs Inferior Kit Caixa De Junção 86  118  120 Tipo De Montagem Da Parede Caixa De Reparo Pólo Cassete Reparação De Danos Escuro.mp4","bcf618b22f0598f3adee66e3d9793bd1983e1beb55504c740d69fbcc393a84d8","ok","10,402","1080","1920","1080x1920","vertical","30","h264","aac","2","44100","1553395","2019802",""
"VIDEOS 0 - 300-20260730T124444Z-1-001.zip","19","Resina 2004 Epoxi Transparente Com Endurecedor 3154 (150 g)","VIDEOS 0 - 300/VIDEO 0019/Resina 2004 Epoxi Transparente Com Endurecedor 3154 (150 g).mp4","21621c440e74fe32b890724dfba9e9754df90491f11f6f7ea68df9c6af626045","ok","16,091","1080","1920","1080x1920","vertical","30","h264","aac","2","44100","3568675","7177945",""
"VIDEOS 0 - 300-20260730T124444Z-1-001.zip","20","Molde de Para Picolé Frutas Forma Vara Tradicional Em Silicone Verão Picolé Fabricantes. MEGA OFERTA","VIDEOS 0 - 300/VIDEO 0020/Molde de Para Picolé Frutas Forma Vara Tradicional Em Silicone Verão Picolé Fabricantes. MEGA OFERTA.mp4","6ad46618b873fc16eec46effe4a0eceab8be344f9cb99716a6659b20347f35e1","ok","10,959","1080","1920","1080x1920","vertical","30","h264","aac","2","44100","2729998","3739757",""
"VIDEOS 0 - 300-20260730T124444Z-1-001.zip","21","Pingente De Renda De Metal Com PerfumeAcessórios Para Carros","VIDEOS 0 - 300/VIDEO 0021/Pingente De Renda De Metal Com PerfumeAcessórios Para Carros.mp4","1b2da96f7cbf35708ca2fe5941050fa01f37370cd56f0b9e8d5f9272eb708904","ok","8,265","1080","1920","1080x1920","vertical","30","h264","aac","2","44100","1340788","1385202",""
"VIDEOS 0 - 300-20260730T124444Z-1-001.zip","22","Único sofá preguiçoso para sala de estar, lazer reclinável cadeira de balanço, multi-funcional, luz luxo nuvem sofá","VIDEOS 0 - 300/VIDEO 0022/Único sofá preguiçoso para sala de estar, lazer reclinável cadeira de balanço, multi-funcional, luz luxo nuvem sofá.mp4","42144f8ec89acf922c7d8f476de920f527a2f0beeb83570b659bb6c70c183bdf","ok","12,143","1080","1920","1080x1920","vertical","30","h264","aac","2","44100","2023436","3071324",""
"VIDEOS 0 - 300-20260730T124444Z-1-001.zip","23","Desentupidor Bomba de pressão Vertical MaxDreno AirJet","VIDEOS 0 - 300/VIDEO 0023/Desentupidor Bomba de pressão Vertical MaxDreno AirJet.mp4","2bb02f298e5aa81217346780bd556933bb7ea3a50ac2879591fd050b38e9f2cd","ok","9,635","1080","1920","1080x1920","vertical","30","h264","aac","2","44100","1345290","1620234",""
"VIDEOS 0 - 300-20260730T124444Z-1-001.zip","24","DOREEN1 Home Melhoria Da Armadura De Aço Inoxidável Cadeado Cilíndrico De Disco","VIDEOS 0 - 300/VIDEO 0024/DOREEN1 Home Melhoria Da Armadura De Aço Inoxidável Cadeado Cilíndrico De Disco.mp4","96c19c5356fefacb71c1f9098e07acdb3e9fad65b43f2e2982a2ed0f756b4309","ok","10,727","1080","1920","1080x1920","vertical","30","h264","aac","2","44100","2798829","3752880",""
"VIDEOS 0 - 300-20260730T124444Z-1-001.zip","26","[GrandLarge] Cola Para Calçados Adesiva À Prova D_água Universal Fortes BR","VIDEOS 0 - 300/VIDEO 0026/[GrandLarge] Cola Para Calçados Adesiva À Prova D_água Universal Fortes BR.mp4","349adc9c0ed897835bc1f762e21344c37a6bc0722d08433cf1c197ef36ed669f","ok","28,211","1080","1920","1080x1920","vertical","30","h264","aac","2","44100","2390239","8428880",""
"VIDEOS 0 - 300-20260730T124444Z-1-001.zip","27","(dmc) Conjunto Criativo De Vidro Resistente Ao Calor Para CopoCháLeite","VIDEOS 0 - 300/VIDEO 0027/(dmc) Conjunto Criativo De Vidro Resistente Ao Calor Para CopoCháLeite.mp4","673ac01db47736fa71c2ba4583bb2c281407c35f6a06a438569d0d9f8c3ca256","ok","13,56","1080","1920","1080x1920","vertical","30","h264","aac","2","44100","1399161","2371578",""
"VIDEOS 0 - 300-20260730T124444Z-1-001.zip","28","Xiaomi Mijia AR Impressora De Bolso 300dpi Mini Portátil Para Viagem Fotográfica Festa Câmera DIY Share 500mAh Imagem","VIDEOS 0 - 300/VIDEO 0028/Xiaomi Mijia AR Impressora De Bolso 300dpi Mini Portátil Para Viagem Fotográfica Festa Câmera DIY Share 500mAh Imagem.mp4","a3ad3fb64a1b0a5b190fbc2f0f0df3197ca6c1d290c0fb586fb162ffe1a97ad0","ok","9,844","1080","1920","1080x1920","vertical","30","h264","aac","2","44100","2061825","2537076",""
"VIDEOS 0 - 300-20260730T124444Z-1-001.zip","29","Suporte Para Geladeira Fogão E Máquina De Lavar Base Carrinho","VIDEOS 0 - 300/VIDEO 0029/Suporte Para Geladeira Fogão E Máquina De Lavar Base Carrinho.mp4","36a6e81a0245a7b1c496a19ceaf4b86650477f876534dc42dd17af020e168951","ok","19,341","1080","1920","1080x1920","vertical","30","h264","aac","2","44100","1593772","3853145",""
"VIDEOS 0 - 300-20260730T124444Z-1-001.zip","30","Semorin Tira ferrugem de Roupa Brancas e Coloridas","VIDEOS 0 - 300/VIDEO 0030/Semorin Tira ferrugem de Roupa Brancas e Coloridas.mp4","cb007b5d0a0a0337dd9cd87911e8a104153079fbb0ff12a4e877752d9a47bb2f","ok","12,631","1080","1920","1080x1920","vertical","30","h264","aac","2","44100","2181702","3444635",""
"VIDEOS 0 - 300-20260730T124444Z-1-001.zip","31","Vinil auto adesivo piso adesivos de parede de mármore à prova dwaterproof água filme decorativo banheiro cozinha sala estar decalques renovação chão","VIDEOS 0 - 300/VIDEO 0031/Vinil auto adesivo piso adesivos de parede de mármore à prova dwaterproof água filme decorativo banheiro cozinha sala estar decalques renovação chão.mp4","43add7f1aa87cacc723a5ff23103fd6cdb3e2d5d79d31320c0873e4c95216780","ok","15,301","1080","1920","1080x1920","vertical","30","h264","aac","2","44100","2765109","5288618",""
"VIDEOS 0 - 300-20260730T124444Z-1-001.zip","32","(Serra) Bacia Para Lavar Cabelos Com Mangueira","VIDEOS 0 - 300/VIDEO 0032/(Serra) Bacia Para Lavar Cabelos Com Mangueira.mp4","dc3bb6b596f17b7b943486b7ba47a29d351d3d3b117b53f75e5f815a07093d51","ok","20,386","1080","1920","1080x1920","vertical","30","h264","aac","2","44100","2655965","6768063",""
"VIDEOS 0 - 300-20260730T124444Z-1-001.zip","33","Escovas de Aço Multiuso Kit 3 Pcs Aço Latão Nylon Cabo Plástico","VIDEOS 0 - 300/VIDEO 0033/Escovas de Aço Multiuso Kit 3 Pcs Aço Latão Nylon Cabo Plástico.mp4","767e65b65de9b04de7aeb31d1365c7184cd8a8be17bfd344147bdab6a7ae5825","ok","10,611","1080","1920","1080x1920","vertical","30","h264","aac","2","44100","2620724","3476063",""
"VIDEOS 0 - 300-20260730T124444Z-1-001.zip","34","Cadeira Mochila Pesca Camping - Bolsa Térmica - Escolha a Sua","VIDEOS 0 - 300/VIDEO 0034/Cadeira Mochila Pesca Camping - Bolsa Térmica - Escolha a Sua.mp4","a1744d807447f850411e3be7dee1ef3f9734b40253c87da92689ac95027393f9","ok","8,614","1080","1920","1080x1920","vertical","30","h264","aac","2","44100","3836454","4130902",""
"VIDEOS 0 - 300-20260730T124444Z-1-001.zip","35","Limpador Multifuncional De Espuma De Carro Spray De Limpeza Para Todos Os Fins De Interiores Do Banco Forte Remoção De Manchas 100ML","VIDEOS 0 - 300/VIDEO 0035/Limpador Multifuncional De Espuma De Carro Spray De Limpeza Para Todos Os Fins De Interiores Do Banco Forte Remoção De Manchas 100ML.mp4","128d2b9df5c5fad59cc55bf50184b805d158aee61349e7480df409f4114d55c3","ok","17,112","1080","1920","1080x1920","vertical","30","h264","aac","2","44100","2639094","5645023",""
"VIDEOS 0 - 300-20260730T124444Z-1-001.zip","36","mini modelo,De Aço Inoxidável Preto Pulverizador Conjunto Sanitário","VIDEOS 0 - 300/VIDEO 0036/mini modelo,De Aço Inoxidável Preto Pulverizador Conjunto Sanitário.mp4","8acc349c02b5067759545e4403dfb80d58f31fac95a4ccc4e8f975f50327a1da","ok","11,33","1080","1920","1080x1920","vertical","30","h264","aac","2","44100","2514643","3561364",""
"VIDEOS 0 - 300-20260730T124444Z-1-001.zip","37","Rack de armazenamento para banheiro, Rack de armazenamento para banheiro, Rack de armazenamento, Caixa Organizadora, Instalação Livre, Luz, Luxo","VIDEOS 0 - 300/VIDEO 0037/Rack de armazenamento para banheiro, Rack de armazenamento para banheiro, Rack de armazenamento, Caixa Organizadora, Instalação Livre, Luz, Luxo.mp4","2c344e5d444f74d819988d02430f0455cca584ce7a600072a5c7b1fad9d55356","ok","14,14","1080","1920","1080x1920","vertical","30","h264","aac","2","44100","2694622","4762746",""
"VIDEOS 0 - 300-20260730T124444Z-1-001.zip","38","Teclado Sem Fio Dobrável Ultrafino Bluetooth Para Computador De Mesa De Celular De Liga De Alumínio Com Suporte Hoder Windows iPad PC Notebook Portátil","VIDEOS 0 - 300/VIDEO 0038/Teclado Sem Fio Dobrável Ultrafino Bluetooth Para Computador De Mesa De Celular De Liga De Alumínio Com Suporte Hoder Windows iPad PC Notebook Portátil.mp4","6953a591d2fc3ec82b0dcb375f9b29dffcd49afe19d210abc12da051e4705dbe","ok","8,126","1080","1920","1080x1920","vertical","30","h264","aac","2","44100","1976113","2007237",""
"VIDEOS 0 - 300-20260730T124444Z-1-001.zip","39","Pilão com Socador em Inox Base Antideslizante Mimo Style","VIDEOS 0 - 300/VIDEO 0039/Pilão com Socador em Inox Base Antideslizante Mimo Style.mp4","e7747e3c14bef5013ac5b3036ce38efcefeabc58b37683c6ed3964d60a5790f7","ok","7,383","1080","1920","1080x1920","vertical","30","h264","aac","2","44100","2250267","2076716",""
"VIDEOS 0 - 300-20260730T124444Z-1-001.zip","40","Batom Muda De Cor Com Flor Transparente De Longa Duração Na Temperatura HGF","VIDEOS 0 - 300/VIDEO 0040/Batom Muda De Cor Com Flor Transparente De Longa Duração Na Temperatura HGF.mp4","ba8eaf661627a2b55a147ab857648951edec16a14d34075054ad001cd84f17c2","ok","16,183","1080","1920","1080x1920","vertical","30","h264","aac","2","44100","2186809","4423643",""
"VIDEOS 0 - 300-20260730T124444Z-1-001.zip","41","[L & Z] Assento De Banho De Bebê Suporte Universal De Banheira Pode Sentar Almofada De Reclinação Recém-Nascido Aprender A","VIDEOS 0 - 300/VIDEO 0041/[L & Z] Assento De Banho De Bebê Suporte Universal De Banheira Pode Sentar Almofada De Reclinação Recém-Nascido Aprender A.mp4","37526c70dac45ca7639c1dc8ef0358d8b9c5f1b592c064ab2e0ae35b5a36231a","ok","7,731","1080","1920","1080x1920","vertical","30","h264","aac","2","44100","2822042","2727151",""
"VIDEOS 0 - 300-20260730T124444Z-1-001.zip","42","Capa de transporte Pet Carro - Bancos em Tecido","VIDEOS 0 - 300/VIDEO 0042/Capa de transporte Pet Carro - Bancos em Tecido.mp4","13ff05f764e1229058286d42b59b9e19310456a086a4c978b3e61974faa81224","ok","14,256","1080","1920","1080x1920","vertical","30","h264","aac","2","44100","3246080","5784515",""
"VIDEOS 0 - 300-20260730T124444Z-1-001.zip","43","Rosa Verde Preto E Branco Polka-dot Tecido Prato Artefato Para Cabelo Em Rede Butterfly Twist Clip Acessórios De Com Flores","VIDEOS 0 - 300/VIDEO 0043/Rosa Verde Preto E Branco Polka-dot Tecido Prato Artefato Para Cabelo Em Rede Butterfly Twist Clip Acessórios De Com Flores.mp4","d9f6bb3ef3a72f2277695c03821dd73cfca92172a6f9f6dfc979ac3e121049c4","ok","9,217","1080","1920","1080x1920","vertical","30","h264","aac","2","44100","1900451","2189558",""
"VIDEOS 0 - 300-20260730T124444Z-1-001.zip","44","Retangular levantado jardim cama kit interior ao ar livre plantador de plástico crescer caixa vaso de flores elevado jardim cama vasos & plantadores","VIDEOS 0 - 300/VIDEO 0044/Retangular levantado jardim cama kit interior ao ar livre plantador de plástico crescer caixa vaso de flores elevado jardim cama vasos & plantadores.mp4","365c85708868b9b5ccac3a87bc3f591a87739c9fe7b9e8036ee94be1581d15c4","ok","8,149","1080","1920","1080x1920","vertical","30","h264","aac","2","44100","3905351","3978089",""
"VIDEOS 0 - 300-20260730T124444Z-1-001.zip","45","Carregamento de baterias strokeTreinamento de reabilitação de dedos versão em inglês da função manual equipamento de massagem pneumática elétrica luvas robóticas","VIDEOS 0 - 300/VIDEO 0045/Carregamento de baterias strokeTreinamento de reabilitação de dedos versão em inglês da função manual equipamento de massagem pneumática elétrica luvas robóticas.mp4","b3a6a828cb3f700f06b031d2e799509c11e8f54e0d865f8b026a27873e91053d","ok","16,346","1080","1920","1080x1920","vertical","30","h264","aac","2","44100","3126567","6388360",""
"VIDEOS 0 - 300-20260730T124444Z-1-001.zip","46","dreamedge Dispensador De Sabonete Manual Fixado Na Parede Gel Líquido Para Mão , Shampoo , Condicionador , S","VIDEOS 0 - 300/VIDEO 0046/dreamedge Dispensador De Sabonete Manual Fixado Na Parede Gel Líquido Para Mão , Shampoo , Condicionador , S.mp4","02480f77630ef3dcd15f6714f158301d4562201e39fd0a34d132f297fb9196bc","ok","15,626","1080","1920","1080x1920","vertical","30","h264","aac","2","44100","1474179","2879441",""
"VIDEOS 0 - 300-20260730T124444Z-1-001.zip","47","Cortina Protetor Solar Infantil Blackout","VIDEOS 0 - 300/VIDEO 0047/Cortina Protetor Solar Infantil Blackout.mp4","505ae514c6454d72ef5d70de5e3f374c8ece7d055603030b93be8abfdb6546e1","ok","8,753","1080","1920","1080x1920","vertical","30","h264","aac","2","44100","3516722","3847734",""
"VIDEOS 0 - 300-20260730T124444Z-1-001.zip","48","6 Pçs Limpador De Orelha De Aço Inoxidável , Ferramenta De Remoção De Ouvido Para Adultos E Bebês","VIDEOS 0 - 300/VIDEO 0048/6 Pçs Limpador De Orelha De Aço Inoxidável , Ferramenta De Remoção De Ouvido Para Adultos E Bebês.mp4","ce60007b6d04a31f6781e98b5d2a585fcbff7507cbade4a1b477e4c1eef792ff","ok","17,832","1080","1920","1080x1920","vertical","30","h264","aac","2","44100","1592179","3548968",""
"VIDEOS 0 - 300-20260730T124444Z-1-001.zip","49","Magic Gem Cuidados cerâmicos da pintura do revestimento do carro para o líquido hidrofóbico do polímero da cera automática detalhando acessórios do carro selo nano do pulverizador M17","VIDEOS 0 - 300/VIDEO 0049/Magic Gem Cuidados cerâmicos da pintura do revestimento do carro para o líquido hidrofóbico do polímero da cera automática detalhando acessórios do carro selo nano do pulverizador M17.mp4","881ff114c64e6177daf3d6c1ff29dc8bae3f10e8745a859061e48f3a8cba65c7","ok","13,56","1080","1920","1080x1920","vertical","30","h264","aac","2","44100","2594866","4398298",""
"VIDEOS 0 - 300-20260730T124444Z-1-001.zip","50","Caixa de telefone móvel Caixas de bloqueio de temporização universal Caixa de telefone de autodisciplina","VIDEOS 0 - 300/VIDEO 0050/Caixa de telefone móvel Caixas de bloqueio de temporização universal Caixa de telefone de autodisciplina.mp4","e8ac43c470a2106c3264c6152fa85b99729de2f660786c560f160806fa6ba793","ok","18,482","1080","1920","1080x1920","vertical","30","h264","aac","2","44100","1037041","2395824",""
"VIDEOS 0 - 300-20260730T124444Z-1-001.zip","51","Stream Pólo Super Leve Vara De Pesca Dura De Alta Fibra De Carbono Telescópica Alça 3.6M 4.5M 5.4M 6.3M 7.2M Viagem Da Carpa","VIDEOS 0 - 300/VIDEO 0051/Stream Pólo Super Leve Vara De Pesca Dura De Alta Fibra De Carbono Telescópica Alça 3.6M 4.5M 5.4M 6.3M 7.2M Viagem Da Carpa.mp4","5e08061923fe141b6ce04ce6d85117939734013f6c439e28fb52345722fb9a45","ok","9,287","1080","1920","1080x1920","vertical","30","h264","aac","2","44100","3877589","4501397",""
"VIDEOS 0 - 300-20260730T124444Z-1-001.zip","52","Mini Drone Para Crianças Bola Voadora De Ovni Brinquedo Operado À Mão Com Brilhante UFO Bumerangue Luz Led","VIDEOS 0 - 300/VIDEO 0052/Mini Drone Para Crianças Bola Voadora De Ovni Brinquedo Operado À Mão Com Brilhante UFO Bumerangue Luz Led.mp4","9b79b296c7a36f9c429982e9404aac7d01dd603d6323262fce8877235d3f6aae","ok","11,911","1080","1920","1080x1920","vertical","30","h264","aac","2","44100","4058355","6042384",""
"VIDEOS 0 - 300-20260730T124444Z-1-001.zip","53","Novo retro arco pérola borla primavera clipe rosa flor franja mar clip alto rabo de cavalo uma palavra menina grampo de cabelo acessórios para o cabelo","VIDEOS 0 - 300/VIDEO 0053/Novo retro arco pérola borla primavera clipe rosa flor franja mar clip alto rabo de cavalo uma palavra menina grampo de cabelo acessórios para o cabelo.mp4","34342c00dfca3147ed7d1c41d59925d46a015074e4dd95bcffc86ce0ff515a32","ok","10,82","1080","1920","1080x1920","vertical","30","h264","aac","2","44100","3266324","4417704",""
"VIDEOS 0 - 300-20260730T124444Z-1-001.zip","54","Pote De Vidro Borossilicato Com Tampa Bola Cortiça Lyor","VIDEOS 0 - 300/VIDEO 0054/Pote De Vidro Borossilicato Com Tampa Bola Cortiça Lyor.mp4","5e4a4aa628c4c71115c0f9f9c93a5e42f5f8a3501799e6d7fd44a02f9c4189d9","ok","17,205","1080","1920","1080x1920","vertical","30","h264","aac","2","44100","3672720","7898644",""
"VIDEOS 0 - 300-20260730T124444Z-1-001.zip","55","Cadeiras de apoio traseiro modernas crianças apoio de braço bonito minimalista sala estar cadeiras de balanço macio silla plegable artigos domésticos","VIDEOS 0 - 300/VIDEO 0055/Cadeiras de apoio traseiro modernas crianças apoio de braço bonito minimalista sala estar cadeiras de balanço macio silla plegable artigos domésticos.mp4","f0c056b719aebaf6721f42eb7dff3d2c393c68ba5ce1b1d463cc79e4f74372e4","ok","6,454","1080","1920","1080x1920","vertical","30","h264","aac","2","44100","1718568","1386455",""
"VIDEOS 0 - 300-20260730T124444Z-1-001.zip","56","clio kill cover fownwear cushion all new 15g x 2ea","VIDEOS 0 - 300/VIDEO 0056/clio kill cover fownwear cushion all new 15g x 2ea.mp4","cc456f011d2540821b20f901a6e5f30835207a17c60eb0613305282e388ea314","ok","13,304","1080","1920","1080x1920","vertical","30","h264","aac","2","44100","1716065","2853817",""
"VIDEOS 0 - 300-20260730T124444Z-1-001.zip","57","Toalha Banho Limpeza Compacta, Impermeável - Algodão 70x140 Cm 6 Unidades Descartável N°4","VIDEOS 0 - 300/VIDEO 0057/Toalha Banho Limpeza Compacta, Impermeável - Algodão 70x140 Cm 6 Unidades Descartável N°4.mp4","67b70f9ac58aa39eceb1976923da6d0eb0494c27cd926707fbe232558650574f","ok","29,697","1080","1920","1080x1920","vertical","30","h264","aac","2","44100","3518606","13061507",""
"VIDEOS 0 - 300-20260730T124444Z-1-001.zip","58","Lona Protetora Pintura e Reforma c Fita Adesiva 105cm x 20m Bobina Plástica 21 m² Cobertura P Obras Construção Móveis","VIDEOS 0 - 300/VIDEO 0058/Lona Protetora Pintura e Reforma c Fita Adesiva 105cm x 20m Bobina Plástica 21 m² Cobertura P Obras Construção Móveis.mp4","5ac1a582f4fe5a6a26733dcd5d18cb3fbcc508a2e4fb6d786fcc1267f56fd87a","ok","13,234","1080","1920","1080x1920","vertical","30","h264","aac","2","44100","2718552","4497166",""
"VIDEOS 0 - 300-20260730T124444Z-1-001.zip","59","10 Pares Meias De Nylon De Alta Qualidade Femininas De Verão Cristal Fino De Seda Transparente Sem Escorregamento Elásticas Curtas","VIDEOS 0 - 300/VIDEO 0059/10 Pares Meias De Nylon De Alta Qualidade Femininas De Verão Cristal Fino De Seda Transparente Sem Escorregamento Elásticas Curtas.mp4","42ad60f30f541b63189a3717f030e557bfc57babbf9363cc04c595370781dcd4","ok","8,173","1080","1920","1080x1920","vertical","30","h264","aac","2","44100","2780840","2840976",""
"VIDEOS 0 - 300-20260730T124444Z-1-001.zip","60","Vaporizador Portátil BDV2000VB2 Black+Decker Branco e Vermelho 220V 1200W","VIDEOS 0 - 300/VIDEO 0060/Vaporizador Portátil BDV2000VB2 Black+Decker Branco e Vermelho 220V 1200W.mp4","43d420f3a91ac3157220019a1a2b248631510409a260fd3f8e6e85b11b5e6186","ok","7,174","1080","1920","1080x1920","vertical","30","h264","aac","2","44100","1567591","1405738",""
"VIDEOS 0 - 300-20260730T124444Z-1-001.zip","61","Cachoeira pia da cozinha 304 pia de aço inoxidável grande único slot com toque multifunções cachoeira torneira acima do contador","VIDEOS 0 - 300/VIDEO 0061/Cachoeira pia da cozinha 304 pia de aço inoxidável grande único slot com toque multifunções cachoeira torneira acima do contador.mp4","85f49b849a5d8d265543c09d5355ccf223b0558aebd43a6c629611fe14231d0f","ok","27,19","1080","1920","1080x1920","vertical","30","h264","aac","2","44100","2065599","7020455",""
"VIDEOS 0 - 300-20260730T124444Z-1-001.zip","62","Impressora Térmica Portátil Phomemo M08F A4 , Suporta 8,26 & quot _ X11,69","VIDEOS 0 - 300/VIDEO 0062/Impressora Térmica Portátil Phomemo M08F A4 , Suporta 8,26 & quot _ X11,69.mp4","abe3d0b647e408dd1aef8dd3f51f04fe43f4246a44a0e29fdc4e9adaf373c921","ok","12,933","1080","1920","1080x1920","vertical","30","h264","aac","2","44100","2087908","3375365",""
"VIDEOS 0 - 300-20260730T124444Z-1-001.zip","63","Folha Nordic grossa e quente, 100_ impermeável, saia de cama princesa, capas de colchão rosa, bandas elásticas","VIDEOS 0 - 300/VIDEO 0063/Folha Nordic grossa e quente, 100_ impermeável, saia de cama princesa, capas de colchão rosa, bandas elásticas.mp4","d75dd16740bdc68220964a3157493c98eac70bc54ae61739010831c77b7c1d8b","ok","13,652","1080","1920","1080x1920","vertical","30","h264","aac","2","44100","2884574","4922526",""
"VIDEOS 0 - 300-20260730T124444Z-1-001.zip","64","Mochila De Viagem Homens Ao Ar Livre Lazer Super Grande Capacidade De Negócios Mulheres Bagagem Multifuncional","VIDEOS 0 - 300/VIDEO 0064/Mochila De Viagem Homens Ao Ar Livre Lazer Super Grande Capacidade De Negócios Mulheres Bagagem Multifuncional.mp4","9f24a2d128f89416316259bd782b3675f915119d2b89c1a72b18d9914a34520f","ok","14,93","1080","1920","1080x1920","vertical","30","h264","aac","2","44100","2443898","4560925",""
"VIDEOS 0 - 300-20260730T124444Z-1-001.zip","65","Pellets Elétricos Removedor De Para Roupas Aparador De Bolas De Pelos Suéter Dispositivo Remoção De Bobinas De Barbear USB Recarregável Máquina De Pílulas Elétricas","VIDEOS 0 - 300/VIDEO 0065/Pellets Elétricos Removedor De Para Roupas Aparador De Bolas De Pelos Suéter Dispositivo Remoção De Bobinas De Barbear USB Recarregável Máquina De Pílulas Elétricas.mp4","96a0b109d6f0185a8750f63c8e2f6245188ed2e3a630a8ea8a85b69f903c7614","ok","12,793","1080","1920","1080x1920","vertical","30","h264","aac","2","44100","2846844","4552461",""
"VIDEOS 0 - 300-20260730T124444Z-1-001.zip","66","Incomum lndividuplo criativo chocolate metal gás isqueiro cigarros acessórios charuto fumar isqueiros gadgets para homem","VIDEOS 0 - 300/VIDEO 0066/Incomum lndividuplo criativo chocolate metal gás isqueiro cigarros acessórios charuto fumar isqueiros gadgets para homem.mp4","9ea87fa68260c9e11af12cdefa0ad3e328f26187493444d93f5778ad29d77255","ok","4,597","1080","1920","1080x1920","vertical","30","h264","aac","2","44100","1684931","968204",""
"VIDEOS 0 - 300-20260730T124444Z-1-001.zip","67","Mulheres Coreano Reunindo Bico De Pato Grampo De Cabelo Para Franja LateralMeninas Bonito Veludo Hairpin Rabo De Cavalo TitularElegante Acessórios OPopular Garra Headwear","VIDEOS 0 - 300/VIDEO 0067/Mulheres Coreano Reunindo Bico De Pato Grampo De Cabelo Para Franja LateralMeninas Bonito Veludo Hairpin Rabo De Cavalo TitularElegante Acessórios OPopular Garra Headwear.mp4","352dbab799424aee977a6bc5eb2dd16248bf4e76f62fb428915f82f90f03800b","ok","39,961","1080","1920","1080x1920","vertical","30","h264","aac","2","44100","3197985","15974337",""
"VIDEOS 0 - 300-20260730T124444Z-1-001.zip","68","Revestimento Antibacteriano À Prova D_água Para Gavetas De Uso Doméstico Almofada De Fundo De Papel Armários","VIDEOS 0 - 300/VIDEO 0068/Revestimento Antibacteriano À Prova D_água Para Gavetas De Uso Doméstico Almofada De Fundo De Papel Armários.mp4","55dc038ad8b1d97bb7ce2141a4037d351627318d84c2442543eb500895b420d0","ok","11,307","720","1280","720x1280","vertical","30","h264","aac","2","44100","1453792","2054754",""
"VIDEOS 0 - 300-20260730T124444Z-1-001.zip","69","Novo suporte para celular para carro, espelho retrovisor para carro, navegação AR, carro multifuncional 360°","VIDEOS 0 - 300/VIDEO 0069/Novo suporte para celular para carro, espelho retrovisor para carro, navegação AR, carro multifuncional 360°.mp4","12efdfc13a7f135eb398ff925ae82fd50d45985a3434043fcc49e42770973921","ok","16,508","1080","1920","1080x1920","vertical","30","h264","aac","2","44100","3241094","6687999",""
"VIDEOS 0 - 300-20260730T124444Z-1-001.zip","70","Torneira Cabeça De Pulverizador De Pia 3 Funções Pulverização G12 Bocal De Para De Cozinha Puxar Baixo Substituição Da","VIDEOS 0 - 300/VIDEO 0070/Torneira Cabeça De Pulverizador De Pia 3 Funções Pulverização G12 Bocal De Para De Cozinha Puxar Baixo Substituição Da.mp4","dad69947678f78720da69ad972988837f760cb1fece27c169eb9e4a399a09570","ok","15,951","720","1280","720x1280","vertical","30","h264","aac","2","44100","2200232","4386988",""
"VIDEOS 0 - 300-20260730T124444Z-1-001.zip","71","Garrafa Plástica 600ml com porta pírula comprimido","VIDEOS 0 - 300/VIDEO 0071/Garrafa Plástica 600ml com porta pírula comprimido.mp4","0760b427eaffb4adaa26b995347cfcca5f6f9497914242a3ae071ad0578afc52","ok","11,626","720","1280","720x1280","vertical","30","h264","aac","2","48000","1829708","2659024",""
"VIDEOS 0 - 300-20260730T124444Z-1-001.zip","72","Moagem Manual para Remover Primer Ferrugem, Cor Aço Telha Metal Remodelação, removedor de ferrugem, ferrugem Agente de Conversão, Livre","VIDEOS 0 - 300/VIDEO 0072/Moagem Manual para Remover Primer Ferrugem, Cor Aço Telha Metal Remodelação, removedor de ferrugem, ferrugem Agente de Conversão, Livre.mp4","18ac6f8574f9d69522c72d2c5a2defa82aa21aefa42a2e2276a6bbc40a2107d1","ok","12,934","576","1024","576x1024","vertical","30","h264","aac","2","44100","1816056","2936110",""
"VIDEOS 0 - 300-20260730T124444Z-1-001.zip","73","Mini Capacete Com Viseira Protork Tork Edition 788 Decorativo Para Cachorro Gato Pets Enfeite","VIDEOS 0 - 300/VIDEO 0073/Mini Capacete Com Viseira Protork Tork Edition 788 Decorativo Para Cachorro Gato Pets Enfeite.mp4","948da043ab1bd8e3f2da329e23b93d9e665b68e1a1100e54e8e7e396de9cc70a","ok","11,075","1080","1920","1080x1920","vertical","30","h264","aac","2","44100","4950116","6852818",""
"VIDEOS 0 - 300-20260730T124444Z-1-001.zip","74","7 Pcs1 Conjunto Palito De Metal Aço Inoxidável Oral Limpeza Dente Fio Dental Dentes Cleaner Com Tubo De Armazenamento Portátil","VIDEOS 0 - 300/VIDEO 0074/7 Pcs1 Conjunto Palito De Metal Aço Inoxidável Oral Limpeza Dente Fio Dental Dentes Cleaner Com Tubo De Armazenamento Portátil.mp4","40227b83754fef0fe15d42403b98d3c5afcac2bd76c463c31b153d74b344aad7","ok","16,973","720","1280","720x1280","vertical","30","h264","aac","2","44100","1202852","2552002",""
"VIDEOS 0 - 300-20260730T124444Z-1-001.zip","75","Bacia De Banho Sitz Para Banheiro Com Flusher 2000ml Bidê Durável Mulheres","VIDEOS 0 - 300/VIDEO 0075/Bacia De Banho Sitz Para Banheiro Com Flusher 2000ml Bidê Durável Mulheres.mp4","83cff91ef50bddf32129db37aaf495de4dc140e1540195f22d709983cc48913d","ok","11,934","1080","1920","1080x1920","vertical","30","h264","aac","2","44100","3537186","5276598",""
"VIDEOS 0 - 300-20260730T124444Z-1-001.zip","76","capa de chuva cachorro Capa De Chuva Para Cães De Quatro Patas À Prova D_água De Todos Incluso De PelúciaCachorros PequenosMédias","VIDEOS 0 - 300/VIDEO 0076/capa de chuva cachorro Capa De Chuva Para Cães De Quatro Patas À Prova D_água De Todos Incluso De PelúciaCachorros PequenosMédias.mp4","0240ea06522724dd5c7a9892b122d8283e8877dd2c075abba0c9b97e54cac6c1","ok","6,245","1080","1920","1080x1920","vertical","30","h264","aac","2","44100","4242117","3311503",""
"VIDEOS 0 - 300-20260730T124444Z-1-001.zip","77","Cabelo Com Aplique Tic Tac Para Volume","VIDEOS 0 - 300/VIDEO 0077/Cabelo Com Aplique Tic Tac Para Volume.mp4","ed688e205e9d4abb8060bd55418fae27d04d079ca3fa6c3a022eab342c30024a","ok","13,467","1080","1920","1080x1920","vertical","30","h264","aac","2","44100","2434308","4097854",""
"VIDEOS 0 - 300-20260730T124444Z-1-001.zip","78","Kit 3 Em 1 Bico Alta Pressão De Metal Para Mangueiras Comuns + Conector De Torneira Com Rosca","VIDEOS 0 - 300/VIDEO 0078/Kit 3 Em 1 Bico Alta Pressão De Metal Para Mangueiras Comuns + Conector De Torneira Com Rosca.mp4","d2d8b29c840b9b0f64a6ca7991c70d144dbf6fe5be675f46244d1328f1f12ad1","ok","25,007","1080","1920","1080x1920","vertical","30","h264","aac","2","44100","3353630","10483030",""
"VIDEOS 0 - 300-20260730T124444Z-1-001.zip","79","Mangueira Mágica Retrátil Flexível 15 e 30 Metros","VIDEOS 0 - 300/VIDEO 0079/Mangueira Mágica Retrátil Flexível 15 e 30 Metros.mp4","ca272629b7f9cb58fe8f427ffb7c5c78bdf4267952183d003055e23a5b11a7d9","ok","18,343","1080","1920","1080x1920","vertical","30","h264","aac","2","44100","3110678","7132397",""
"VIDEOS 0 - 300-20260730T124444Z-1-001.zip","80","Porta Condimento Tempero 4 Compartimentos Utensilio Armazenamento Vinagre Oleo Cozinha Molho Parede Organizador Multifuncional","VIDEOS 0 - 300/VIDEO 0080/Porta Condimento Tempero 4 Compartimentos Utensilio Armazenamento Vinagre Oleo Cozinha Molho Parede Organizador Multifuncional.mp4","8ed0e8453d1d6d6e202da8efb68979f8685d9d0a89c6c8802571b9cb03de782f","ok","17,739","1080","1920","1080x1920","vertical","30","h264","aac","2","44100","2062857","4574129",""
"VIDEOS 0 - 300-20260730T124444Z-1-001.zip","81","Massageador Almofada De Pescoço E Lombar corporal pés cabeça Shiatsu Veicular Pronto Entrega","VIDEOS 0 - 300/VIDEO 0081/Massageador Almofada De Pescoço E Lombar corporal pés cabeça Shiatsu Veicular Pronto Entrega.mp4","db82167117ce99f60b70b1cfcabc9949278ba5ad155ab05486670ef3836ffe11","ok","11,307","1080","1920","1080x1920","vertical","30","h264","aac","2","44100","2470338","3491515",""
"VIDEOS 0 - 300-20260730T124444Z-1-001.zip","82","Moedor de Grãos Café Elétrico Triturador Portátil Aço Inoxidável 110V","VIDEOS 0 - 300/VIDEO 0082/Moedor de Grãos Café Elétrico Triturador Portátil Aço Inoxidável 110V.mp4","22a8a50ec4dc33a6774c7d49b96a76a8451ffa23771be3b4f4e03777474f4ad4","ok","18,064","1080","1920","1080x1920","vertical","30","h264","aac","2","44100","2322559","5244339",""
"VIDEOS 0 - 300-20260730T124444Z-1-001.zip","83","Lápis De Sobrancelha 4 Prong Com Quatro Pontas Líquida De Longa Duração","VIDEOS 0 - 300/VIDEO 0083/Lápis De Sobrancelha 4 Prong Com Quatro Pontas Líquida De Longa Duração.mp4","b3073ffdd7f60e3aabd533185b482cdac0f3784dc5bdf2bd174b945cf71fd9ad","ok","24,055","1080","1920","1080x1920","vertical","30","h264","aac","2","44100","1837076","5523859",""
"VIDEOS 0 - 300-20260730T124444Z-1-001.zip","84","Fatiador De Frutas 4 Em 1 Cortador Melância Melão Aço Inox","VIDEOS 0 - 300/VIDEO 0084/Fatiador De Frutas 4 Em 1 Cortador Melância Melão Aço Inox.mp4","63f2eabaaa6e371eb2a6a6404815e9c80b15c6b00636e019104b7ce3159db0ba","ok","18,738","1080","1920","1080x1920","vertical","30","h264","aac","2","44100","2377969","5569798",""
"VIDEOS 0 - 300-20260730T124444Z-1-001.zip","85","Shouhou Utensílios De Maquiagem  Cílios Magnéticos Reutilizáveis Com Aplicador","VIDEOS 0 - 300/VIDEO 0085/Shouhou Utensílios De Maquiagem  Cílios Magnéticos Reutilizáveis Com Aplicador.mp4","c72d45097e00fa6363a41d17c610744650e09d684f3ba0ec9a4d5fe2034d3948","ok","8,405","1080","1920","1080x1920","vertical","30","h264","aac","2","44100","2269586","2384484",""
"VIDEOS 0 - 300-20260730T124444Z-1-001.zip","86","Céu estrelado lâmpada de projeção romântico atmosfera cósmica lâmpada cheia de estrelas sleep aid lâmpada presente aniversário noite lâmpada","VIDEOS 0 - 300/VIDEO 0086/Céu estrelado lâmpada de projeção romântico atmosfera cósmica lâmpada cheia de estrelas sleep aid lâmpada presente aniversário noite lâmpada.mp4","a04fe3e9c1c70bc1d131969379f3729decd94e442e315b3b149a46fb1c0937a4","ok","30,951","1080","1920","1080x1920","vertical","30","h264","aac","2","44100","1313553","5081975",""
"VIDEOS 0 - 300-20260730T124444Z-1-001.zip","87","20g Mini Molde De Bolo Flor De LuaMargaridaGirassolForma De LótusSelo Do Bolinho Para OutonoFestival","VIDEOS 0 - 300/VIDEO 0087/20g Mini Molde De Bolo Flor De LuaMargaridaGirassolForma De LótusSelo Do Bolinho Para OutonoFestival.mp4","421b1c22f42ccc2ae8b57e1503c7caec05126d2f79fe37807500f23181775bac","ok","22,592","1080","1920","1080x1920","vertical","30","h264","aac","2","44100","1699544","4799515",""
"VIDEOS 0 - 300-20260730T124444Z-1-001.zip","88","Depilador Indolor Caneta Sobrancelha Removedor Instantâneo Com Cabo Carregador","VIDEOS 0 - 300/VIDEO 0088/Depilador Indolor Caneta Sobrancelha Removedor Instantâneo Com Cabo Carregador.mp4","86e9c18a3e82acaec7884647003145be10905153cb0938b50bf0c0c3e4815060","ok","19,132","1080","1920","1080x1920","vertical","30","h264","aac","2","44100","2251708","5384961",""
"VIDEOS 0 - 300-20260730T124444Z-1-001.zip","89","Capa De Colchão De Pelúcia, Capa de colchão acolchoada, de pelúcia, quente, macia, de veludo, acolchoada, kingqueen, não inclui fronha","VIDEOS 0 - 300/VIDEO 0089/Capa De Colchão De Pelúcia, Capa de colchão acolchoada, de pelúcia, quente, macia, de veludo, acolchoada, kingqueen, não inclui fronha.mp4","ac46615ef88ecbe8fa8c9a3867e394d10dfc3b863bf97df0ec099332b2f542b4","ok","13,769","1080","1920","1080x1920","vertical","30","h264","aac","2","44100","2768647","4765188",""
"VIDEOS 0 - 300-20260730T124444Z-1-001.zip","90","Capa Para Geladeiramaquina De Lavar Com Bolso Lateral","VIDEOS 0 - 300/VIDEO 0090/Capa Para Geladeiramaquina De Lavar Com Bolso Lateral.mp4","2eb0d8fb47582fc1b9d158e3854871454c8c75d760f8d95465f253ff2d65a1d0","ok","12,213","1080","1920","1080x1920","vertical","30","h264","aac","2","44100","1973280","3012460",""
"VIDEOS 0 - 300-20260730T124444Z-1-001.zip","91","Sem instalação, a prateleira de armazenamento de pia sob a cozinha pode ser sobreposta com tempero de tração e prateleira de armazenamento de utensílios domésticos criativos","VIDEOS 0 - 300/VIDEO 0091/Sem instalação, a prateleira de armazenamento de pia sob a cozinha pode ser sobreposta com tempero de tração e prateleira de armazenamento de utensílios domésticos criativos.mp4","1f0d1ba41c10e8871951f362ea4c464e4393389d4b102a8beba8a58851877ebf","ok","10,007","1080","1920","1080x1920","vertical","30","h264","aac","2","44100","1687144","2110407",""
"VIDEOS 0 - 300-20260730T124444Z-1-001.zip","92","Airpods 12 airpods pro fone de ouvido sem fio Bluetooth capa protetora caixa de sapatos e bolsas da moda","VIDEOS 0 - 300/VIDEO 0092/Airpods 12 airpods pro fone de ouvido sem fio Bluetooth capa protetora caixa de sapatos e bolsas da moda.mp4","ecd073d079b0bd9007158ac1511fd00b847d38a73f1669876d8e61ee25ad93c2","ok","8,521","1080","1920","1080x1920","vertical","30","h264","aac","2","44100","1559103","1660640",""
"VIDEOS 0 - 300-20260730T124444Z-1-001.zip","93","Phomemo M110 Mini Impressora Auto-Adesiva Portátil De Rótulo Térmico Adesivo bluetooth Pocket Sticker 53mm Papelaria DIY","VIDEOS 0 - 300/VIDEO 0093/Phomemo M110 Mini Impressora Auto-Adesiva Portátil De Rótulo Térmico Adesivo bluetooth Pocket Sticker 53mm Papelaria DIY.mp4","d6d49d9f844b8afd51c024d295c5b0d425e9b128f61c2e227097d42757fc5acb","ok","23,683","1080","1920","1080x1920","vertical","30","h264","aac","2","44100","2178600","6449475",""
"VIDEOS 0 - 300-20260730T124444Z-1-001.zip","94","Colchão Cama Inflável Carro Veícular Viagem Super Resistente","VIDEOS 0 - 300/VIDEO 0094/Colchão Cama Inflável Carro Veícular Viagem Super Resistente.mp4","8fa51ea2ad6bae2ed40b5c1a80c87124a7c17884cef824c65ce7103484df52bb","ok","8,451","1080","1920","1080x1920","vertical","30","h264","aac","2","44100","1840617","1944382",""
"VIDEOS 0 - 300-20260730T124444Z-1-001.zip","95","Capa De Sofá Com Babados Para SalaElástico Grosso Liso 1234 Lugares","VIDEOS 0 - 300/VIDEO 0095/Capa De Sofá Com Babados Para SalaElástico Grosso Liso 1234 Lugares.mp4","ffd0428f833b2a76134ae24fe46a081992cd4efc76f5a40b4ca1ab8ff68d2818","ok","7,708","1080","1920","1080x1920","vertical","30","h264","aac","2","44100","2086184","2010039",""
"VIDEOS 0 - 300-20260730T124444Z-1-001.zip","96","Cortador Fatiador Mandoline Multifuncional 5 Funções para Cortar Batata Legumes e Vegetais Food Chopper Inovador","VIDEOS 0 - 300/VIDEO 0096/Cortador Fatiador Mandoline Multifuncional 5 Funções para Cortar Batata Legumes e Vegetais Food Chopper Inovador.mp4","01bd595a6db01e0f69ddc3cdd7c8bf80fabc9e912af635f317d6514a8ae19476","ok","24,752","1080","1920","1080x1920","vertical","30","h264","aac","2","44100","2742267","8484576",""
"VIDEOS 0 - 300-20260730T124444Z-1-001.zip","97","Película Iphone 3D Neon Luminoso Fluorescente Noturna Compatível Com iPhone","VIDEOS 0 - 300/VIDEO 0097/Película Iphone 3D Neon Luminoso Fluorescente Noturna Compatível Com iPhone.mp4","8f154affd9ee919f5a6859a169e3fe0774d2b61f181a8399e29d96bd92b79f63","ok","11,354","1080","1920","1080x1920","vertical","30","h264","aac","2","44100","1320508","1874132",""
"VIDEOS 0 - 300-20260730T124444Z-1-001.zip","98","Konka Rotating Hot Food Isolamento Board, Household Rotary Hotplate, Mesa de jantar, Multifuncional placa de aquecimento elétrico, Casa","VIDEOS 0 - 300/VIDEO 0098/Konka Rotating Hot Food Isolamento Board, Household Rotary Hotplate, Mesa de jantar, Multifuncional placa de aquecimento elétrico, Casa.mp4","8dd7e6b6b8ec28da129e3abb8dc510d7a4ab65a6a83e0a1bad7f20e90b66c973","ok","13,025","1080","1920","1080x1920","vertical","30","h264","aac","2","44100","2156202","3510567",""
"VIDEOS 0 - 300-20260730T124444Z-1-001.zip","99","Chave Inglesa De Duas Pontas Ajustável Multifuncional Universal Para Reparo","VIDEOS 0 - 300/VIDEO 0099/Chave Inglesa De Duas Pontas Ajustável Multifuncional Universal Para Reparo.mp4","c39ccea6ac4077870319ddd9e6d6b5342859342d028d02a7ca182da121b6a2f3","ok","11,748","1080","1920","1080x1920","vertical","30","h264","aac","2","44100","2936313","4311977",""
"VIDEOS 0 - 300-20260730T124444Z-1-001.zip","100","Phomemo T02 Mini Impressora Portátil Térmica De 53mm Adesivo Sem Fio De Bolso Auto-Adesiva","VIDEOS 0 - 300/VIDEO 0100/Phomemo T02 Mini Impressora Portátil Térmica De 53mm Adesivo Sem Fio De Bolso Auto-Adesiva.mp4","388dd154aaa0e06679a2ac2dba38a02f5a0a8a6f23d71fbe5377bf02eff5cf51","ok","10,495","1080","1920","1080x1920","vertical","30","h264","aac","2","44100","2171491","2848725",""
"VIDEOS 0 - 300-20260730T124444Z-1-001.zip","101","Garrafa Caixa De Leite Estampada Leiteira de Acrílico 1Lt","VIDEOS 0 - 300/VIDEO 0101/Garrafa Caixa De Leite Estampada Leiteira de Acrílico 1Lt.mp4","a63fa402187f09198d71c1449d2436461c6efddd1c64e0bc8bc8f13c9e08f0aa","ok","8,358","1080","1920","1080x1920","vertical","30","h264","aac","2","44100","5292558","5529400",""
"VIDEOS 0 - 300-20260730T124444Z-1-001.zip","102","Canecas De Cerâmica Com Desenho Criativo 220ml","VIDEOS 0 - 300/VIDEO 0102/Canecas De Cerâmica Com Desenho Criativo 220ml.mp4","ef2314b2c9a32292c7aba5bebedf26619f9d45294d94856e34f4b131fc04c8c0","ok","11,934","1080","1920","1080x1920","vertical","30","h264","aac","2","44100","1980879","2954977",""
"VIDEOS 0 - 300-20260730T124444Z-1-001.zip","103","Máquina De Molde Automático Completo Home Novo Tipo Divino U0Z1","VIDEOS 0 - 300/VIDEO 0103/Máquina De Molde Automático Completo Home Novo Tipo Divino U0Z1.mp4","b84a492398a67f17835dd84d5a25e4864cbdc1b6810b67000dabec972fd7d279","ok","8,149","1080","1920","1080x1920","vertical","30","h264","aac","2","44100","1717198","1749181",""
"VIDEOS 0 - 300-20260730T124444Z-1-001.zip","105","Ycrays cinza display digital termostática torneira do chuveiro conjunto de bronze chuvas banheira para banheiro mixer com prateleira hidropotência","VIDEOS 0 - 300/VIDEO 0105/Ycrays cinza display digital termostática torneira do chuveiro conjunto de bronze chuvas banheira para banheiro mixer com prateleira hidropotência.mp4","666cdef9d0d7ea78318aaf88a2e395ac0f5d7cc3be1eb62276ec6906be9fa7a2","ok","23,289","1080","1920","1080x1920","vertical","30","h264","aac","2","44100","2503534","7288102",""
"VIDEOS 0 - 300-20260730T124444Z-1-001.zip","106","14 em 1 Multifuncional Alicates Chaves de Fenda Abridor de garrafas Martelo Multitool Aço Inoxidável Com Bainha de Nylon Ao Ar Livre","VIDEOS 0 - 300/VIDEO 0106/14 em 1 Multifuncional Alicates Chaves de Fenda Abridor de garrafas Martelo Multitool Aço Inoxidável Com Bainha de Nylon Ao Ar Livre.mp4","4c1855d0d34f726887361a86fd488e26271a5007959becce63df87c89b995090","ok","27,074","1080","1920","1080x1920","vertical","30","h264","aac","2","44100","4641012","15706346",""
"VIDEOS 0 - 300-20260730T124444Z-1-001.zip","107","Kit Conjunto 3 Potes De Vidro hermético 200ml Tampa de Bambu","VIDEOS 0 - 300/VIDEO 0107/Kit Conjunto 3 Potes De Vidro hermético 200ml Tampa de Bambu.mp4","8d6db8dd5c44bc39fd957598b1ed446e0581d4b148d2edecb8d3dce47c014851","ok","12,909","1080","1920","1080x1920","vertical","30","h264","aac","2","44100","2677139","4319899",""
"VIDEOS 0 - 300-20260730T124444Z-1-001.zip","108","LRM Porca De Esquilo Em Forma Amêndoa Quebra-Nozes Abridor De Sheller Ferramenta De Cozinha Alicate Grampo","VIDEOS 0 - 300/VIDEO 0108/LRM Porca De Esquilo Em Forma Amêndoa Quebra-Nozes Abridor De Sheller Ferramenta De Cozinha Alicate Grampo.mp4","45eb6427496c2db3cdd8af9d0f55262fef606b1266993d13c3d8101d9db96e44","ok","4,666","1080","1920","1080x1920","vertical","30","h264","aac","2","44100","1387190","809079",""
"VIDEOS 0 - 300-20260730T124444Z-1-001.zip","109","Fatiador De Legumes Em Espiral Triturador De Cenoura","VIDEOS 0 - 300/VIDEO 0109/Fatiador De Legumes Em Espiral Triturador De Cenoura.mp4","223912efa9ec2f68ab64c3e9baf230194da64134b385d1a51c56140f4dc31fe2","ok","9,984","1080","1920","1080x1920","vertical","30","h264","aac","2","44100","1916439","2391717",""
"VIDEOS 0 - 300-20260730T124444Z-1-001.zip","110","Esponja Limpa Bordas de Piscina com Pegador Passe LimpBucha de Lavar Louça Esponja Multiuso","VIDEOS 0 - 300/VIDEO 0110/Esponja Limpa Bordas de Piscina com Pegador Passe LimpBucha de Lavar Louça Esponja Multiuso.mp4","0d2a68ec0c12b6dcdf6dd4abcb44efa59fdf9d51da92cb3faa6d682b2810746d","ok","12,445","1080","1920","1080x1920","vertical","30","h264","aac","2","44100","3054862","4752221",""
"VIDEOS 0 - 300-20260730T124444Z-1-001.zip","111","Tapete De Sono Homem Dorminhoco Cão De Tamanho Superior Enorme Canil Uso Tik Tok Same Style","VIDEOS 0 - 300/VIDEO 0111/Tapete De Sono Homem Dorminhoco Cão De Tamanho Superior Enorme Canil Uso Tik Tok Same Style.mp4","a2483ec55932459e02c48cbf08414b9d6bf9decc88c02b337cbb3eed1249b5d2","ok","21,872","1080","1920","1080x1920","vertical","30","h264","aac","2","44100","3072240","8399506",""
"VIDEOS 0 - 300-20260730T124444Z-1-001.zip","112","Ferramento de Treino de Tênis  Rebote de Bola de Tênis para EsporteExercício  Ferramenta Prática p Treino Esportivo","VIDEOS 0 - 300/VIDEO 0112/Ferramento de Treino de Tênis  Rebote de Bola de Tênis para EsporteExercício  Ferramenta Prática p Treino Esportivo.mp4","d71dce77fc2d4bbc8a9bcc7ff4fd3a2a2116b76f01c478700f93473889e4e325","ok","6,06","1080","1920","1080x1920","vertical","30","h264","aac","2","44100","2011498","1523710",""
"VIDEOS 0 - 300-20260730T124444Z-1-001.zip","113","Luguafu Capa De Apoio Para Bebês Lavável Sem Berço De Enchimento Cadeira De Sofá Algodão","VIDEOS 0 - 300/VIDEO 0113/Luguafu Capa De Apoio Para Bebês Lavável Sem Berço De Enchimento Cadeira De Sofá Algodão.mp4","8ab527261d0d4547ab48c20e057bbba8b9c4f51f3b2c66ea43f6867b5912aea6","ok","9,775","1080","1920","1080x1920","vertical","30","h264","aac","2","44100","2632156","3216166",""
"VIDEOS 0 - 300-20260730T124444Z-1-001.zip","115","【 lua 】 Spring Batente Inovador De Portas Properly Hold Sua Cunha Aberta Da Porta","VIDEOS 0 - 300/VIDEO 0115/【 lua 】 Spring Batente Inovador De Portas Properly Hold Sua Cunha Aberta Da Porta.mp4","17b2772b97ff99d7222976fa665d991724f475e3844917b157f120b281eef94c","ok","9,496","1080","1920","1080x1920","vertical","30","h264","aac","2","44100","1650174","1958757",""
"VIDEOS 0 - 300-20260730T124444Z-1-001.zip","116","Brinquedo De Dentes De Silicone Para Bebês Chupando E Mastigar Goma","VIDEOS 0 - 300/VIDEO 0116/Brinquedo De Dentes De Silicone Para Bebês Chupando E Mastigar Goma.mp4","4bcfa50468e7f2b085cfe397bb0fe9cbfb8cad01be3a0ce9b2be891c7088415b","ok","6,895","1080","1920","1080x1920","vertical","30","h264","aac","2","44100","1115917","961781",""
"VIDEOS 0 - 300-20260730T124444Z-1-001.zip","117","1 Pcs Luva De Banho De Dupla Face Sem Dor Para Crianças Macia Esfoliante De Sujeira Produtos De Banheiro E Adultos","VIDEOS 0 - 300/VIDEO 0117/1 Pcs Luva De Banho De Dupla Face Sem Dor Para Crianças Macia Esfoliante De Sujeira Produtos De Banheiro E Adultos.mp4","c154437e088ee623cedc5bd05c060de654bfe1f1e13128dd59a7fe55c837bd50","ok","8,312","1080","1920","1080x1920","vertical","30","h264","aac","2","44100","3015080","3132669",""
"VIDEOS 0 - 300-20260730T124444Z-1-001.zip","118","sofaSofa Stretch Sofa Cover Sets All-Inclusive Universal Winter Thickened Beanbag Cover Cover New Integrated Anti-Scratching","VIDEOS 0 - 300/VIDEO 0118/sofaSofa Stretch Sofa Cover Sets All-Inclusive Universal Winter Thickened Beanbag Cover Cover New Integrated Anti-Scratching.mp4","fa36845ba3d156b323a72e7f86454ffe1799bef6a44a3c04f0327b6f53493d0b","ok","10,146","1080","1920","1080x1920","vertical","30","h264","aac","2","44100","2724115","3454859",""
"VIDEOS 0 - 300-20260730T124444Z-1-001.zip","119","Mochila Com Cordão De Cor Lisa Simples À Prova D_água Para Bola De BasqueteFutebol","VIDEOS 0 - 300/VIDEO 0119/Mochila Com Cordão De Cor Lisa Simples À Prova D_água Para Bola De BasqueteFutebol.mp4","89ec56e2a1731c97593bf8e75ef60fa192744529b6a264f4e717c789ad7d09fe","ok","9,612","1080","1920","1080x1920","vertical","30","h264","aac","2","44100","2853796","3428836",""
"VIDEOS 0 - 300-20260730T124444Z-1-001.zip","120","24 Pcs Cadeira Perna Protetores De Piso , Alta Transparência Cobre , Proteger O Chão Para Reduzir Ruído , Fácil De Mover","VIDEOS 0 - 300/VIDEO 0120/24 Pcs Cadeira Perna Protetores De Piso , Alta Transparência Cobre , Proteger O Chão Para Reduzir Ruído , Fácil De Mover.mp4","672a6a3b2903cf27efb1ea5111cd1455a03e8e52210d13e08e9a8745a35060ff","ok","6,733","1080","1920","1080x1920","vertical","30","h264","aac","2","44100","2575855","2167904",""
"VIDEOS 0 - 300-20260730T124444Z-1-001.zip","121","Bola De Chuveiro Sucker Shower Ball , Banho De Esponja Natural Loofah Rub Ducha Esfregão Durável Escova De Massagem Saudável","VIDEOS 0 - 300/VIDEO 0121/Bola De Chuveiro Sucker Shower Ball , Banho De Esponja Natural Loofah Rub Ducha Esfregão Durável Escova De Massagem Saudável.mp4","dcb50437ad0aa371844b6785e197adfa355e989a54aad0b270c9114f3a7871a1","ok","16,694","1080","1920","1080x1920","vertical","30","h264","aac","2","44100","2521047","5260796",""
"VIDEOS 0 - 300-20260730T124444Z-1-001.zip","122","Capa De Celular Flexível 3d De Pato Para Samsung A11 A22 4G A10  A10S  A20  A20S  A30  A30S  A31  A50  A50S  A51  A70  A71","VIDEOS 0 - 300/VIDEO 0122/Capa De Celular Flexível 3d De Pato Para Samsung A11 A22 4G A10  A10S  A20  A20S  A30  A30S  A31  A50  A50S  A51  A70  A71.mp4","7c719ede694e1c4630ed26ab6ef9a99e595f94f0802b951f7ffaa714e3ccf9be","ok","7,685","1080","1920","1080x1920","vertical","30","h264","aac","2","44100","2436796","2340848",""
"VIDEOS 0 - 300-20260730T124444Z-1-001.zip","123","Melancia De Aço Inoxidável Corte Cabo Plástico Mola Multifuncional Exposição De S2S0","VIDEOS 0 - 300/VIDEO 0123/Melancia De Aço Inoxidável Corte Cabo Plástico Mola Multifuncional Exposição De S2S0.mp4","9b635e5e5c30b2b3916624c71a785adc4bb09c9d078cbcdccb0e5b0f2f04d061","ok","12,724","1080","1920","1080x1920","vertical","30","h264","aac","2","44100","3194154","5080302",""
"VIDEOS 0 - 300-20260730T124444Z-1-001.zip","124","NAIERDI Fechadura De Segurança Biométrica Preta Inteligente De Impressões Digitais Digital Eletrônica Entrada Sem Chave Ferragens Para Portas","VIDEOS 0 - 300/VIDEO 0124/NAIERDI Fechadura De Segurança Biométrica Preta Inteligente De Impressões Digitais Digital Eletrônica Entrada Sem Chave Ferragens Para Portas.mp4","3a5b4ce0b750d832501c968902883249bc8be1b78dd0ac0c3719f1efc2a54cf6","ok","8,66","1080","1920","1080x1920","vertical","30","h264","aac","2","44100","1437852","1556475",""
"VIDEOS 0 - 300-20260730T124444Z-1-001.zip","125","Oushufei Instrumento De Beleza Do Pescoço Rosto E Massageador De Levantamento","VIDEOS 0 - 300/VIDEO 0125/Oushufei Instrumento De Beleza Do Pescoço Rosto E Massageador De Levantamento.mp4","dfd83a5e21827f6d52b31c19603a9728775cadd6fa35a84faba422c9d1ea9afd","ok","9,566","1080","1920","1080x1920","vertical","30","h264","aac","2","44100","1988467","2377710",""
"VIDEOS 0 - 300-20260730T124444Z-1-001.zip","126","Kit 2 Sacolas Bolsa Termica Bebidas Geladas Porta Garrafa Vinho Wine Bag Espumante Vodka","VIDEOS 0 - 300/VIDEO 0126/Kit 2 Sacolas Bolsa Termica Bebidas Geladas Porta Garrafa Vinho Wine Bag Espumante Vodka.mp4","eaf7dcf06dd8d1454e048921028dc3aa0f28137ac7a93a76003ec9d2ce0ec144","ok","6,385","1080","1920","1080x1920","vertical","30","h264","aac","2","44100","3684634","2940799",""
"VIDEOS 0 - 300-20260730T124444Z-1-001.zip","127","XQ 2 Em 1New Pea Oil Pot Casa De Vidro Escova De Óleo De Silicone Aço Inoxidável Bico De Tempero Garrafa De Cozinha Recipiente","VIDEOS 0 - 300/VIDEO 0127/XQ 2 Em 1New Pea Oil Pot Casa De Vidro Escova De Óleo De Silicone Aço Inoxidável Bico De Tempero Garrafa De Cozinha Recipiente.mp4","78c2560b68587c96f2e0cb0e3afcf0ad9b8bd3eb82164e5173681b9d3f2618fb","ok","24,101","1080","1920","1080x1920","vertical","30","h264","aac","2","44100","2411728","7265633",""
"VIDEOS 0 - 300-20260730T124444Z-1-001.zip","128","Cadeira Araguaia Camping Pesca Dobrável Camuflada BELFIX","VIDEOS 0 - 300/VIDEO 0128/Cadeira Araguaia Camping Pesca Dobrável Camuflada BELFIX.mp4","21caf8c896ed1f2f9fc9c2d26044e09660fa3ce9bb460525a35f6681bba07321","ok","6,663","1080","1920","1080x1920","vertical","30","h264","aac","2","44100","3707696","3088048",""
"VIDEOS 0 - 300-20260730T124444Z-1-001.zip","130","Adesivo para Cartão de Crédito","VIDEOS 0 - 300/VIDEO 0130/Adesivo para Cartão de Crédito.mp4","f01f7b6c9214634323f8f2eebb5250bad2a82f7b9d4c879439389075d848653c","ok","6,803","1080","1920","1080x1920","vertical","30","h264","aac","2","44100","1476430","1255520",""
"VIDEOS 0 - 300-20260730T124444Z-1-001.zip","131","Portátil Concentrado Moka Pot, Alto Borosilicato De Vidro, Mão Cafeteira, Aparelho De Aço Inoxidável, Household","VIDEOS 0 - 300/VIDEO 0131/Portátil Concentrado Moka Pot, Alto Borosilicato De Vidro, Mão Cafeteira, Aparelho De Aço Inoxidável, Household.mp4","ab6c2245b1b81cbb1655209382c098372aa38f79f18177cc22fb4106c76ecb5b","ok","15,719","1080","1920","1080x1920","vertical","30","h264","aac","2","44100","2171592","4266907",""
"VIDEOS 0 - 300-20260730T124444Z-1-001.zip","132","Creme De Lama Esfoliante De Limpeza De Corpo Inteiro 350ml","VIDEOS 0 - 300/VIDEO 0132/Creme De Lama Esfoliante De Limpeza De Corpo Inteiro 350ml.mp4","efc4e8af069e5bc81ca946dd123f755cb48740ee33d9380865153bd366625b46","ok","27,77","1080","1920","1080x1920","vertical","30","h264","aac","2","44100","2204667","7652951",""
"VIDEOS 0 - 300-20260730T124444Z-1-001.zip","133","Copo De Água De 400ML Ins Wind Cherry Blossom Water Cup Com Colher De Sopa De Vidro Resistente Ao Calor Escritório Doméstica Grande Capacidade Caneca De Leite Café","VIDEOS 0 - 300/VIDEO 0133/Copo De Água De 400ML Ins Wind Cherry Blossom Water Cup Com Colher De Sopa De Vidro Resistente Ao Calor Escritório Doméstica Grande Capacidade Caneca De Leite Café.mp4","387b0db8b0e9f4e0e83acd8b27805d688fec5e38a64edab991e10b1a34e63662","ok","5,479","1080","1920","1080x1920","vertical","30","h264","aac","2","44100","4278481","2930225",""
"VIDEOS 0 - 300-20260730T124444Z-1-001.zip","134","Tripé De Selfie Sem Fio Com Controle Remoto De 150cm 81cm Mini Celular Dobrável Suporte De Portátil Para iPhone Android Smartphone","VIDEOS 0 - 300/VIDEO 0134/Tripé De Selfie Sem Fio Com Controle Remoto De 150cm 81cm Mini Celular Dobrável Suporte De Portátil Para iPhone Android Smartphone.mp4","aa944347c7bf6f9ab65d18764acd295bf219cce08adb6afbcc846596fa824f33","ok","13,792","1080","1920","1080x1920","vertical","30","h264","aac","2","44100","2322774","4004463",""
"VIDEOS 0 - 300-20260730T124444Z-1-001.zip","135","Acessório Da Ferramenta De Costura Para Linha Automática Para Máquina De Costura","VIDEOS 0 - 300/VIDEO 0135/Acessório Da Ferramenta De Costura Para Linha Automática Para Máquina De Costura.mp4","af9f8f0a0808ac93148e35b71e6091480e26cc95963df59468ce244600b0feff","ok","9,287","1080","1920","1080x1920","vertical","30","h264","aac","2","44100","2072509","2405924",""
"VIDEOS 0 - 300-20260730T124444Z-1-001.zip","136","SQ28 Câmera Esportiva HD Com Cartão À Prova D_água Gravação Direta Para EsportesDV Aérea","VIDEOS 0 - 300/VIDEO 0136/SQ28 Câmera Esportiva HD Com Cartão À Prova D_água Gravação Direta Para EsportesDV Aérea.mp4","6abeca7c4665c54727395ce67f460d643507d504cd253868d7b66ca2b744c6fe","ok","7,337","1080","1920","1080x1920","vertical","30","h264","aac","2","44100","2166180","1986658",""
"VIDEOS 0 - 300-20260730T124444Z-1-001.zip","137","Bolsa Organizadora De Pendurar Na Parede Dupla FaceRoupa Íntimacloset","VIDEOS 0 - 300/VIDEO 0137/Bolsa Organizadora De Pendurar Na Parede Dupla FaceRoupa Íntimacloset.mp4","0a069a600ce4737c73c3908f97058dec2792459bbf449ddb94f7615d7cba216f","ok","19,318","1080","1920","1080x1920","vertical","30","h264","aac","2","44100","4554603","10998228",""
"VIDEOS 0 - 300-20260730T124444Z-1-001.zip","138","10 Pares De Óculos Redondos Antiderrapantes De SiliconePrevenir O Escorregamento Dos Retentor EsportivoGancho De Orelha Para PernasCapa Redonda","VIDEOS 0 - 300/VIDEO 0138/10 Pares De Óculos Redondos Antiderrapantes De SiliconePrevenir O Escorregamento Dos Retentor EsportivoGancho De Orelha Para PernasCapa Redonda.mp4","5b35a8ac77b3d501afe35dbc66f94ae6ffdf86319274e89c33f33374828a4399","ok","11,748","1080","1920","1080x1920","vertical","30","h264","aac","2","44100","2524042","3706556",""
"VIDEOS 0 - 300-20260730T124444Z-1-001.zip","139","Pijamas femininos M-5XL Primavera e verão Sexy coreana de seda gelada mangas compridas mais medidas outono e inverno Sed","VIDEOS 0 - 300/VIDEO 0139/Pijamas femininos M-5XL Primavera e verão Sexy coreana de seda gelada mangas compridas mais medidas outono e inverno Sed.mp4","02106ce2adfa0736259da81cf1886206b05a7106029b94f1dd9ada1e58ee0ff7","ok","15,162","1080","1920","1080x1920","vertical","30","h264","aac","2","44100","2831578","5366549",""
"VIDEOS 0 - 300-20260730T124444Z-1-001.zip","140","Multifuncional Camping Stool, Cadeira Dobrável, Leve, Portátil, Vestível, Extração, Assento Esportivo, Outdoor Travel Furniture","VIDEOS 0 - 300/VIDEO 0140/Multifuncional Camping Stool, Cadeira Dobrável, Leve, Portátil, Vestível, Extração, Assento Esportivo, Outdoor Travel Furniture.mp4","9b0c49dbb26a04344497ef4331e861fdfa8cf2264da1ff64961b9b14e643ea5b","ok","9,705","1080","1920","1080x1920","vertical","30","h264","aac","2","44100","2894202","3511029",""
"VIDEOS 0 - 300-20260730T124444Z-1-001.zip","141","Folha De Alumínio Sun Shade Protector Pad, Capas De Sombrinha, Filme De Isolamento Grosso, Quarto Janela De Sombreamento","VIDEOS 0 - 300/VIDEO 0141/Folha De Alumínio Sun Shade Protector Pad, Capas De Sombrinha, Filme De Isolamento Grosso, Quarto Janela De Sombreamento.mp4","8a367aefba2b42103cbeac2dc416fa1c8193517ac548ad34283f5752d89b1cd0","ok","15,324","1080","1920","1080x1920","vertical","30","h264","aac","2","44100","3459233","6626161",""
"VIDEOS 0 - 300-20260730T124444Z-1-001.zip","142","Botao De Metal De Pressao comsem Alicate Aplicador Para Roupa Bebe","VIDEOS 0 - 300/VIDEO 0142/Botao De Metal De Pressao comsem Alicate Aplicador Para Roupa Bebe.mp4","2b4acacc2a46045f85beb8650d0f48213e7114108bf14678d4f4324207db1b76","ok","14,163","1080","1920","1080x1920","vertical","30","h264","aac","2","44100","4383639","7760686",""
"VIDEOS 0 - 300-20260730T124444Z-1-001.zip","143","BBking Calça de treinamento infantil 0-3T algodão antibacteriano respirável lavável calça fralda de bebê","VIDEOS 0 - 300/VIDEO 0143/BBking Calça de treinamento infantil 0-3T algodão antibacteriano respirável lavável calça fralda de bebê.mp4","855dd61ebfff06075c827907fee48f5bded5ac3d426de7bb3a8b07083323f0d1","ok","9,008","1080","1920","1080x1920","vertical","30","h264","aac","2","44100","3103460","3494496",""
"VIDEOS 0 - 300-20260730T124444Z-1-001.zip","144","Mosquiteiro Tela Para Janela Com Velcro Contra Mosca Mosquito Pernilongo Mosqueteira Inseto Removivel","VIDEOS 0 - 300/VIDEO 0144/Mosquiteiro Tela Para Janela Com Velcro Contra Mosca Mosquito Pernilongo Mosqueteira Inseto Removivel.mp4","9e1cd4a7b51aa59753c6043264cd6e70eb16f2b2e0c5647332961f6570cea625","ok","12,491","1080","1920","1080x1920","vertical","30","h264","aac","2","44100","2247750","3509582",""
"VIDEOS 0 - 300-20260730T124444Z-1-001.zip","145","Lâmpada De Mesa De Cristal , Do Quarto Sono , Universo Série Luminosa Bola Luz Da Noite Decoração Desktop Casal Namoradas Presentes Estudante De Aniversário Iluminação","VIDEOS 0 - 300/VIDEO 0145/Lâmpada De Mesa De Cristal , Do Quarto Sono , Universo Série Luminosa Bola Luz Da Noite Decoração Desktop Casal Namoradas Presentes Estudante De Aniversário Iluminação.mp4","35bc60a2f07320e901e612738d464fd359ceb1fc42dbedda704c1637043362bb","ok","11,145","1080","1920","1080x1920","vertical","30","h264","aac","2","44100","1205053","1678790",""
"VIDEOS 0 - 300-20260730T124444Z-1-001.zip","146","Broche de luxo Alfinete de Segurança Pérola e Strass","VIDEOS 0 - 300/VIDEO 0146/Broche de luxo Alfinete de Segurança Pérola e Strass.mp4","86c7387cd545707bed028c4b8929878eb3d85c147661875e46eddade595b0bb6","ok","7,755","1080","1920","1080x1920","vertical","30","h264","aac","2","44100","2511259","2434352",""
"VIDEOS 0 - 300-20260730T124444Z-1-001.zip","147","FOREVERGO Fonte De Água Automática Em Forma De Abelha Gato 2L USB Bebedouro Elétrico Mudo Recirculado Para Animais De Estimação C8P6","VIDEOS 0 - 300/VIDEO 0147/FOREVERGO Fonte De Água Automática Em Forma De Abelha Gato 2L USB Bebedouro Elétrico Mudo Recirculado Para Animais De Estimação C8P6.mp4","6b9da6c26c2e42a5b2442705c768868dd4fc59c2e2093d0b6799db02ec08cba7","ok","11,841","1080","1920","1080x1920","vertical","30","h264","aac","2","44100","2193432","3246554",""
"VIDEOS 0 - 300-20260730T124444Z-1-001.zip","148","Máquina DORA Portátil Elétrico Dupla Waffles Sanduicheira Não Gruda Brinde Maquina Quebra","VIDEOS 0 - 300/VIDEO 0148/Máquina DORA Portátil Elétrico Dupla Waffles Sanduicheira Não Gruda Brinde Maquina Quebra.mp4","3bf7cea66bc35704db636ec6d8bf1ded6ab7846c2707d6fb44538e893117ee28","ok","16,787","1080","1920","1080x1920","vertical","30","h264","aac","2","44100","1764560","3702709",""
"VIDEOS 0 - 300-20260730T124444Z-1-001.zip","149","Pastilhas Auto Adesivo Decorativo Parede Prateada Metalizada Espelhada 30x30cm","VIDEOS 0 - 300/VIDEO 0149/Pastilhas Auto Adesivo Decorativo Parede Prateada Metalizada Espelhada 30x30cm.mp4","c6972055f0c83060e39b4275c35e4ad6cbf0d416420166162f07b7a5ca8e3ea1","ok","16,996","1080","1920","1080x1920","vertical","30","h264","aac","2","44100","4092693","8694928",""
"VIDEOS 0 - 300-20260730T124444Z-1-001.zip","150","Protetor de Fogão Defletor De Óleo Alumínio Evita e Protege Contra Respingos de Fritura Para Fogão Prático e Fácil de Limpar","VIDEOS 0 - 300/VIDEO 0150/Protetor de Fogão Defletor De Óleo Alumínio Evita e Protege Contra Respingos de Fritura Para Fogão Prático e Fácil de Limpar.mp4","08a3e5894e654c7893b9cddc48231a5d4c89b38c288db507c308c2c6005983cd","ok","14,488","1080","1920","1080x1920","vertical","30","h264","aac","2","44100","2273509","4117326",""
"VIDEOS 0 - 300-20260730T124444Z-1-001.zip","151","Produtos spot Roupão De Banho Feminino Plus Size De Algodão Puro Absorvente Com 80-180Kg Toalha de banho Roupão Bath towel Bathrobe","VIDEOS 0 - 300/VIDEO 0151/Produtos spot Roupão De Banho Feminino Plus Size De Algodão Puro Absorvente Com 80-180Kg Toalha de banho Roupão Bath towel Bathrobe.mp4","d082d38a270b717ff3458c9ca10240dd64417dc391a655fbdd6829b98a594077","ok","13,258","1080","1920","1080x1920","vertical","30","h264","aac","2","44100","3110436","5154771",""
"VIDEOS 0 - 300-20260730T124444Z-1-001.zip","152","Mini Bike Ergometrica Cicloergometro Pedalinho Monitor Lcd","VIDEOS 0 - 300/VIDEO 0152/Mini Bike Ergometrica Cicloergometro Pedalinho Monitor Lcd.mp4","f13bc9188990b3922301ee980721cd881e00e82b570569b42c12d39eee842137","ok","10,959","1080","1920","1080x1920","vertical","30","h264","aac","2","44100","2623540","3593922",""
"VIDEOS 0 - 300-20260730T124444Z-1-001.zip","153","Brinquedos elétricos de trança de cabelo infantil de três camadas de série obrigatóriamáquina de trança de cabelo automática","VIDEOS 0 - 300/VIDEO 0153/Brinquedos elétricos de trança de cabelo infantil de três camadas de série obrigatóriamáquina de trança de cabelo automática.mp4","c0a5dcaa8fd686fe7674cfa3a8c8da61638ceafbb6923a4441b9e5fa069183b8","ok","7,128","1080","1920","1080x1920","vertical","30","h264","aac","2","44100","3185101","2837925",""
"VIDEOS 0 - 300-20260730T124444Z-1-001.zip","154","Sapateira Organizadora 6 Prateleiras Para Entrada Elegante","VIDEOS 0 - 300/VIDEO 0154/Sapateira Organizadora 6 Prateleiras Para Entrada Elegante.mp4","e61dd8ff6da78250aa87779fd944f08456cc1d5d9bc527b6b467262ea3490805","ok","12,468","1080","1920","1080x1920","vertical","30","h264","aac","2","44100","1351255","2105932",""
"VIDEOS 0 - 300-20260730T124444Z-1-001.zip","155","Envoltório De Plástico Dispenser Com Cortador De Slides Reutilizável Folha & Vedação Filme Cortador De Armazenamento De Cozinha Acessório Comprimento Ajustável","VIDEOS 0 - 300/VIDEO 0155/Envoltório De Plástico Dispenser Com Cortador De Slides Reutilizável Folha & Vedação Filme Cortador De Armazenamento De Cozinha Acessório Comprimento Ajustável.mp4","402d06ecbd020879e59e9fa24fa913488788f3754247693557ca385a17351cda","ok","8,892","1080","1920","1080x1920","vertical","30","h264","aac","2","44100","1907993","2120735",""
"VIDEOS 0 - 300-20260730T124444Z-1-001.zip","156","Adesivos De Unha 3d De Cor Lisa À Prova D _Água E Durável  Peelable DQ01-18","VIDEOS 0 - 300/VIDEO 0156/Adesivos De Unha 3d De Cor Lisa À Prova D _Água E Durável  Peelable DQ01-18.mp4","07909c7989a0b51b88d20cf0782f59f3a5c7794ea841a924a8d524278d63157e","ok","12,584","1080","1920","1080x1920","vertical","30","h264","aac","2","44100","1645315","2588082",""
"VIDEOS 0 - 300-20260730T124444Z-1-001.zip","157","Chang hong casa pequena máquina de lavar roupa interior fabricantes crianças mãe e bebê lavagem 220v","VIDEOS 0 - 300/VIDEO 0157/Chang hong casa pequena máquina de lavar roupa interior fabricantes crianças mãe e bebê lavagem 220v.mp4","240df0da718cb421506ca35b35e03a324074ba7859f4a8ef321465cd09244d49","ok","19,341","1080","1920","1080x1920","vertical","30","h264","aac","2","44100","2270169","5488419",""
"VIDEOS 0 - 300-20260730T124444Z-1-001.zip","158","Tabua Passar Roupa Portatil Plastica Dobravel","VIDEOS 0 - 300/VIDEO 0158/Tabua Passar Roupa Portatil Plastica Dobravel.mp4","a446dad9f6fbf3eee115ea30b0f022f74840c5f635e974492a09e9d9500fdf1d","ok","11,075","1080","1920","1080x1920","vertical","30","h264","aac","2","44100","2665827","3690505",""
"VIDEOS 0 - 300-20260730T124444Z-1-001.zip","159","Condutor Urinário Feminino Sheeee Cone Descartável Xixi Em Pé Mictório 6 Unidades","VIDEOS 0 - 300/VIDEO 0159/Condutor Urinário Feminino Sheeee Cone Descartável Xixi Em Pé Mictório 6 Unidades.mp4","c7ecf31207568f352bc117ec65160a2cce6d5da87430ff8eca5107cf15a8abda","ok","8,683","1080","1920","1080x1920","vertical","30","h264","aac","2","44100","2232488","2423087",""
"VIDEOS 0 - 300-20260730T124444Z-1-001.zip","160","12H Timing 3 Engrenagem Controle Remoto Ventilador Elétrico 220V50Hz UEKR Plug 2In1 TabelaPiso Ventilador 60W 8 Palavras Agitar Máquina de Ventilação","VIDEOS 0 - 300/VIDEO 0160/12H Timing 3 Engrenagem Controle Remoto Ventilador Elétrico 220V50Hz UEKR Plug 2In1 TabelaPiso Ventilador 60W 8 Palavras Agitar Máquina de Ventilação.mp4","8134111e55b1dfd18df07dc62c3e1487f8d6a7da25771ffbb9321ece7ad52a5a","ok","63,599","1080","1920","1080x1920","vertical","30","h264","aac","2","44100","2259747","17964707",""
"VIDEOS 0 - 300-20260730T124444Z-1-001.zip","161","9L Lata De Lixo Pendurada Na Cozinha Parede Da Tampa Deslizante DomésticaGancho Plástica Para Porta Do Armário","VIDEOS 0 - 300/VIDEO 0161/9L Lata De Lixo Pendurada Na Cozinha Parede Da Tampa Deslizante DomésticaGancho Plástica Para Porta Do Armário.mp4","c2c5be5beb2b094853a74b38573fd5184fb204cbc4ba27317846e50e07ea0994","ok","15,022","1080","1920","1080x1920","vertical","30","h264","aac","2","44100","1607730","3018916",""
"VIDEOS 0 - 300-20260730T124444Z-1-001.zip","162","Influenciador Bibihu Tênis Runaway De Quatro Rodas Patins De Caminhada Para Adultos Retráteis Sapatos De Deformação","VIDEOS 0 - 300/VIDEO 0162/Influenciador Bibihu Tênis Runaway De Quatro Rodas Patins De Caminhada Para Adultos Retráteis Sapatos De Deformação.mp4","9b4a04816d6dd402795ee221b11b0596b9fdac9daa4818f1fdcbe6710949c100","ok","9,125","1080","1920","1080x1920","vertical","30","h264","aac","2","44100","1983146","2262026",""
"VIDEOS 0 - 300-20260730T124444Z-1-001.zip","163","(rs8s) Popular 1 Par Mulher Moda Feminina Luvas De Inverno Sem Dedo Macias E Quentes","VIDEOS 0 - 300/VIDEO 0163/(rs8s) Popular 1 Par Mulher Moda Feminina Luvas De Inverno Sem Dedo Macias E Quentes.mp4","f6514cf3a2be29d8b54d2aff553ef476458b9c53ab9dc4c793c14d8130b09742","ok","9,241","1080","1920","1080x1920","vertical","30","h264","aac","2","44100","1789389","2066968",""
"VIDEOS 0 - 300-20260730T124444Z-1-001.zip","164","[baishangworshipcool] Tennis Training Tool Exercício Bola De Tênis Auto-Estudo","VIDEOS 0 - 300/VIDEO 0164/[baishangworshipcool] Tennis Training Tool Exercício Bola De Tênis Auto-Estudo.mp4","b44de0217b33034b905ee4ec40a78014fe0ef89272cff3cf112b5dbb28140588","ok","7,94","1080","1920","1080x1920","vertical","30","h264","aac","2","44100","2050412","2035034",""
"VIDEOS 0 - 300-20260730T124444Z-1-001.zip","165","3 Cor Regulável Cat Eye Light Strip Desk Lamp LED Sensor De Movimento Luz Recarregável USB Cozinha Armário Roupeiro Lâmpada 203040 Cm","VIDEOS 0 - 300/VIDEO 0165/3 Cor Regulável Cat Eye Light Strip Desk Lamp LED Sensor De Movimento Luz Recarregável USB Cozinha Armário Roupeiro Lâmpada 203040 Cm.mp4","1f2957553393810253a4c479504383e49d50618ba0de084ed5a8113124c75967","ok","14,976","1080","1920","1080x1920","vertical","30","h264","aac","2","44100","2018052","3777795",""
"VIDEOS 0 - 300-20260730T124444Z-1-001.zip","166","Cabo De Suporte De Corda De Silicone Anti-Perda Para AirPods Pro Fone De Ouvido Bluetooth Sem Fio Alça De Pescoço Cordão","VIDEOS 0 - 300/VIDEO 0166/Cabo De Suporte De Corda De Silicone Anti-Perda Para AirPods Pro Fone De Ouvido Bluetooth Sem Fio Alça De Pescoço Cordão.mp4","3911ad3fd45daf877385d631a523e94c0c0ba12dcdd7f68ae9c9baefeb9c0622","ok","9,496","1080","1920","1080x1920","vertical","30","h264","aac","2","44100","2542792","3018295",""
"VIDEOS 0 - 300-20260730T124444Z-1-001.zip","167","Mousse Depilatorio Depeeling 150ml Creme Para Depilar Racco","VIDEOS 0 - 300/VIDEO 0167/Mousse Depilatorio Depeeling 150ml Creme Para Depilar Racco.mp4","5002e56e591c3bd8eb4c48dfe815e8da4e78298b830bd5bb34925ea5729b76e2","ok","16,926","1080","1920","1080x1920","vertical","30","h264","aac","2","44100","2655006","5617330",""
"VIDEOS 0 - 300-20260730T124444Z-1-001.zip","168","Escova para Gatos Removedor De Pelos Para Cães Escova Gatos Pet Aparador","VIDEOS 0 - 300/VIDEO 0168/Escova para Gatos Removedor De Pelos Para Cães Escova Gatos Pet Aparador.mp4","84c9f1c7f8f22c8488395c44bc61c9e055b60efbf0decab6596cae980c4f3b8a","ok","21,594","1080","1920","1080x1920","vertical","30","h264","aac","2","44100","2409909","6504949",""
"VIDEOS 0 - 300-20260730T124444Z-1-001.zip","169","EYEKAN Lentes De Contato Tipo Corda Limpadora De Máquina De Limpeza Manual","VIDEOS 0 - 300/VIDEO 0169/EYEKAN Lentes De Contato Tipo Corda Limpadora De Máquina De Limpeza Manual.mp4","4eb1aecde8247dc2fd46dae6fc70a5eaf7a8bdf376190645634c697ecb3f4654","ok","12,654","1080","1920","1080x1920","vertical","30","h264","aac","2","44100","2220347","3512035",""
"VIDEOS 0 - 300-20260730T124444Z-1-001.zip","170","Parede Pendurado Saco De Lixo Caixa De Armazenamento Com Tampa De Plástico Bag Dispenser Rack Titular Cozinha Fontes Do Banheiro","VIDEOS 0 - 300/VIDEO 0170/Parede Pendurado Saco De Lixo Caixa De Armazenamento Com Tampa De Plástico Bag Dispenser Rack Titular Cozinha Fontes Do Banheiro.mp4","d33e310d2d67f19489bbc00a3123dba2b8a52a1cea4451888f9c5ea22671170e","ok","11,121","1080","1920","1080x1920","vertical","30","h264","aac","2","44100","2158215","3000190",""
"VIDEOS 0 - 300-20260730T124444Z-1-001.zip","171","Máquina da vibração da aptidão do exercício formador da plataforma da placa do formador do corpo máquinas da plataforma da perda de peso que agitam o treino 150kg180w","VIDEOS 0 - 300/VIDEO 0171/Máquina da vibração da aptidão do exercício formador da plataforma da placa do formador do corpo máquinas da plataforma da perda de peso que agitam o treino 150kg180w.mp4","5e662d0f8283440974193f950a12b53ad8eb1e4be74560af7735c4ad9622413d","ok","9,126","1080","1920","1080x1920","vertical","30","h264","aac","2","44100","2589168","2953594",""
"VIDEOS 0 - 300-20260730T124444Z-1-001.zip","172","Balde De Suco 8 Facas De Folha 1000ml Portátil Sem Fio De Grande Capacidade Para Triturar O Gelo Doméstico Fresco","VIDEOS 0 - 300/VIDEO 0172/Balde De Suco 8 Facas De Folha 1000ml Portátil Sem Fio De Grande Capacidade Para Triturar O Gelo Doméstico Fresco.mp4","f9e314e400812e79632b81c6ee167a9279a33dc98c8263c7389f3ef6a482a02a","ok","11,68","1080","1920","1080x1920","vertical","30","h264","aac","2","44100","1547611","2259513",""
"VIDEOS 0 - 300-20260730T124444Z-1-001.zip","173","Manual Fruit Vegetable Cutter Carrot Potato Spiralizer Slicer Salad Noodle Spaghetti Pasta Maker Kitchen Accessories","VIDEOS 0 - 300/VIDEO 0173/Manual Fruit Vegetable Cutter Carrot Potato Spiralizer Slicer Salad Noodle Spaghetti Pasta Maker Kitchen Accessories.mp4","70f4b414aaec4b8ab2dcee7124f4dbd4b5c00dbd30ac1725aa37d281e84d2e60","ok","9,73","1080","1920","1080x1920","vertical","30","h264","aac","2","44100","2976254","3619869",""
"VIDEOS 0 - 300-20260730T124444Z-1-001.zip","174","48W 110v 220v 360 ° Luz Do Ventilador Com Cabeça Agitadora Fan Light LED Adequada Para Quarto , Estudo , De Crianças , Banheiro , Cozinha , Etc .","VIDEOS 0 - 300/VIDEO 0174/48W 110v 220v 360 ° Luz Do Ventilador Com Cabeça Agitadora Fan Light LED Adequada Para Quarto , Estudo , De Crianças , Banheiro , Cozinha , Etc ..mp4","42c2127491fe8730af5f26bd69531a6cd1180fe4b8fbb45b7286e671789f511c","ok","12,934","1080","1920","1080x1920","vertical","30","h264","aac","2","44100","1934476","3127565",""
"VIDEOS 0 - 300-20260730T124444Z-1-001.zip","175","Agulhas De Costura Sem Rosca De 1236 Peças Feitas À Mão Aço Inoxidável","VIDEOS 0 - 300/VIDEO 0175/Agulhas De Costura Sem Rosca De 1236 Peças Feitas À Mão Aço Inoxidável.mp4","428587f43387439390fe56d28287c7530561c70e3c08f722bce7734287597a74","ok","8,731","1080","1920","1080x1920","vertical","30","h264","aac","2","44100","1798255","1962571",""
"VIDEOS 0 - 300-20260730T124444Z-1-001.zip","176","Capa Protetora De Silicone Respirável Com Dedos Do Pé Para Dor Relieve .","VIDEOS 0 - 300/VIDEO 0176/Capa Protetora De Silicone Respirável Com Dedos Do Pé Para Dor Relieve ..mp4","90cf6349a4d14ccfb52761fe57cd37499d3d0827d2601e275101afbf52bc512b","ok","9,567","1080","1920","1080x1920","vertical","30","h264","aac","2","44100","1960730","2344789",""
"VIDEOS 0 - 300-20260730T124444Z-1-001.zip","177","Novo Estilo Roupa De Grande Capacidade Dobrável","VIDEOS 0 - 300/VIDEO 0177/Novo Estilo Roupa De Grande Capacidade Dobrável.mp4","c80acc6ce41745d2872baad9887c5ddfa826c196962c6764354021ca9862ef36","ok","10,124","1080","1920","1080x1920","vertical","30","h264","aac","2","44100","3044404","3852694",""
"VIDEOS 0 - 300-20260730T124444Z-1-001.zip","178","Feizer rgs65 65w corpo de liga alumínio ferro de solda elétrica inteligente oled display temperatura ajustável de xiaomiyoupin","VIDEOS 0 - 300/VIDEO 0178/Feizer rgs65 65w corpo de liga alumínio ferro de solda elétrica inteligente oled display temperatura ajustável de xiaomiyoupin.mp4","d47cd50bf9a6d4bea7e0b7f02bbc878314ac0695e2485264477ea85203323b4b","ok","19,389","1080","1920","1080x1920","vertical","30","h264","aac","2","44100","1080805","2619468",""
"VIDEOS 0 - 300-20260730T124444Z-1-001.zip","179","Bolsa Crossbody - Carr Ken","VIDEOS 0 - 300/VIDEO 0179/Bolsa Crossbody - Carr Ken.mp4","1f1003da520016316bc35f65ef24bf5c3cb5317fc442d14bd3cdd4ccca84848b","ok","8,127","1080","1920","1080x1920","vertical","30","h264","aac","2","44100","2796927","2841329",""
"VIDEOS 0 - 300-20260730T124444Z-1-001.zip","180","Sandálias De Salto Inclinado Para Mulheres Novos Sapatos Romanos","VIDEOS 0 - 300/VIDEO 0180/Sandálias De Salto Inclinado Para Mulheres Novos Sapatos Romanos.mp4","f1d7853fa039727f08b5663b2cd9d8cf3e1de6a49d70800b71b03756093bd9cf","ok","10,705","1080","1920","1080x1920","vertical","30","h264","aac","2","44100","2627401","3515792",""
"VIDEOS 0 - 300-20260730T124444Z-1-001.zip","181","Aparelho Movedor Móveis Fácil Levantador Materiais Pesados Kit 5 Peças Sliders","VIDEOS 0 - 300/VIDEO 0181/Aparelho Movedor Móveis Fácil Levantador Materiais Pesados Kit 5 Peças Sliders.mp4","2865515cdde4d2dba97d343774fbb455aa09567dc9ef105964f9c0a9563d687e","ok","14,188","1080","1920","1080x1920","vertical","30","h264","aac","2","44100","1968655","3491411",""
"VIDEOS 0 - 300-20260730T124444Z-1-001.zip","183","Mini Câmera U21 Usb Wifi Para Vigilância Doméstica Ip 1080p Gravador De Movimento","VIDEOS 0 - 300/VIDEO 0183/Mini Câmera U21 Usb Wifi Para Vigilância Doméstica Ip 1080p Gravador De Movimento.mp4","57a1b52e2ef352cc2715a8c3a2e520a451d55232b7fb52d4815b2f47b1ef4bed","ok","12,934","1080","1920","1080x1920","vertical","30","h264","aac","2","44100","2009705","3249191",""
"VIDEOS 0 - 300-20260730T124444Z-1-001.zip","184","Repelente Eletrônico Luminária Mata Mosquitos Insetos Pernilongos Dengue Armadilha Lâmpada LED Bivolt De Tomada","VIDEOS 0 - 300/VIDEO 0184/Repelente Eletrônico Luminária Mata Mosquitos Insetos Pernilongos Dengue Armadilha Lâmpada LED Bivolt De Tomada.mp4","b092005e3dbe6b26fc8a07859fa50ccb45a911f3289ad9b6511dc4a75302c029","ok","14,002","1080","1920","1080x1920","vertical","30","h264","aac","2","44100","2686892","4702733",""
"VIDEOS 0 - 300-20260730T124444Z-1-001.zip","185","Descamador de Peixe,Remove Escamas de Peixes","VIDEOS 0 - 300/VIDEO 0185/Descamador de Peixe,Remove Escamas de Peixes.mp4","822e60cca069d971cb627a72afc9d715cc840d3f826cd520ebbd2a890378a57d","ok","9,776","1080","1920","1080x1920","vertical","30","h264","aac","2","44100","3166705","3869714",""
"VIDEOS 0 - 300-20260730T124444Z-1-001.zip","186","Bule De Chá Com Isolamento Térmico De Aço Inoxidável 316 Cozido Doméstico Portátil Cafeteira","VIDEOS 0 - 300/VIDEO 0186/Bule De Chá Com Isolamento Térmico De Aço Inoxidável 316 Cozido Doméstico Portátil Cafeteira.mp4","6911236a0824a6d523f00376326fc3751739cf3706b45fa5fd19d845b136bdca","ok","13,886","1080","1920","1080x1920","vertical","30","h264","aac","2","44100","1859350","3227368",""
"VIDEOS 0 - 300-20260730T124444Z-1-001.zip","187","China cozinha fogão a gás combinação elétrica 2 queimadores utensílios de cozinha","VIDEOS 0 - 300/VIDEO 0187/China cozinha fogão a gás combinação elétrica 2 queimadores utensílios de cozinha.mp4","f6224da88f40a722b9e43329b1fae43ce5194f07e87625efa934f6afc82f49b7","ok","10,101","1080","1920","1080x1920","vertical","30","h264","aac","2","44100","1458625","1841697",""
"VIDEOS 0 - 300-20260730T124444Z-1-001.zip","188","Abridor De Lata Automática Multifuncional Tampa De Idosos E Crianças Ferramenta De Abertura Rotativa Elétrica","VIDEOS 0 - 300/VIDEO 0188/Abridor De Lata Automática Multifuncional Tampa De Idosos E Crianças Ferramenta De Abertura Rotativa Elétrica.mp4","1b31389a6feb1817d6e589fd73df6af77e7a915b4fd2aadcb57e059709ffd518","ok","11,541","1080","1920","1080x1920","vertical","30","h264","aac","2","44100","765855","1104842",""
"VIDEOS 0 - 300-20260730T124444Z-1-001.zip","189","HFH-[Bring Your Own Clean Liquid] Cannonball Bucket Shu Cotton Mop","VIDEOS 0 - 300/VIDEO 0189/HFH-[Bring Your Own Clean Liquid] Cannonball Bucket Shu Cotton Mop.mp4","8d553ccb4ae95c226db483202a2e7370ac6beb5a02520bf30142a9630cfee62c","ok","21,061","1080","1920","1080x1920","vertical","30","h264","aac","2","44100","2233342","5879554",""
"VIDEOS 0 - 300-20260730T124444Z-1-001.zip","190","Suporte De Celular Jaguar HUD Com Design De Leopardo GPS De 360 Graus Acessórios De Clipe Ajustável","VIDEOS 0 - 300/VIDEO 0190/Suporte De Celular Jaguar HUD Com Design De Leopardo GPS De 360 Graus Acessórios De Clipe Ajustável.mp4","163b6390846cf86572bb0d83230872648fda246a32272eb09b63f44bade40336","ok","11,053","1080","1920","1080x1920","vertical","30","h264","aac","2","44100","2478351","3424153",""
"VIDEOS 0 - 300-20260730T124444Z-1-001.zip","191","[JLS6-011] Bolsa De Pano Ombro Nova Tecido Casual De Nylon Oxford Leve Para Mensageiro 2023","VIDEOS 0 - 300/VIDEO 0191/[JLS6-011] Bolsa De Pano Ombro Nova Tecido Casual De Nylon Oxford Leve Para Mensageiro 2023.mp4","bdf445ec713a9599c5052547614ca680f8037b5e954f87ebd964bafbebcd0986","ok","12,028","1080","1920","1080x1920","vertical","30","h264","aac","2","44100","3528343","5304864",""
"VIDEOS 0 - 300-20260730T124444Z-1-001.zip","192","20 Folhas Grampeador Elétrico De Mesa Antiderrapante Multi-Propósito","VIDEOS 0 - 300/VIDEO 0192/20 Folhas Grampeador Elétrico De Mesa Antiderrapante Multi-Propósito.mp4","6e46307598923d5da7742b670a2eb9297da15084f02d1ec14acd1f9d3b61ae76","ok","8,29","1080","1920","1080x1920","vertical","30","h264","aac","2","44100","1034233","1071724",""
"VIDEOS 0 - 300-20260730T124444Z-1-001.zip","193","Descascador De Alimentos Frutas E Legumes Com Compartimento Reservatório cascas 17 Cm","VIDEOS 0 - 300/VIDEO 0193/Descascador De Alimentos Frutas E Legumes Com Compartimento Reservatório cascas 17 Cm.mp4","4ead56cea7530677a756e91e6237432cc16edfc6ac4178b6c1a23f82bc15b5b8","ok","13,073","1080","1920","1080x1920","vertical","30","h264","aac","2","44100","2846188","4651028",""
"VIDEOS 0 - 300-20260730T124444Z-1-001.zip","194","(Serra) Bacia Para Lavar Cabelos Com Mangueira","VIDEOS 0 - 300/VIDEO 0194/(Serra) Bacia Para Lavar Cabelos Com Mangueira.mp4","702d1570a310e9ea82081339a72f02ad91f270376bbfc29d16b3dd5ab3ee0a8c","ok","21,107","1080","1920","1080x1920","vertical","30","h264","aac","2","44100","2134634","5631965",""
"VIDEOS 0 - 300-20260730T124444Z-1-001.zip","195","Túnel Para Gatos De Estimação Interativo Cama De Brinquedo De Uso Duplo Brinquedos Internos HOT","VIDEOS 0 - 300/VIDEO 0195/Túnel Para Gatos De Estimação Interativo Cama De Brinquedo De Uso Duplo Brinquedos Internos HOT.mp4","19a220eb385a5c8baf456ae63121d9c3f8bcf2ee6fa6cc2c8a29260637d939f1","ok","10,96","1080","1920","1080x1920","vertical","30","h264","aac","2","44100","1933643","2649091",""
"VIDEOS 0 - 300-20260730T124444Z-1-001.zip","196","Cozinha Tempero Rotativo Rack De Armazenamento Multifuncional 360 Graus Soja Vinegar Bandeja De Frutas Luz Luxo","VIDEOS 0 - 300/VIDEO 0196/Cozinha Tempero Rotativo Rack De Armazenamento Multifuncional 360 Graus Soja Vinegar Bandeja De Frutas Luz Luxo.mp4","dd8cba03ff8dc16e5bcfcbfe6a7927eeba74f33de1f9c6b89b1610307e904724","ok","10,821","1080","1920","1080x1920","vertical","30","h264","aac","2","44100","2412621","3263372",""
"VIDEOS 0 - 300-20260730T124444Z-1-001.zip","197","Shampoo à Seco Above 150ML90G Fresh","VIDEOS 0 - 300/VIDEO 0197/Shampoo à Seco Above 150ML90G Fresh.mp4","cf629693ec7962bedbbb42831cc11c7d4fa9a4d8d82465a63e6b8e3059cfb70e","ok","9,149","1080","1920","1080x1920","vertical","30","h264","aac","2","44100","2659822","3041839",""
"VIDEOS 0 - 300-20260730T124444Z-1-001.zip","198","Multi-purpose Car Umbrella, pára-sol, tamanho 4.22.2 m UV Proteção Car Umbrella Cover, barraca, sem moldura apenas lona","VIDEOS 0 - 300/VIDEO 0198/Multi-purpose Car Umbrella, pára-sol, tamanho 4.22.2 m UV Proteção Car Umbrella Cover, barraca, sem moldura apenas lona.mp4","ddb067d78cfb7effefd5384bbaf10b3c6ee15f47b01360b7bf5601efdb383ba1","ok","13,375","1080","1920","1080x1920","vertical","30","h264","aac","2","44100","2220523","3712437",""
"VIDEOS 0 - 300-20260730T124444Z-1-001.zip","199","COM OFERTA Limpador de Persianas Max Clean Microfibra 22x6cm Clink Ou Paramount","VIDEOS 0 - 300/VIDEO 0199/COM OFERTA Limpador de Persianas Max Clean Microfibra 22x6cm Clink Ou Paramount.mp4","e727b2cbf914fa315d5335a43646db3ecdae2a2cba66e80fe8941872fef5ac18","ok","30,697","1080","1920","1080x1920","vertical","30","h264","aac","2","44100","1338292","5135194",""
"VIDEOS 0 - 300-20260730T124444Z-1-001.zip","200","Batedor De Farinha De Carvalho De 13 Polegadas Misturador De Massa Ovos Em Aço Inoxidável","VIDEOS 0 - 300/VIDEO 0200/Batedor De Farinha De Carvalho De 13 Polegadas Misturador De Massa Ovos Em Aço Inoxidável.mp4","36b70ee484a888115bc45f48a44ac9290807fd8edacc0a7c57d413ac84b255a9","ok","13,954","1080","1920","1080x1920","vertical","30","h264","aac","2","44100","2584952","4508803",""
"VIDEOS 0 - 300-20260730T124444Z-1-001.zip","201","Porta Papel Higienico E Lenços Umidecidos Everest","VIDEOS 0 - 300/VIDEO 0201/Porta Papel Higienico E Lenços Umidecidos Everest.mp4","293cda8fa6fad3c47ceab168b68bb6b70215cd5f51b3a9a1db18b94e152995ce","ok","12,4","1080","1920","1080x1920","vertical","30","h264","aac","2","44100","1460910","2264411",""
"VIDEOS 0 - 300-20260730T124444Z-1-001.zip","202","Lâmina Navalha Tira Pelos Sobrancelha Buço Rosto","VIDEOS 0 - 300/VIDEO 0202/Lâmina Navalha Tira Pelos Sobrancelha Buço Rosto.mp4","66e5d0cefe1699cc17be61ecfc47a86c351ac539e90b8031610684ca79931ba0","ok","13,398","1080","1920","1080x1920","vertical","30","h264","aac","2","44100","1828658","3062546",""
"VIDEOS 0 - 300-20260730T124444Z-1-001.zip","203","304 fogão de pressão de aço inoxidável, fogão a gás doméstico, fogão de indução, fundo duplo à prova de explosão geral, grande capacidade","VIDEOS 0 - 300/VIDEO 0203/304 fogão de pressão de aço inoxidável, fogão a gás doméstico, fogão de indução, fundo duplo à prova de explosão geral, grande capacidade.mp4","62804feb6b6aa671b5727b267dddfe7133422ee4c25252a883edfd6bf8ae4ff3","ok","9,033","1080","1920","1080x1920","vertical","30","h264","aac","2","44100","1219653","1377141",""
"VIDEOS 0 - 300-20260730T124444Z-1-001.zip","204","Capa Para Telefone Apple Phone Case tpu Pure Color Cartoon Pacha Dog Twisting Ass Adequado iPhone14 Divertido 12ProMax 13 Novo Estilo 11 Silicone Fêmea","VIDEOS 0 - 300/VIDEO 0204/Capa Para Telefone Apple Phone Case tpu Pure Color Cartoon Pacha Dog Twisting Ass Adequado iPhone14 Divertido 12ProMax 13 Novo Estilo 11 Silicone Fêmea.mp4","b65f4a673b66ae1c40109f55a2f587fbd3e55e2b3fa178640d000bd55c5dfda6","ok","7,361","1080","1920","1080x1920","vertical","30","h264","aac","2","44100","1887651","1736875",""
"VIDEOS 0 - 300-20260730T124444Z-1-001.zip","205","3D Cartoon Corredor Carpet Staircase Hotel Lobby Área de Faixa Tapete Corredor Sala Decoração Casa Anti-derrapante Tapete Cuttable","VIDEOS 0 - 300/VIDEO 0205/3D Cartoon Corredor Carpet Staircase Hotel Lobby Área de Faixa Tapete Corredor Sala Decoração Casa Anti-derrapante Tapete Cuttable.mp4","16cceddc63142b2ddd941b60865ccf883e5595b15cf2543a5168aa62ab6afa7e","ok","14,536","1080","1920","1080x1920","vertical","30","h264","aac","2","44100","2629474","4777756",""
"VIDEOS 0 - 300-20260730T124444Z-1-001.zip","206","Estantes nórdicos do ferro forjado com porta de vidro, armário de exposição, prateleira simples, estantes home da sala, armazenamento do quarto","VIDEOS 0 - 300/VIDEO 0206/Estantes nórdicos do ferro forjado com porta de vidro, armário de exposição, prateleira simples, estantes home da sala, armazenamento do quarto.mp4","41b234fdd6b1329284b1927e97627f684cc126f0a84a263c1de7a2ba2d3731bd","ok","15,767","1080","1920","1080x1920","vertical","30","h264","aac","2","44100","1850629","3647360",""
"VIDEOS 0 - 300-20260730T124444Z-1-001.zip","207","Kit 12 Cadarço De Silicone Colorido","VIDEOS 0 - 300/VIDEO 0207/Kit 12 Cadarço De Silicone Colorido.mp4","07feeb031c47a3347ee60934519b2396a814d3ab4dfaeeccd7205fd8dfd68c2d","ok","12,075","1080","1920","1080x1920","vertical","30","h264","aac","2","44100","2418288","3650104",""
"VIDEOS 0 - 300-20260730T124444Z-1-001.zip","208","Hailicare 3.9mm Palito De Ouvido Com Câmera Para Bebês Adultos Otoscópio Endoscópio Remoção De Cera Android IOS Colher Conjunto De Limpeza Removedor","VIDEOS 0 - 300/VIDEO 0208/Hailicare 3.9mm Palito De Ouvido Com Câmera Para Bebês Adultos Otoscópio Endoscópio Remoção De Cera Android IOS Colher Conjunto De Limpeza Removedor.mp4","e39f8f0b371565ae223c3fa44d4f369dc8a71e408f6985fee88b46c1fb086d01","ok","15,326","1080","1920","1080x1920","vertical","30","h264","aac","2","44100","2108429","4039223",""
"VIDEOS 0 - 300-20260730T124444Z-1-001.zip","209","USB 2.4G Controle Remoto Carro de Escalada de Parede Carro de Corrida Antigravidade Recarregável Carro de Acrobacias Brinquedos Para Crianças","VIDEOS 0 - 300/VIDEO 0209/USB 2.4G Controle Remoto Carro de Escalada de Parede Carro de Corrida Antigravidade Recarregável Carro de Acrobacias Brinquedos Para Crianças.mp4","bbb7d4170751b15651f8d6cb0f25772ba0d00e75f4dc0fc97c57d8903815915c","ok","12,168","1080","1920","1080x1920","vertical","30","h264","aac","2","44100","2721038","4138699",""
"VIDEOS 0 - 300-20260730T124444Z-1-001.zip","210","Varal de Parede Mágico Retrátil Branco 70cm Ordene Original","VIDEOS 0 - 300/VIDEO 0210/Varal de Parede Mágico Retrátil Branco 70cm Ordene Original.mp4","cb06f6d0330c695f7341ad4384cc48e1f810254ac9e4826fc299a0e6e04b3860","ok","7,222","1080","1920","1080x1920","vertical","30","h264","aac","2","44100","1366206","1233343",""
"VIDEOS 0 - 300-20260730T124444Z-1-001.zip","211","Transparent 6 Shot Glass Dispenser and Holder, Liquid Pouring Artifact, for Wedding","VIDEOS 0 - 300/VIDEO 0211/Transparent 6 Shot Glass Dispenser and Holder, Liquid Pouring Artifact, for Wedding.mp4","a8b8db8f985e60ed3e1c5d5da179e89dddf11382862d2e2cacf15775593e19ab","ok","12,4","1080","1920","1080x1920","vertical","30","h264","aac","2","44100","2325340","3604277",""
"VIDEOS 0 - 300-20260730T124444Z-1-001.zip","212","Kit 3 Em 1 Bico Alta Pressão De Metal Para Mangueiras Comuns + Conector De Torneira Com Rosca","VIDEOS 0 - 300/VIDEO 0212/Kit 3 Em 1 Bico Alta Pressão De Metal Para Mangueiras Comuns + Conector De Torneira Com Rosca.mp4","abec96030a78cb4439443a591245e781affdf2a0fb954ffc383a2953420779e5","ok","27,47","1080","1920","1080x1920","vertical","30","h264","aac","2","44100","3155896","10836561",""
"VIDEOS 0 - 300-20260730T124444Z-1-001.zip","213","Ventilador Porta Lâmpada De Sofá Estudo Remota Nórdica Economizador De Energia Grande led De Varanda Calma De Vento","VIDEOS 0 - 300/VIDEO 0213/Ventilador Porta Lâmpada De Sofá Estudo Remota Nórdica Economizador De Energia Grande led De Varanda Calma De Vento.mp4","4af6c49bf9b0e18e61aa9f81f1a3b0ab81cce5eb424cbc605fa37e41b05d979d","ok","14,652","1080","1920","1080x1920","vertical","30","h264","aac","2","44100","2273749","4164372",""
"VIDEOS 0 - 300-20260730T124444Z-1-001.zip","214","Mini máquina de lavar sapato doméstico, forte, semiautomática, inteligente, casa, 220V","VIDEOS 0 - 300/VIDEO 0214/Mini máquina de lavar sapato doméstico, forte, semiautomática, inteligente, casa, 220V.mp4","c85ce549cd3c35a092607f546120ae4f479099619acba4957e38355295b0f83c","ok","19,273","1080","1920","1080x1920","vertical","30","h264","aac","2","44100","1805761","4350306",""
"VIDEOS 0 - 300-20260730T124444Z-1-001.zip","215","Manual simples dobrável carport portátil móvel carro abrigo tenda cobre estacionamento garagem","VIDEOS 0 - 300/VIDEO 0215/Manual simples dobrável carport portátil móvel carro abrigo tenda cobre estacionamento garagem.mp4","fdb0b3bcff11fac22025336f3586bcab0cc9ae9736554a6c4214a278e934a548","ok","5,829","1080","1920","1080x1920","vertical","30","h264","aac","2","44100","2411348","1756969",""
"VIDEOS 0 - 300-20260730T124444Z-1-001.zip","216","Carregador De Celular Portátil Chaveiro 1500mah Tipo C Para Iphone 11,12,13 e 14.","VIDEOS 0 - 300/VIDEO 0216/Carregador De Celular Portátil Chaveiro 1500mah Tipo C Para Iphone 11,12,13 e 14..mp4","fab24da1f1297ccde45c488c463b4ca2e1d62950dbb4b866977492f31e04a019","ok","14,327","1080","1920","1080x1920","vertical","30","h264","aac","2","44100","2134330","3822319",""
"VIDEOS 0 - 300-20260730T124444Z-1-001.zip","217","Rodo Twister Cabo Retrátil Chega até 1,40m Junta Articulada","VIDEOS 0 - 300/VIDEO 0217/Rodo Twister Cabo Retrátil Chega até 1,40m Junta Articulada.mp4","b18cbbfadc839114d56d697e9eef49387ba23693777c6bc2795f8dc617d60075","ok","15,999","1080","1920","1080x1920","vertical","30","h264","aac","2","44100","2777938","5555530",""
"VIDEOS 0 - 300-20260730T124444Z-1-001.zip","218","【produtos À Vista】 Cozinha De 1 Peça Para Fazer Almôndegas De Carne Faz Bolinhos De Arroz E Bolas De Peixe Fácil De Operar","VIDEOS 0 - 300/VIDEO 0218/【produtos À Vista】 Cozinha De 1 Peça Para Fazer Almôndegas De Carne Faz Bolinhos De Arroz E Bolas De Peixe Fácil De Operar.mp4","fd0a40dc5cd6bfc8c46d244e811bb36fe7d979c7ec56bc2316a2a08deab2ff4e","ok","7,477","1080","1920","1080x1920","vertical","30","h264","aac","2","44100","4241808","3964500",""
"VIDEOS 0 - 300-20260730T124444Z-1-001.zip","219","Multifuncional madeira maciça Folding Escada, Household Chair Stool, Dual-Purpose Cadeiras, Escalada Pedal Stair, Step, Ins","VIDEOS 0 - 300/VIDEO 0219/Multifuncional madeira maciça Folding Escada, Household Chair Stool, Dual-Purpose Cadeiras, Escalada Pedal Stair, Step, Ins.mp4","f139de3e9e1c7b21cbafa508febafa9e6d7f7d8ae7b075ef5d6d3f36d6ef5b52","ok","10,542","1080","1920","1080x1920","vertical","30","h264","aac","2","44100","2393469","3153995",""
"VIDEOS 0 - 300-20260730T124444Z-1-001.zip","220","Sofá Cama E Esteiras Fofas Para Gatos Pequenos Preguiçosos Filhotes De","VIDEOS 0 - 300/VIDEO 0220/Sofá Cama E Esteiras Fofas Para Gatos Pequenos Preguiçosos Filhotes De.mp4","076b43f1f8e0209e592349942387eb2b8f05d2e827cef4a95f66f5e444066aaf","ok","15,697","1080","1920","1080x1920","vertical","30","h264","aac","2","44100","2533549","4971140",""
"VIDEOS 0 - 300-20260730T124444Z-1-001.zip","221","Vaso Sanitário Portátil Banheiro Químico 10 litros para Motor Homes, Barcos, Campings e Eventos Lorben","VIDEOS 0 - 300/VIDEO 0221/Vaso Sanitário Portátil Banheiro Químico 10 litros para Motor Homes, Barcos, Campings e Eventos Lorben.mp4","763e598f07d39064e2034c3d384ff6075418077155433caaf79653ee8c8d1830","ok","8,499","1080","1920","1080x1920","vertical","30","h264","aac","2","44100","1392822","1479700",""
"VIDEOS 0 - 300-20260730T124444Z-1-001.zip","222","Cintura Alta Verão Elástica Tencel Emagrecedor Visual Feminino Reto Alto Elástico Mãe Tornozelo Comprimento Calça Jeans Solta Trou","VIDEOS 0 - 300/VIDEO 0222/Cintura Alta Verão Elástica Tencel Emagrecedor Visual Feminino Reto Alto Elástico Mãe Tornozelo Comprimento Calça Jeans Solta Trou.mp4","2a6275e7ffdbfd11301ce6cd286c7a76d24f0b4fbfadc9a406efd1119817961b","ok","8,94","1080","1920","1080x1920","vertical","30","h264","aac","2","44100","2419004","2703237",""
"VIDEOS 0 - 300-20260730T124444Z-1-001.zip","224","Lixa Elétrica De Pé Esfoliador Tira Calos Pedicure Portátil Recarregavel","VIDEOS 0 - 300/VIDEO 0224/Lixa Elétrica De Pé Esfoliador Tira Calos Pedicure Portátil Recarregavel.mp4","a0882c82ed61fdcb04d2e16e858c5468d5e27f8628af1607238f21c349d96195","ok","10,914","1080","1920","1080x1920","vertical","30","h264","aac","2","44100","2172591","2963958",""
"VIDEOS 0 - 300-20260730T124444Z-1-001.zip","225","Mops Para Casa Jardim Coletor de pó eletrostático mop descartável vácuo papel chão toalhetes rosca plana mop limpeza ferramenta para casa","VIDEOS 0 - 300/VIDEO 0225/Mops Para Casa Jardim Coletor de pó eletrostático mop descartável vácuo papel chão toalhetes rosca plana mop limpeza ferramenta para casa.mp4","67094a18bf6808a383737d89d335acd8fb0bdaa2d7a9e04f0a834882bd4d1c4a","ok","9,381","1080","1920","1080x1920","vertical","30","h264","aac","2","44100","2671741","3132951",""
"VIDEOS 0 - 300-20260730T124444Z-1-001.zip","226","Papel Adesivo de Parede 10 METROS x 45CM 3D Modelo Linho Decoração","VIDEOS 0 - 300/VIDEO 0226/Papel Adesivo de Parede 10 METROS x 45CM 3D Modelo Linho Decoração.mp4","9388e03bb6843be4e3b93a1844eab7198fd2ac7dfe9adbf2ba57e96a068837d9","ok","13,352","1080","1920","1080x1920","vertical","30","h264","aac","2","44100","3334423","5565153",""
"VIDEOS 0 - 300-20260730T124444Z-1-001.zip","227","Kit 3 Em 1 Bico Alta Pressão Para Mangueira + Conector Top","VIDEOS 0 - 300/VIDEO 0227/Kit 3 Em 1 Bico Alta Pressão Para Mangueira + Conector Top.mp4","d69d839351ec8d5bf26e4c0978065fbae0866ea13819c32b239b67bce5f203f3","ok","19,482","1080","1920","1080x1920","vertical","30","h264","aac","2","44100","2150179","5236225",""
"VIDEOS 0 - 300-20260730T124444Z-1-001.zip","228","Par de Almofadas dos Pés Antiderrapante de Salto Alto Proteção Respirável","VIDEOS 0 - 300/VIDEO 0228/Par de Almofadas dos Pés Antiderrapante de Salto Alto Proteção Respirável.mp4","102f9db4a601777c95047eed6b3ef5cf073c2951765adb3f025b0378c86efcde","ok","10,124","1080","1920","1080x1920","vertical","30","h264","aac","2","44100","3693562","4674203",""
"VIDEOS 0 - 300-20260730T124444Z-1-001.zip","229","Sacola de bebê para mães, fraldas de maternidade, bolsa de mamães, organizador de carrinho, troca de transporte, cuidados com o bebê, viagem, mochila RI5C","VIDEOS 0 - 300/VIDEO 0229/Sacola de bebê para mães, fraldas de maternidade, bolsa de mamães, organizador de carrinho, troca de transporte, cuidados com o bebê, viagem, mochila RI5C.mp4","4df2f2f278279a4e10fd595b31fb5faae730234d0b9fc71c0452781f2bd57a35","ok","7,338","1080","1920","1080x1920","vertical","30","h264","aac","2","44100","2956898","2712215",""
"VIDEOS 0 - 300-20260730T124444Z-1-001.zip","230","Sofá Infantil Fofo Pelúcia Multicolorida Para Casa Quarto Decoração Desenho Criativo Encosto Poltrona 2 Em 1","VIDEOS 0 - 300/VIDEO 0230/Sofá Infantil Fofo Pelúcia Multicolorida Para Casa Quarto Decoração Desenho Criativo Encosto Poltrona 2 Em 1.mp4","5a58e8714a3c434767b700c9ccd463fae2c987d172cb4695233904451988f624","ok","12,214","1080","1920","1080x1920","vertical","30","h264","aac","2","44100","2118289","3234099",""
"VIDEOS 0 - 300-20260730T124444Z-1-001.zip","231","Pode ser dobrado alta qualit refrigerar esteira de cama macio confortável esfria folhas de látex tailandês conjunto de folha de cama para o verão almofada de colchão fresco","VIDEOS 0 - 300/VIDEO 0231/Pode ser dobrado alta qualit refrigerar esteira de cama macio confortável esfria folhas de látex tailandês conjunto de folha de cama para o verão almofada de colchão fresco.mp4","608d948fb5f35a316d06db2b21c5806c58e055a81f7e817660d08fcde8ae397e","ok","17,253","1080","1920","1080x1920","vertical","30","h264","aac","2","44100","1792424","3865588",""
"VIDEOS 0 - 300-20260730T124444Z-1-001.zip","232","Rosa Verde Preto E Branco Polka-dot Tecido Prato Artefato Para Cabelo Em Rede Butterfly Twist Clip Acessórios De Com Flores","VIDEOS 0 - 300/VIDEO 0232/Rosa Verde Preto E Branco Polka-dot Tecido Prato Artefato Para Cabelo Em Rede Butterfly Twist Clip Acessórios De Com Flores.mp4","ed8ea4f16a02793d4ee7fa783ad3d300c63db27934f9bd8fb3a22664906a6f3e","ok","9,033","1080","1920","1080x1920","vertical","30","h264","aac","2","44100","1677535","1894147",""
"VIDEOS 0 - 300-20260730T124444Z-1-001.zip","233","Dispenser Giratorio p Cereais Graos Alimentos c 6 Divisorias","VIDEOS 0 - 300/VIDEO 0233/Dispenser Giratorio p Cereais Graos Alimentos c 6 Divisorias.mp4","a1d6a3af34f4c00eb297310975d8a3010da51efea198fa6678002a17efe2f89f","ok","16,742","1080","1920","1080x1920","vertical","30","h264","aac","2","44100","3357109","7025591",""
"VIDEOS 0 - 300-20260730T124444Z-1-001.zip","234","Joelheira De Compressão Articulada Com Cintas Cruzadas Tensor Articulado","VIDEOS 0 - 300/VIDEO 0234/Joelheira De Compressão Articulada Com Cintas Cruzadas Tensor Articulado.mp4","1a07309951634b04fdbfa31b3b2f18ec7ff3d55272bb0eb57d99905e2c00f5f0","ok","7,361","1080","1920","1080x1920","vertical","30","h264","aac","2","44100","3557974","3273781",""
"VIDEOS 0 - 300-20260730T124444Z-1-001.zip","235","Custom Fit Couro Car Floor Mats Para A Maioria Dos Modelos De Carro Tapete Completo Conjunto Com Logotipo Da Marca Interior Acessórios almofada de proteção","VIDEOS 0 - 300/VIDEO 0235/Custom Fit Couro Car Floor Mats Para A Maioria Dos Modelos De Carro Tapete Completo Conjunto Com Logotipo Da Marca Interior Acessórios almofada de proteção.mp4","d6ea7e0fa4af5ee14b9a532074e2837c5756a4d099ef3994a2f025ac1b25adfd","ok","16,44","1080","1920","1080x1920","vertical","30","h264","aac","2","44100","2890218","5939400",""
"VIDEOS 0 - 300-20260730T124444Z-1-001.zip","236","High-rise vidro limpeza artefato doméstico escova high-rise dupla face limpeza ferramenta especial janela externa","VIDEOS 0 - 300/VIDEO 0236/High-rise vidro limpeza artefato doméstico escova high-rise dupla face limpeza ferramenta especial janela externa.mp4","0338a2d555bc1833209d9502ca11321c14af47aa84b54b8262124b8a21d631de","ok","22,106","1080","1920","1080x1920","vertical","30","h264","aac","2","44100","2510210","6936338",""
"VIDEOS 0 - 300-20260730T124444Z-1-001.zip","237","Fivela dianteira sem rastreamento, sutiã esportivo corretivo sem costassutiã esportivo com fivela frontal","VIDEOS 0 - 300/VIDEO 0237/Fivela dianteira sem rastreamento, sutiã esportivo corretivo sem costassutiã esportivo com fivela frontal.mp4","5f5e8504ff925b568656e56931d2439aa31a0627c3bd800bb49450e4c14dd88b","ok","10,984","1080","1920","1080x1920","vertical","30","h264","aac","2","44100","1913727","2627548",""
"VIDEOS 0 - 300-20260730T124444Z-1-001.zip","238","Churrasqueira elétrica, Bife, Espeto giratório automático, máquina de grelha, fogão sem fumaça Kebab, forno assado para churrasco, panela quente, UE","VIDEOS 0 - 300/VIDEO 0238/Churrasqueira elétrica, Bife, Espeto giratório automático, máquina de grelha, fogão sem fumaça Kebab, forno assado para churrasco, panela quente, UE.mp4","5746ce9837383e915a01e6bdafcccd5c74889bdd3e4bfa4b2f0bd1c2b96576ca","ok","22,199","1080","1920","1080x1920","vertical","30","h264","aac","2","44100","2499297","6935237",""
"VIDEOS 0 - 300-20260730T124444Z-1-001.zip","239","Kit 4 Ou 8 Gancho Adesivo Para Prateleira Suporte","VIDEOS 0 - 300/VIDEO 0239/Kit 4 Ou 8 Gancho Adesivo Para Prateleira Suporte.mp4","19335a9674322003822a248eed1f2b759214a760f61ca1e782bc322af28cb353","ok","8,383","1080","1920","1080x1920","vertical","30","h264","aac","2","44100","1464182","1534280",""
"VIDEOS 0 - 300-20260730T124444Z-1-001.zip","240","Mini Maquina Costura Portátil Elétrica Pilha + Pedal Bivolt 110V 220VMini Maquina Costura Portátil Elétrica Pilha + Pedal Bivolt 110V 220V","VIDEOS 0 - 300/VIDEO 0240/Mini Maquina Costura Portátil Elétrica Pilha + Pedal Bivolt 110V 220VMini Maquina Costura Portátil Elétrica Pilha + Pedal Bivolt 110V 220V.mp4","627963e3339b832eeae0b0b38b7630c78583cbf2ef878ab62097034bbf6ecf88","ok","6,084","1080","1920","1080x1920","vertical","30","h264","aac","2","44100","4167259","3169201",""
"VIDEOS 0 - 300-20260730T124444Z-1-001.zip","241","Meias Do Bebê Com Solas De Borracha Para Crianças Sapato Chinelos Em Casa Menina Piso Anti Deslizamento Animais Primeiros Passos","VIDEOS 0 - 300/VIDEO 0241/Meias Do Bebê Com Solas De Borracha Para Crianças Sapato Chinelos Em Casa Menina Piso Anti Deslizamento Animais Primeiros Passos.mp4","ea9cddded7649e06a82c1ee5535e1d2f025a8010bfd42f01479c31f8112bd307","ok","11,773","1080","1920","1080x1920","vertical","30","h264","aac","2","44100","2776572","4086073",""
"VIDEOS 0 - 300-20260730T124444Z-1-001.zip","242","Wmuncc Short Feminino Folgado De Cintura Alta Anti-glareFitnessSecagem Rápida2 Em 1 Para TreinoCorrida","VIDEOS 0 - 300/VIDEO 0242/Wmuncc Short Feminino Folgado De Cintura Alta Anti-glareFitnessSecagem Rápida2 Em 1 Para TreinoCorrida.mp4","d3d082d7c0976300474c8164a7f4bd754ee43e129c19efb1eb72bc034d3d6f6f","ok","6,943","1080","1920","1080x1920","vertical","30","h264","aac","2","44100","3343658","2901878",""
"VIDEOS 0 - 300-20260730T124444Z-1-001.zip","243","Papel De Parede À Prova D_água-Adesivo De Óleo De Cozinha Fogo Gabinete Resistente A Altas Temperaturas D_água-Pro","VIDEOS 0 - 300/VIDEO 0243/Papel De Parede À Prova D_água-Adesivo De Óleo De Cozinha Fogo Gabinete Resistente A Altas Temperaturas D_água-Pro.mp4","cf7286804e85906d4d740b993cb3e81d973e9d906cc1f180197c9b8e3123457b","ok","5,248","1080","1920","1080x1920","vertical","30","h264","aac","2","44100","1995871","1309292",""
"VIDEOS 0 - 300-20260730T124444Z-1-001.zip","245","Mop plano com esfregão telescópico com alça giratória de 360 graus, Spin Mop para casa, Limpeza de telhas de cozinha, Cotonetes de fibra superfina","VIDEOS 0 - 300/VIDEO 0245/Mop plano com esfregão telescópico com alça giratória de 360 graus, Spin Mop para casa, Limpeza de telhas de cozinha, Cotonetes de fibra superfina.mp4","9267a065c6026836cac182c9042cddc6668f86f1432802820555c911682f025f","ok","8,638","1080","1920","1080x1920","vertical","30","h264","aac","2","44100","2052341","2216016",""
"VIDEOS 0 - 300-20260730T124444Z-1-001.zip","246","Cortador Ralador Fatiador De Legumes Vegetais Multifuncional","VIDEOS 0 - 300/VIDEO 0246/Cortador Ralador Fatiador De Legumes Vegetais Multifuncional.mp4","3746e71b4b0eb0c82b598c4b85bf3e898da74b8cdfaf0fe57b2c82e2a8bdba97","ok","20,736","1080","1920","1080x1920","vertical","30","h264","aac","2","44100","2600932","6741618",""
"VIDEOS 0 - 300-20260730T124444Z-1-001.zip","247","Enrolador de cabelo automático,profissional curling ferro ferramenta estilo","VIDEOS 0 - 300/VIDEO 0247/Enrolador de cabelo automático,profissional curling ferro ferramenta estilo.mp4","65c4186d258976a76ace483501ef3ab93b5d10475d5fd2cd40b5b54eceb4f1e3","ok","9,219","1080","1920","1080x1920","vertical","30","h264","aac","2","44100","2972502","3425438",""
"VIDEOS 0 - 300-20260730T124444Z-1-001.zip","248","Ralador Fatiador De Cenoura Mandoline Multi-Função Com FiltroCozinha E Frutas Vegetais","VIDEOS 0 - 300/VIDEO 0248/Ralador Fatiador De Cenoura Mandoline Multi-Função Com FiltroCozinha E Frutas Vegetais.mp4","834c9d00afe0edf0fcf972473e7bfc7c31a8c7e2214d413e34130c393957abed","ok","20,039","1080","1920","1080x1920","vertical","30","h264","aac","2","44100","1892091","4739453",""
"VIDEOS 0 - 300-20260730T124444Z-1-001.zip","249","Lâmpadas de parede LED de penas nórdicas modernas, arandelas de cabeceira, luminárias LED internas, quarto e sala de estar, decoração luxuosa","VIDEOS 0 - 300/VIDEO 0249/Lâmpadas de parede LED de penas nórdicas modernas, arandelas de cabeceira, luminárias LED internas, quarto e sala de estar, decoração luxuosa.mp4","63aa8e00f64337c30142740987874757404e0d74b9286504d372e9b85ec4c155","ok","6,92","1080","1920","1080x1920","vertical","30","h264","aac","2","44100","1110759","960807",""
"VIDEOS 0 - 300-20260730T124444Z-1-001.zip","250","Altura Ajustável Equipamentos Médicos Assento, Assento De Transporte Do Paciente, Cadeira De Rodas Commode","VIDEOS 0 - 300/VIDEO 0250/Altura Ajustável Equipamentos Médicos Assento, Assento De Transporte Do Paciente, Cadeira De Rodas Commode.mp4","a5a1aba56919fd196589fd5fcf523109e524a71467879ec539e5c541e0df151b","ok","15,767","1080","1920","1080x1920","vertical","30","h264","aac","2","44100","1962206","3867263",""
"VIDEOS 0 - 300-20260730T124444Z-1-001.zip","251","Escama De Peixe Pano De Limpeza De Microfibra De Polimento 1 Pcs Macio Toalha Absorverível Cozinha De Vidro Organizador","VIDEOS 0 - 300/VIDEO 0251/Escama De Peixe Pano De Limpeza De Microfibra De Polimento 1 Pcs Macio Toalha Absorverível Cozinha De Vidro Organizador.mp4","148646fe360a97c483c6946ab59f4b092656a50726db9b97733d7ef45f523bab","ok","9,776","1080","1920","1080x1920","vertical","30","h264","aac","2","44100","3099483","3787569",""
"VIDEOS 0 - 300-20260730T124444Z-1-001.zip","252","Abridor De Latas Elétrico , Automático De Segurança Para Cozinhas","VIDEOS 0 - 300/VIDEO 0252/Abridor De Latas Elétrico , Automático De Segurança Para Cozinhas.mp4","1f4ce72b97c9cb6cf63ac001bca2ece93b2010561db5abf6e2b03a642b580bc3","ok","13,352","1080","1920","1080x1920","vertical","30","h264","aac","2","44100","2195605","3664466",""
"VIDEOS 0 - 300-20260730T124444Z-1-001.zip","253","ANTIONE Cobertor Temporizador Multi-Funções Temperatura Ajustável Flanela De Febre Rápida Material Macio Elétrico","VIDEOS 0 - 300/VIDEO 0253/ANTIONE Cobertor Temporizador Multi-Funções Temperatura Ajustável Flanela De Febre Rápida Material Macio Elétrico.mp4","10ab9e25c79084d30c441c4bb0e152c7168dfe49366377bbf04a88d7390ee0f0","ok","8,592","1080","1920","1080x1920","vertical","30","h264","aac","2","44100","2552229","2741094",""
"VIDEOS 0 - 300-20260730T124444Z-1-001.zip","254","Carteira Com Zíper Para iPhone 14 13 12 Pro Max 14 Plus Capa Alça Cartão Suporte De Couro Transversal","VIDEOS 0 - 300/VIDEO 0254/Carteira Com Zíper Para iPhone 14 13 12 Pro Max 14 Plus Capa Alça Cartão Suporte De Couro Transversal.mp4","b56ab3d1c652a849fb6acc8a07c4778ca896fba4aebd62669b1cc2b03d71bb09","ok","6,316","1080","1920","1080x1920","vertical","30","h264","aac","2","44100","2826519","2231537",""
"VIDEOS 0 - 300-20260730T124444Z-1-001.zip","255","4 Em 1 Suporte De Celular Multifuncional Antiderrapante Com Rotação 360 Para CarroInstrumentos","VIDEOS 0 - 300/VIDEO 0255/4 Em 1 Suporte De Celular Multifuncional Antiderrapante Com Rotação 360 Para CarroInstrumentos.mp4","1ad8340b8fa45331126c12a8c617e60428cc72058df6c5c2e4b004099cdba03e","ok","19,807","1080","1920","1080x1920","vertical","30","h264","aac","2","44100","2093886","5184202",""
"VIDEOS 0 - 300-20260730T124444Z-1-001.zip","256","Suporte Para Cama E Mesa Articulado Universal Ptablet E Cel","VIDEOS 0 - 300/VIDEO 0256/Suporte Para Cama E Mesa Articulado Universal Ptablet E Cel.mp4","f42052294398328cc3bdbd5041f2fa84ca7cdd72fabbaa94bdfd094f4f93b51c","ok","14,002","1080","1920","1080x1920","vertical","30","h264","aac","2","44100","2514963","4401815",""
"VIDEOS 0 - 300-20260730T124444Z-1-001.zip","257","Fita Adesiva À Prova D_água Reparo De Telhado De Parede Resistente A Altas Temperaturas Fixação De Piscinas","VIDEOS 0 - 300/VIDEO 0257/Fita Adesiva À Prova D_água Reparo De Telhado De Parede Resistente A Altas Temperaturas Fixação De Piscinas.mp4","9e0912439c9121fbfbe94315201223ddb580dea25a10d79306ae375b42aa0366","ok","21,688","1080","1920","1080x1920","vertical","30","h264","aac","2","44100","4061503","11010736",""
"VIDEOS 0 - 300-20260730T124444Z-1-001.zip","258","[LK] Chapéu De Inverno Mulher Carta Proteção Das Orelhas Cor Sólida Botões De Bola De Pelúcia Decoração Feijão Cachecol Desgaste Diário","VIDEOS 0 - 300/VIDEO 0258/[LK] Chapéu De Inverno Mulher Carta Proteção Das Orelhas Cor Sólida Botões De Bola De Pelúcia Decoração Feijão Cachecol Desgaste Diário.mp4","57f67b8cbf22cd9e7b7884feb21e87e8698d11837ffaac097727dba402e276ff","ok","7,849","1080","1920","1080x1920","vertical","30","h264","aac","2","44100","5366983","5265682",""
"VIDEOS 0 - 300-20260730T124444Z-1-001.zip","259","Lâminas de agulha ultra afiadas de aço inoxidável, amaciador de carne, cozinhar ferramenta para amaciar, marinada, churrasco, sabor, maximizador, 48","VIDEOS 0 - 300/VIDEO 0259/Lâminas de agulha ultra afiadas de aço inoxidável, amaciador de carne, cozinhar ferramenta para amaciar, marinada, churrasco, sabor, maximizador, 48.mp4","888806df7d6c86ad3a0a5cf9dc1778c6474963504afb2194eb5850872eb53fc7","ok","6,781","1080","1920","1080x1920","vertical","30","h264","aac","2","44100","2422855","2053673",""
"VIDEOS 0 - 300-20260730T124444Z-1-001.zip","260","Balança de Bagagem Gancho Digital 50Kg Portátil","VIDEOS 0 - 300/VIDEO 0260/Balança de Bagagem Gancho Digital 50Kg Portátil.mp4","f48e0fc99415a52128c6e5d54124dfc6244e4396c8b2df34d8cc5a486a9c0b0e","ok","8,824","1080","1920","1080x1920","vertical","30","h264","aac","2","44100","2803273","3092011",""
"VIDEOS 0 - 300-20260730T124444Z-1-001.zip","261","Saco De Tempero De Parede Especiarias Vedação","VIDEOS 0 - 300/VIDEO 0261/Saco De Tempero De Parede Especiarias Vedação.mp4","1970b03fb407ed972fc086d5fb9362542bdeb120691b825e08a32cd1a62f1e41","ok","9,265","1080","1920","1080x1920","vertical","30","h264","aac","2","44100","2939570","3404390",""
"VIDEOS 0 - 300-20260730T124444Z-1-001.zip","262","sutiã sem costura Sexy Feminino sutia adesivo Invisível ZXYOUPING","VIDEOS 0 - 300/VIDEO 0262/sutiã sem costura Sexy Feminino sutia adesivo Invisível ZXYOUPING.mp4","2762141f225bc1642b502efe604665f7316effa76752d86dde5160d74338038a","ok","6,572","1080","1920","1080x1920","vertical","30","h264","aac","2","44100","975533","801401",""
"VIDEOS 0 - 300-20260730T124444Z-1-001.zip","263","Multi-função cremalheira da máquina de lavar louça, cremalheira do prato, dreno, armário, porta, pia, bancada, armazenamento do prato","VIDEOS 0 - 300/VIDEO 0263/Multi-função cremalheira da máquina de lavar louça, cremalheira do prato, dreno, armário, porta, pia, bancada, armazenamento do prato.mp4","3de64b5e9b4123baae38dc7636cdf79ea26ad53472ba27b9d830d377cd080262","ok","18,716","1080","1920","1080x1920","vertical","30","h264","aac","2","44100","2072223","4847967",""
"VIDEOS 0 - 300-20260730T124444Z-1-001.zip","264","1meias De Barco Invisíveis De Verão Meias De Silicone Sem Escorregamento Para Sapatos De Salto Alto Finas De Seda De Gelo Meio-Palma","VIDEOS 0 - 300/VIDEO 0264/1meias De Barco Invisíveis De Verão Meias De Silicone Sem Escorregamento Para Sapatos De Salto Alto Finas De Seda De Gelo Meio-Palma.mp4","d49ff8b8ecf6e3520e1aaa4dfc41be3b9945191bebb38b9bbbf2425a5fa01e0f","ok","12,702","1080","1920","1080x1920","vertical","30","h264","aac","2","44100","2733068","4339429",""
"VIDEOS 0 - 300-20260730T124444Z-1-001.zip","265","Lanterna com Ventilador Portátil Acampamento 2 em 1 Recarregável e Carregamento Solar Ventilador GSH9299","VIDEOS 0 - 300/VIDEO 0265/Lanterna com Ventilador Portátil Acampamento 2 em 1 Recarregável e Carregamento Solar Ventilador GSH9299.mp4","3e84d9caae4e2a265260e7279fd90cd3ecc1f7ee6731a69ef0dc487f7c06a9f8","ok","8,824","1080","1920","1080x1920","vertical","30","h264","aac","2","44100","2647696","2920409",""
"VIDEOS 0 - 300-20260730T124444Z-1-001.zip","266","Lanterna 90 Graus Led + Cob Recarregavel Usb Ima Magnetico","VIDEOS 0 - 300/VIDEO 0266/Lanterna 90 Graus Led + Cob Recarregavel Usb Ima Magnetico.mp4","695b915a5103bf9b71c266b11e47a1860c1f0f912f73e65b7574a4eb276ce40b","ok","19,668","1080","1920","1080x1920","vertical","30","h264","aac","2","44100","1933572","4753687",""
"VIDEOS 0 - 300-20260730T124444Z-1-001.zip","267","Topmount aço inoxidável cachoeira pia para cozinha, Grande slot único, lavatório, torneira de toque multifunções","VIDEOS 0 - 300/VIDEO 0267/Topmount aço inoxidável cachoeira pia para cozinha, Grande slot único, lavatório, torneira de toque multifunções.mp4","8155c7d20ae3cf224a3129cc42a29e2d0804da58588cb7988069708567ecc8a0","ok","39,196","1080","1920","1080x1920","vertical","30","h264","aac","2","44100","2845893","13943454",""
"VIDEOS 0 - 300-20260730T124444Z-1-001.zip","268","Bacia Flip Drain Banheiro De Drenagem Afundamento ABS Bottle Trap With Black Pipe Drains Kit Filtro Desodorante Antibloqueio Do Lavatório","VIDEOS 0 - 300/VIDEO 0268/Bacia Flip Drain Banheiro De Drenagem Afundamento ABS Bottle Trap With Black Pipe Drains Kit Filtro Desodorante Antibloqueio Do Lavatório.mp4","71707b2f395ac4f4482cefea24f885e2e145529b7d83548a8233604db4bf3142","ok","74,142","1080","1920","1080x1920","vertical","30","h264","aac","2","44100","2000294","18538232",""
"VIDEOS 0 - 300-20260730T124444Z-1-001.zip","269","Bolsa Tiracolo Feminina De Ombro Multicamadas De Grande Capacidade","VIDEOS 0 - 300/VIDEO 0269/Bolsa Tiracolo Feminina De Ombro Multicamadas De Grande Capacidade.mp4","423070bf6914938957c1321763bd2857af8e7a7c9dbbfee3d1dfe8ae44483d62","ok","8,29","1080","1920","1080x1920","vertical","30","h264","aac","2","44100","2354219","2439560",""
"VIDEOS 0 - 300-20260730T124444Z-1-001.zip","270","Paleta de sombras de cinco cores ROTO mini 5 lantejoulas coloridas fosco perolado brilhante, durável e adequado para cosméticos de sombra de grade de cinco gongos à prova d_água","VIDEOS 0 - 300/VIDEO 0270/Paleta de sombras de cinco cores ROTO mini 5 lantejoulas coloridas fosco perolado brilhante, durável e adequado para cosméticos de sombra de grade de cinco gongos à prova d_água.mp4","697f591ddc9a4609ab8f2bfb20b0c7515d918cd53544bc5b4d50143aeddf9db5","ok","24,451","1080","1920","1080x1920","vertical","30","h264","aac","2","44100","1422891","4348889",""
"VIDEOS 0 - 300-20260730T124444Z-1-001.zip","271","Ace Aço Inoxidável Secagem Dobrável Rack Metal Pendurador Organização Do Cabide","VIDEOS 0 - 300/VIDEO 0271/Ace Aço Inoxidável Secagem Dobrável Rack Metal Pendurador Organização Do Cabide.mp4","96f2b3cd13df3b6b5e19314e4aa32dc0a8eaeb523ab20af8631305f5dbe0954e","ok","10,705","1080","1920","1080x1920","vertical","30","h264","aac","2","44100","2695391","3606771",""
"VIDEOS 0 - 300-20260730T124444Z-1-001.zip","272","Cinta Modeladora Short Afina Cintura 4 Barbatanas","VIDEOS 0 - 300/VIDEO 0272/Cinta Modeladora Short Afina Cintura 4 Barbatanas.mp4","2a1f7fb93f79573b083efd82fc77841fecff0e4fa71d31f6ddc4c39949ffacdd","ok","10,31","1080","1920","1080x1920","vertical","30","h264","aac","2","44100","2383428","3071643",""
"VIDEOS 0 - 300-20260730T124444Z-1-001.zip","273","Saltos altos de couro envernizado para mulheres, bombas de metal, sapatos de senhora do escritório, sapatos de barco, ol, 8939N","VIDEOS 0 - 300/VIDEO 0273/Saltos altos de couro envernizado para mulheres, bombas de metal, sapatos de senhora do escritório, sapatos de barco, ol, 8939N.mp4","b1f18ba0464d24288dbf3b6810a0f13f066f03a36486d9421c241d2363267ec7","ok","7,57","1080","1920","1080x1920","vertical","30","h264","aac","2","44100","2246777","2126013",""
"VIDEOS 0 - 300-20260730T124444Z-1-001.zip","274","Armário de armazenamento dobrável com ímã móvel, organizadores empilháveis do armazenamento, mobília home, prateleiras da sala de estar","VIDEOS 0 - 300/VIDEO 0274/Armário de armazenamento dobrável com ímã móvel, organizadores empilháveis do armazenamento, mobília home, prateleiras da sala de estar.mp4","57824fb97f19c573725f0c42a2238ec39af8e7ff8131aaa72397f282317eb267","ok","18,925","1080","1920","1080x1920","vertical","30","h264","aac","2","44100","2415600","5714406",""
"VIDEOS 0 - 300-20260730T124444Z-1-001.zip","275","Suporte De Metal Para Galão Água Mineral Com Válvula Dosador bico Destacável Balcão dispenser Mesa Cozinha","VIDEOS 0 - 300/VIDEO 0275/Suporte De Metal Para Galão Água Mineral Com Válvula Dosador bico Destacável Balcão dispenser Mesa Cozinha.mp4","33da3461f5feef0072de5546bb071d6ab0b3e3ec82ab2a1c2ce7720f1587f113","ok","12,632","1080","1920","1080x1920","vertical","30","h264","aac","2","44100","1897487","2996132",""
"VIDEOS 0 - 300-20260730T124444Z-1-001.zip","276","304 fogão de pressão de aço inoxidável, fogão a gás doméstico, fogão de indução, fundo duplo à prova de explosão geral, grande capacidade","VIDEOS 0 - 300/VIDEO 0276/304 fogão de pressão de aço inoxidável, fogão a gás doméstico, fogão de indução, fundo duplo à prova de explosão geral, grande capacidade.mp4","2fe7f01578da8c472db45a4fb1104996c71f7f993ba37e5cebdd1a857d059003","ok","11,193","1080","1920","1080x1920","vertical","30","h264","aac","2","44100","1253546","1753868",""
"VIDEOS 0 - 300-20260730T124444Z-1-001.zip","277","Kit Com 6 Cercas Plásticas Decorativas Para JardimCanteiro De Casas ou Apartamentos (2.4m)","VIDEOS 0 - 300/VIDEO 0277/Kit Com 6 Cercas Plásticas Decorativas Para JardimCanteiro De Casas ou Apartamentos (2.4m).mp4","d2daa0e0ebee7870f29076ba2d5b3350fac141749b641caee67f246459ed9989","ok","9,288","1080","1920","1080x1920","vertical","30","h264","aac","2","44100","3209539","3726275",""
"VIDEOS 0 - 300-20260730T124444Z-1-001.zip","278","Sofá Poltrona Descanso Portátil Inflável Ultra Lounge","VIDEOS 0 - 300/VIDEO 0278/Sofá Poltrona Descanso Portátil Inflável Ultra Lounge.mp4","a2c1c90e004394bd1725448d696729314b15264d2d61c9ad9f9050b5cabbeaea","ok","11,053","1080","1920","1080x1920","vertical","30","h264","aac","2","44100","2039627","2818001",""
"VIDEOS 0 - 300-20260730T124444Z-1-001.zip","279","2021 3d móvel impressora do prego m1 padrão digital máquina de impressora da arte do prego o2nails h1 portátil equipamento da arte do prego do telefone","VIDEOS 0 - 300/VIDEO 0279/2021 3d móvel impressora do prego m1 padrão digital máquina de impressora da arte do prego o2nails h1 portátil equipamento da arte do prego do telefone.mp4","44d5ef35a07835d156746ce7b273db7521a88af14563420d09b9b0b1987ddfdb","ok","15,767","1080","1920","1080x1920","vertical","30","h264","aac","2","44100","1341964","2644845",""
"VIDEOS 0 - 300-20260730T124444Z-1-001.zip","280","Meias De Silicone Gel Hidratante Anti Rachadura Barco","VIDEOS 0 - 300/VIDEO 0280/Meias De Silicone Gel Hidratante Anti Rachadura Barco.mp4","e5fb7fb5d3841bb27b3b3397ebbd63b0f59ad00e8e2f643a11f3bbf054c5c497","ok","8,058","1080","1920","1080x1920","vertical","30","h264","aac","2","44100","2315343","2332130",""
"VIDEOS 0 - 300-20260730T124444Z-1-001.zip","281","Sutiã Top academia  top alto impacto","VIDEOS 0 - 300/VIDEO 0281/Sutiã Top academia  top alto impacto.mp4","eaf38467b92df5cc9bd3c1dbe29455e629a26a2e1058767a8c76e8d72a92ac92","ok","13,77","1080","1920","1080x1920","vertical","30","h264","aac","2","44100","1926781","3316472",""
"VIDEOS 0 - 300-20260730T124444Z-1-001.zip","282","Estantes nórdicos do ferro forjado com porta de vidro, armário de exposição, prateleira simples, estantes home da sala, armazenamento do quarto","VIDEOS 0 - 300/VIDEO 0282/Estantes nórdicos do ferro forjado com porta de vidro, armário de exposição, prateleira simples, estantes home da sala, armazenamento do quarto.mp4","f78360b4b11f54ca500e0724fd33883074aa0ff3f7f1c2a27de3f3b97df83693","ok","16,533","1080","1920","1080x1920","vertical","30","h264","aac","2","44100","1574733","3254384",""
"VIDEOS 0 - 300-20260730T124444Z-1-001.zip","283","Escova de dentes em forma de U de 360 graus para crianças, bebê infantil 2-6-12 anos, Escova macia em forma de U para crianças","VIDEOS 0 - 300/VIDEO 0283/Escova de dentes em forma de U de 360 graus para crianças, bebê infantil 2-6-12 anos, Escova macia em forma de U para crianças.mp4","806ebe5985fb84eb2fd4c0757d331aa83992acff42c7d72798d287bcb514dcba","ok","6,316","1080","1920","1080x1920","vertical","30","h264","aac","2","44100","3186278","2515567",""
"VIDEOS 0 - 300-20260730T124444Z-1-001.zip","284","Bolsa Tiracolo  De Mão De Tecido De Cor Lisa Com Um Ombro","VIDEOS 0 - 300/VIDEO 0284/Bolsa Tiracolo  De Mão De Tecido De Cor Lisa Com Um Ombro.mp4","eb49b5b215dcc337a2f7084f449562865b07d90c73397c4ee9fc87b19cda0551","ok","15,929","1080","1920","1080x1920","vertical","30","h264","aac","2","44100","3873850","7713321",""
"VIDEOS 0 - 300-20260730T124444Z-1-001.zip","285","Outono E Inverno Amamentação Grávida Com Capuz Feminina Manga Comprida Dew Meia-Pescoço Camisola","VIDEOS 0 - 300/VIDEO 0285/Outono E Inverno Amamentação Grávida Com Capuz Feminina Manga Comprida Dew Meia-Pescoço Camisola.mp4","67e380b2426200e1b365a8c2d1b73fdb70b844a510c159931e946018a2692f50","ok","9,242","1080","1920","1080x1920","vertical","30","h264","aac","2","44100","1943902","2245693",""
"VIDEOS 0 - 300-20260730T124444Z-1-001.zip","286","Multi-Funcional Iron Flower Rack, Piso Varanda e sala de estar, pequeno volume, ferro fino, alta resistência","VIDEOS 0 - 300/VIDEO 0286/Multi-Funcional Iron Flower Rack, Piso Varanda e sala de estar, pequeno volume, ferro fino, alta resistência.mp4","1c656f5ef075d35b8a704d4dfefb3beca7cd31a23eb17ef6757963102f8ca4fa","ok","13,282","1080","1920","1080x1920","vertical","30","h264","aac","2","44100","1960631","3255138",""
"VIDEOS 0 - 300-20260730T124444Z-1-001.zip","287","DS11545 Massageador Elétrico Profissional Muscular Pistola Portátil Original Massagem","VIDEOS 0 - 300/VIDEO 0287/DS11545 Massageador Elétrico Profissional Muscular Pistola Portátil Original Massagem.mp4","838c351a434b45707f75543a20d73d2472eb93e5af1c5e74e4eeb1fa825ec64b","ok","5,968","1080","1920","1080x1920","vertical","30","h264","aac","2","44100","1314463","980590",""
"VIDEOS 0 - 300-20260730T124444Z-1-001.zip","288","Eco-friendly antiaderente café da manhã frigideira grill pan multi-função omlette pan terno para indução com anti-calor lidar com 26cm","VIDEOS 0 - 300/VIDEO 0288/Eco-friendly antiaderente café da manhã frigideira grill pan multi-função omlette pan terno para indução com anti-calor lidar com 26cm.mp4","c18d4ad181554468bef08862cdf52dc89f7277bf5162cbcb0187e52d8dc4810e","ok","5,248","1080","1920","1080x1920","vertical","30","h264","aac","2","44100","2307783","1513906",""
"VIDEOS 0 - 300-20260730T124444Z-1-001.zip","289","2022 Sandálias Gladiador Mulher De Salto Alto Cabeça Aberta sexy Rebite Calcanhar Bloco Sapatos De Plataforma De Verão De Volta zip Tamanho 35-40 Femininas","VIDEOS 0 - 300/VIDEO 0289/2022 Sandálias Gladiador Mulher De Salto Alto Cabeça Aberta sexy Rebite Calcanhar Bloco Sapatos De Plataforma De Verão De Volta zip Tamanho 35-40 Femininas.mp4","ae4aa06ad3d07691b662c3852d2bf037ff5db63f9b3d6a1c442d783e8a8fc4c6","ok","8,406","1080","1920","1080x1920","vertical","30","h264","aac","2","44100","2353444","2472882",""
"VIDEOS 0 - 300-20260730T124444Z-1-001.zip","290","ALSTON-Projetor Portátil Full HD LED, Bluetooth, Android, Wi-Fi, compatível com HDMI, USB, Cinema Beamer, 8000Lumens, 1080P, BH908","VIDEOS 0 - 300/VIDEO 0290/ALSTON-Projetor Portátil Full HD LED, Bluetooth, Android, Wi-Fi, compatível com HDMI, USB, Cinema Beamer, 8000Lumens, 1080P, BH908.mp4","f30fb716886813c711a7e9246f9c1d8578ecefd992af7a4b8b4889f46028c3be","ok","8,058","1080","1920","1080x1920","vertical","30","h264","aac","2","44100","3595732","3621802",""
"VIDEOS 0 - 300-20260730T124444Z-1-001.zip","291","Nova Moda Relógios De Parede De Quartzo 3D Real Grande RelógioDIY Sala De Estar Decoração Espelho Adesivo","VIDEOS 0 - 300/VIDEO 0291/Nova Moda Relógios De Parede De Quartzo 3D Real Grande RelógioDIY Sala De Estar Decoração Espelho Adesivo.mp4","60c5af6d4c601644e5fc48622b04461806bf80aedd306b39f92b24c3d63b085f","ok","10,473","1080","1920","1080x1920","vertical","30","h264","aac","2","44100","1457088","1907511",""
"VIDEOS 0 - 300-20260730T124444Z-1-001.zip","292","Travesseiro De Casal Almofada Casal Novo Estilo Almofada de Pressão Memória Rebote Lento Almofada Anti-paralisia das Mãos","VIDEOS 0 - 300/VIDEO 0292/Travesseiro De Casal Almofada Casal Novo Estilo Almofada de Pressão Memória Rebote Lento Almofada Anti-paralisia das Mãos.mp4","441d072a7a6fe68c4e5f489c9114e08c068d98e6a9fd97fe7b3cc45fb450dee7","ok","8,638","1080","1920","1080x1920","vertical","30","h264","aac","2","44100","1754569","1894496",""
"VIDEOS 0 - 300-20260730T124444Z-1-001.zip","293","PROMOÇÃO Suporte Veicular Viseira Para Carro 360 Graus Para Celular Do Telefone Da Mão Espelho Retrovisor Carro Universal Multifuncional","VIDEOS 0 - 300/VIDEO 0293/PROMOÇÃO Suporte Veicular Viseira Para Carro 360 Graus Para Celular Do Telefone Da Mão Espelho Retrovisor Carro Universal Multifuncional.mp4","6d23e260fa43c6f4349f99ebe26618fb7c870a3fb67fe6a73937d16c5a642169","ok","9,799","1080","1920","1080x1920","vertical","30","h264","aac","2","44100","2521772","3088856",""
"VIDEOS 0 - 300-20260730T124444Z-1-001.zip","294","Calça Feminina Viscolycra com Bolso Lisa Básica","VIDEOS 0 - 300/VIDEO 0294/Calça Feminina Viscolycra com Bolso Lisa Básica.mp4","4e2ded3f08eaafba270db15d29ca93715e4b20f38bec23be5505972cf4bd451b","ok","7,663","1080","1920","1080x1920","vertical","30","h264","aac","2","44100","3868909","3705932",""
"VIDEOS 0 - 300-20260730T124444Z-1-001.zip","295","Varal De Parede Retrátil Fio Aço Inoxidável Suporta Até 20kg","VIDEOS 0 - 300/VIDEO 0295/Varal De Parede Retrátil Fio Aço Inoxidável Suporta Até 20kg.mp4","ee1b1c1c91afe449a450ace6f0a6cbf4ea9a45cf2efb854cd7c0cef2866f7af0","ok","10,821","1080","1920","1080x1920","vertical","30","h264","aac","2","44100","1740200","2353839",""
"VIDEOS 0 - 300-20260730T124444Z-1-001.zip","296","Manual Clip Massageador Cervical Coluna Ombro De Desbloqueador Rolo De Massagem Multifuncional De Pescoço Corporal De","VIDEOS 0 - 300/VIDEO 0296/Manual Clip Massageador Cervical Coluna Ombro De Desbloqueador Rolo De Massagem Multifuncional De Pescoço Corporal De.mp4","f5603aecb771420a1c74f6e5389b5f377e91cdb7b6a8afb6c03ee8a1273bcb53","ok","10,96","1080","1920","1080x1920","vertical","30","h264","aac","2","44100","1587626","2175048",""
"VIDEOS 0 - 300-20260730T124444Z-1-001.zip","297","Mini Fonte De Bebedouro Hello Kitty De Mesa","VIDEOS 0 - 300/VIDEO 0297/Mini Fonte De Bebedouro Hello Kitty De Mesa.mp4","02d79464d96a85941550d3063347f2849d9cdd0340dd4bbb19eb3f7f7c86dfa0","ok","9,358","1080","1920","1080x1920","vertical","30","h264","aac","2","44100","1931605","2259496",""
"VIDEOS 0 - 300-20260730T124444Z-1-001.zip","298","Fio Dental Palito P Higiene Bucal Descartável 88 Unidades","VIDEOS 0 - 300/VIDEO 0298/Fio Dental Palito P Higiene Bucal Descartável 88 Unidades.mp4","f868e4a0db39df3efa9edc37e1df8e70c4a74d41a5c118792520cc69e36aaa13","ok","11,773","1080","1920","1080x1920","vertical","30","h264","aac","2","44100","1681035","2473854",""
"VIDEOS 0 - 300-20260730T124444Z-1-001.zip","299","Botas de neve de couro sintético para mulheres, inverno quente, tamanho 40","VIDEOS 0 - 300/VIDEO 0299/Botas de neve de couro sintético para mulheres, inverno quente, tamanho 40.mp4","fccb9c38509425107f0b62bbd09762dfb6ea07a7c995b26d39dba7fea55a1f15","ok","8,313","1080","1920","1080x1920","vertical","30","h264","aac","2","44100","2122601","2205648",""
"VIDEOS 0 - 300-20260730T124444Z-1-001.zip","300","Berço Portátil com Mosquiteiro Sleep até 15Kgs Colorê Voyage","VIDEOS 0 - 300/VIDEO 0300/Berço Portátil com Mosquiteiro Sleep até 15Kgs Colorê Voyage.mp4","5391348e04ceef43ed65938cbc95c1372c09ea787b86a179abb826ec90157ce3","ok","17,601","1080","1920","1080x1920","vertical","30","h264","aac","2","44100","2448171","5386284",""
"VIDEOS 600-900-20260730T124525Z-1-001.zip","601","Mini Processador de Alimentos Triturador Alho Eletrico Sem Fio USB Knup KP-UD103","VIDEOS 600-900/VIDEO 0601/Mini Processador de Alimentos Triturador Alho Eletrico Sem Fio USB Knup KP-UD103.mp4","43efe482a58cde9675487a2eca44e651be0087dde5c096fd2a556b1c1e1afeac","ok","8,289","720","1280","720x1280","vertical","30","h264","aac","2","44100","1869844","1937393",""
"VIDEOS 600-900-20260730T124525Z-1-001.zip","602","(Meifuyi) Filtro De Torneira De Refrigerante  Cotofrafar Para Beber Água  Dispensador De Bebida  Festa  Fm","VIDEOS 600-900/VIDEO 0602/(Meifuyi) Filtro De Torneira De Refrigerante  Cotofrafar Para Beber Água  Dispensador De Bebida  Festa  Fm.mp4","63a33aa031914647809169bf3dbfadeb5eb3b0ba2aa0643ab8430bf6fca01fb9","ok","8,823","720","1280","720x1280","vertical","30","h264","aac","2","44100","1458842","1608921",""
"VIDEOS 600-900-20260730T124525Z-1-001.zip","603","Panela De Cozimento Elétrica Multifuncional 110V220V Dormitório Elétrico Wok De 600W Pote Anti-Aderente Baixo Potência Noodle CNEUReino UnidoUS Plug","VIDEOS 600-900/VIDEO 0603/Panela De Cozimento Elétrica Multifuncional 110V220V Dormitório Elétrico Wok De 600W Pote Anti-Aderente Baixo Potência Noodle CNEUReino UnidoUS Plug.mp4","039d53a507cc6569ea0e6f6ac9515de8fd839df2c45dd6e0f758379045840c9e","ok","15,765","720","1280","720x1280","vertical","30","h264","aac","2","44100","1760106","3468509",""
"VIDEOS 600-900-20260730T124525Z-1-001.zip","604","1 Pc Tuya Cortina Inteligente Bt Motor Interruptor De Controle De Voz Cortina Elétrica Robô App Controle Temporizador Configuração Compatível Com Alexa","VIDEOS 600-900/VIDEO 0604/1 Pc Tuya Cortina Inteligente Bt Motor Interruptor De Controle De Voz Cortina Elétrica Robô App Controle Temporizador Configuração Compatível Com Alexa.mp4","b6a564880289d3ef54fc98410bee845dbabc21199c813f540d064139b39c1116","ok","15,765","720","1280","720x1280","vertical","30","h264","aac","2","48000","1190625","2346277",""
"VIDEOS 600-900-20260730T124525Z-1-001.zip","605","BOZZH-Placa Multifuncional De Queijo De Bambu, Bandeja De Pizza De Pão, Placa De Charcutaria, Ferramentas De Cozinha, Prato De Jantar","VIDEOS 600-900/VIDEO 0605/BOZZH-Placa Multifuncional De Queijo De Bambu, Bandeja De Pizza De Pão, Placa De Charcutaria, Ferramentas De Cozinha, Prato De Jantar.mp4","570088f4897684def9f7d6044fe2bd4d90d52300e4dc799144ffac77c70694cc","ok","29,976","720","1280","720x1280","vertical","30","h264","aac","2","44100","1242546","4655821",""
"VIDEOS 600-900-20260730T124525Z-1-001.zip","606","Espelho de Maquiagem Dobrável com Luz LED, Vaidade Desktop, 3 Luzes Tone, Ampliação 2X, 360 ° Ajustável, Recarregável, 3X","VIDEOS 600-900/VIDEO 0606/Espelho de Maquiagem Dobrável com Luz LED, Vaidade Desktop, 3 Luzes Tone, Ampliação 2X, 360 ° Ajustável, Recarregável, 3X.mp4","dd08c3b224752390cf84a64f05bb6c6d9e32816ba4abb5cb868b39361561d5be","ok","11,214","720","1280","720x1280","vertical","30","h264","aac","2","44100","1876116","2629846",""
"VIDEOS 600-900-20260730T124525Z-1-001.zip","607","120W 6A Carregamento Super Rápido 180 ° Cabo De Carga Super Rápida Rotativo Silicone Líquido Para Carregador De Jogo Móvel Tipo C Xiaomi iPhone 13 pro 14","VIDEOS 600-900/VIDEO 0607/120W 6A Carregamento Super Rápido 180 ° Cabo De Carga Super Rápida Rotativo Silicone Líquido Para Carregador De Jogo Móvel Tipo C Xiaomi iPhone 13 pro 14.mp4","ae526f51336db0e260fd2587d06d929ea7ba3f71d53fd5dba5764528f329eb2b","ok","19,457","720","1280","720x1280","vertical","30","h264","aac","2","44100","1517854","3691611",""
"VIDEOS 600-900-20260730T124525Z-1-001.zip","608","Guarda Chuva Automático Preto Tecido Duplo Grande Reforçado","VIDEOS 600-900/VIDEO 0608/Guarda Chuva Automático Preto Tecido Duplo Grande Reforçado.mp4","02f5c5dda26732b4e30df4a7687623a4be43105724be42ad994d0472021aec18","ok","9,937","720","1280","720x1280","vertical","30","h264","aac","2","44100","2753785","3420546",""
"VIDEOS 600-900-20260730T124525Z-1-001.zip","609","Cozinha cremalheira bancada forno de microondas integrado fogão arroz eletrodoméstico prateleira armazenamento desktop fogão","VIDEOS 600-900/VIDEO 0609/Cozinha cremalheira bancada forno de microondas integrado fogão arroz eletrodoméstico prateleira armazenamento desktop fogão.mp4","db5d6be3f2efa3cdf6f6392880d1ab4ec516596fe5c8363a6e04993f03640a3e","ok","15,115","720","1280","720x1280","vertical","30","h264","aac","2","44100","1005695","1900135",""
"VIDEOS 600-900-20260730T124525Z-1-001.zip","610","Novas Mulheres De Cintura Alta Barriga Segurando Gordura Quente Pelvis Correção Moldar CalcinhaSenhoras Respirável Shaper Do CorpoQualidade Confortável Emagrecimento Cueca Breve","VIDEOS 600-900/VIDEO 0610/Novas Mulheres De Cintura Alta Barriga Segurando Gordura Quente Pelvis Correção Moldar CalcinhaSenhoras Respirável Shaper Do CorpoQualidade Confortável Emagrecimento Cueca Breve.mp4","1621f40c89f005a179e0fb6206b1a8f02ca5c1575db312a60a9acf62602dff14","ok","11,772","720","1280","720x1280","vertical","30","h264","aac","2","44100","2691184","3960078",""
"VIDEOS 600-900-20260730T124525Z-1-001.zip","611","【 Ready Stock 】 Bidet Conjunto De Torneiras De Uso Duplo Torneira De Banheiro Latão Cinza Montado Na Parede Pistola De Alta Pressão","VIDEOS 600-900/VIDEO 0611/【 Ready Stock 】 Bidet Conjunto De Torneiras De Uso Duplo Torneira De Banheiro Latão Cinza Montado Na Parede Pistola De Alta Pressão.mp4","116ee3ef721d839ab1449026987ce5f27781504efdee69dbfe488dad89416efb","ok","21,973","720","1280","720x1280","vertical","30","h264","aac","2","48000","1372879","3770784",""
"VIDEOS 600-900-20260730T124525Z-1-001.zip","612","【 Ready Stock 】 Bidet Conjunto De Torneiras De Uso Duplo Torneira De Banheiro Latão Cinza Montado Na Parede Pistola De Alta Pressão","VIDEOS 600-900/VIDEO 0612/【 Ready Stock 】 Bidet Conjunto De Torneiras De Uso Duplo Torneira De Banheiro Latão Cinza Montado Na Parede Pistola De Alta Pressão.mp4","116ee3ef721d839ab1449026987ce5f27781504efdee69dbfe488dad89416efb","ok","21,973","720","1280","720x1280","vertical","30","h264","aac","2","48000","1372879","3770784",""
"VIDEOS 600-900-20260730T124525Z-1-001.zip","613","Mosquiteiro Para Berço Portátil Multifuncional Dobrável De Bebê","VIDEOS 600-900/VIDEO 0613/Mosquiteiro Para Berço Portátil Multifuncional Dobrável De Bebê.mp4","da2308ae5ef24e615c42828e84b01efe10cc55808fb24c7c5cd52e8fb9309b15","ok","7,871","720","1280","720x1280","vertical","30","h264","aac","2","44100","1455248","1431783",""
"VIDEOS 600-900-20260730T124525Z-1-001.zip","614","Fritadeira sem Óleo Britânia Air Fryer Oven BFR2100P, 12 Litros, 2 em 1, Preta - 127v","VIDEOS 600-900/VIDEO 0614/Fritadeira sem Óleo Britânia Air Fryer Oven BFR2100P, 12 Litros, 2 em 1, Preta - 127v.mp4","3321e885f3d80fdf4456041755573c4e80ff504b75108ba1c406b7f0f8fad265","ok","12,565","720","1280","720x1280","vertical","30","h264","aac","2","48000","1622585","2548474",""
"VIDEOS 600-900-20260730T124525Z-1-001.zip","615","Mini Lixeira Retratil Silicone Cesto Dobravel Multiuso Para Pendurar Portatil Cozinha 1.5L","VIDEOS 600-900/VIDEO 0615/Mini Lixeira Retratil Silicone Cesto Dobravel Multiuso Para Pendurar Portatil Cozinha 1.5L.mp4","b14f4ea7d50b6bb0b55620bb22c73555d747edfe0c3ed5083b17606bf1c9f68f","ok","14,233","720","1280","720x1280","vertical","30","h264","aac","2","44100","1406353","2502078",""
"VIDEOS 600-900-20260730T124525Z-1-001.zip","616","Cortina Blackout Com Ventosas Para Proteção Contra O Sol De Sala De Estar , Anti-Uv","VIDEOS 600-900/VIDEO 0616/Cortina Blackout Com Ventosas Para Proteção Contra O Sol De Sala De Estar , Anti-Uv.mp4","43508b6a9d7fbc43806ddb183c77effd368a288e5023b6474374c0e75b099355","ok","8,173","720","1280","720x1280","vertical","30","h264","aac","2","44100","2288933","2338432",""
"VIDEOS 600-900-20260730T124525Z-1-001.zip","617","Tablet Magico Lousa Digital 12 polegadas","VIDEOS 600-900/VIDEO 0617/Tablet Magico Lousa Digital 12 polegadas.mp4","0ad5037357e0c42b225f92cc23142aecae21bf327e44a43718b0e09666a9d642","ok","12,491","720","1280","720x1280","vertical","30","h264","aac","2","44100","2091429","3265506",""
"VIDEOS 600-900-20260730T124525Z-1-001.zip","618","Boia Adulto Em Formato De Beringela Gigante Com Mochila Alça","VIDEOS 600-900/VIDEO 0618/Boia Adulto Em Formato De Beringela Gigante Com Mochila Alça.mp4","eb060a610f8e6c73ea352ffe28fcff7d7ac01defdd2318083fde420165fcce0e","ok","13,234","720","1280","720x1280","vertical","30","h264","aac","2","44100","2445708","4045813",""
"VIDEOS 600-900-20260730T124525Z-1-001.zip","619","Panos de limpeza milagrosos NanoScale sem riscos (reutilizáveis)","VIDEOS 600-900/VIDEO 0619/Panos de limpeza milagrosos NanoScale sem riscos (reutilizáveis).mp4","a7b03a40e7a07ac757f0a72d2090de5605e234689f589fb615892a020116f44b","ok","9,173","720","1280","720x1280","vertical","30","h264","aac","2","48000","2378906","2727714",""
"VIDEOS 600-900-20260730T124525Z-1-001.zip","620","3D Seersucker Capa De Sofá Elástica 1234 Lugares Braço Capas De Estiques Stretch Móveis Para Casa Sala De Estar Decoração Protetor Cobre","VIDEOS 600-900/VIDEO 0620/3D Seersucker Capa De Sofá Elástica 1234 Lugares Braço Capas De Estiques Stretch Móveis Para Casa Sala De Estar Decoração Protetor Cobre.mp4","7d9e67dc78580d55ea527060959d02e9f41d7f0a6d3bcbdceb1f3b50a59bb388","ok","9,171","720","1280","720x1280","vertical","30","h264","aac","2","44100","1219429","1397923",""
"VIDEOS 600-900-20260730T124525Z-1-001.zip","621","Chaveiro Com Gancho De Parede Coruja Noturna Magnética Para Manter Chaves HL🦉","VIDEOS 600-900/VIDEO 0621/Chaveiro Com Gancho De Parede Coruja Noturna Magnética Para Manter Chaves HL🦉.mp4","bb2f6ab6c89eeda7b04c116aa3130646797603d4f0919287728df8d999cadb20","ok","11,284","720","1280","720x1280","vertical","30","h264","aac","2","44100","1347303","1900371",""
"VIDEOS 600-900-20260730T124525Z-1-001.zip","622","Bolsa De Viagem Multifuncional Dobrável De Grande Capacidade Impermeável","VIDEOS 600-900/VIDEO 0622/Bolsa De Viagem Multifuncional Dobrável De Grande Capacidade Impermeável.mp4","c4864de7c4c27be27266f4d0973b54c3c6bb04bff7d0883dc7d0db6cde67f0f8","ok","21,06","720","1280","720x1280","vertical","30","h264","aac","2","44100","1691436","4452706",""
"VIDEOS 600-900-20260730T124525Z-1-001.zip","623","Criativo Cerâmica Incenso Vara Quadro Sapo Ornamentos Decorativos de alta qualidade","VIDEOS 600-900/VIDEO 0623/Criativo Cerâmica Incenso Vara Quadro Sapo Ornamentos Decorativos de alta qualidade.mp4","e9d944c8d550704d2a27f30294df8eda22d7d08e6db6447976cb22145b415968","ok","9,635","720","1280","720x1280","vertical","30","h264","aac","2","44100","945918","1139240",""
"VIDEOS 600-900-20260730T124525Z-1-001.zip","624","Caneta De Rejunte À Prova D_água Para Reparo De Lacunas De Azulejo","VIDEOS 600-900/VIDEO 0624/Caneta De Rejunte À Prova D_água Para Reparo De Lacunas De Azulejo.mp4","41fba6de9522ea07a3d3129d92e868a516aba529639230b1b7cf70015677452a","ok","17,669","720","1280","720x1280","vertical","30","h264","aac","2","44100","945555","2088377",""
"VIDEOS 600-900-20260730T124525Z-1-001.zip","625","24 Pcs Cadeira Perna Protetores De Piso , Alta Transparência Cobre , Proteger O Chão Para Reduzir Ruído , Fácil De Mover","VIDEOS 600-900/VIDEO 0625/24 Pcs Cadeira Perna Protetores De Piso , Alta Transparência Cobre , Proteger O Chão Para Reduzir Ruído , Fácil De Mover.mp4","05c2aaaf4e436a1867a087c5f70e891cbd0dda55a42bc50bc45fb61f2a779a68","ok","14,999","720","1280","720x1280","vertical","30","h264","aac","2","44100","1266083","2373749",""
"VIDEOS 600-900-20260730T124525Z-1-001.zip","626","Konka Instrumento De Remoção De Ácaros Sem Fio Home Cama Especial De Grande Sucção Pequeno Aspirador Esterilização Para Artefato De Ácaro , Além De Completa","VIDEOS 600-900/VIDEO 0626/Konka Instrumento De Remoção De Ácaros Sem Fio Home Cama Especial De Grande Sucção Pequeno Aspirador Esterilização Para Artefato De Ácaro , Além De Completa.mp4","cbb95103b613760abdaf0b8c332697dc3ca3de751d4a6f2affd7d801cb1506a7","ok","14,698","720","1280","720x1280","vertical","30","h264","aac","2","48000","2266598","4164308",""
"VIDEOS 600-900-20260730T124525Z-1-001.zip","627","Alicate Aplicador Botões Tic tac De Metal N35 Roupa De Bebê","VIDEOS 600-900/VIDEO 0627/Alicate Aplicador Botões Tic tac De Metal N35 Roupa De Bebê.mp4","4bcba4818d12f3a9ab9aaed9b4a1cdd20c9d9e654b10b83e6b0cf3f6060a896d","ok","19,225","720","1280","720x1280","vertical","30","h264","aac","2","44100","1885886","4532021",""
"VIDEOS 600-900-20260730T124525Z-1-001.zip","628","Adesivo jateado para vidro adesivo para janela de vidro película para janela adesivo de janela adesivo blackout janela","VIDEOS 600-900/VIDEO 0628/Adesivo jateado para vidro adesivo para janela de vidro película para janela adesivo de janela adesivo blackout janela.mp4","9ae53046ac38401ea7af6674661239c08abfd627fa99f28ffaacdd372d399c6b","ok","7,197","720","1280","720x1280","vertical","30","h264","aac","2","44100","1272203","1144506",""
"VIDEOS 600-900-20260730T124525Z-1-001.zip","629","Cortina Blackout Com Ventosas Para Proteção Contra O Sol De Sala De Estar , Anti-Uv","VIDEOS 600-900/VIDEO 0629/Cortina Blackout Com Ventosas Para Proteção Contra O Sol De Sala De Estar , Anti-Uv.mp4","1ef904cdc350d47a6bfb56664fa2f69e5a7529185f917d015a05fcbccd6fbd71","ok","8,575","720","1280","720x1280","vertical","30","h264","aac","2","48000","2791233","2991853",""
"VIDEOS 600-900-20260730T124525Z-1-001.zip","630","Almofada Giratória Para Mover Idosos e Acamados","VIDEOS 600-900/VIDEO 0630/Almofada Giratória Para Mover Idosos e Acamados.mp4","1532cf6e69d6c52e7e17f4e2593ddef44a6c901e8364b75d8219d5242b3ef450","ok","14,699","720","1280","720x1280","vertical","30","h264","aac","2","44100","1881492","3457008",""
"VIDEOS 600-900-20260730T124525Z-1-001.zip","631","Niimbot D11D110D101B21B3S Etiqueta De Impressora Portátil Bluetooth Térmica Máquina De Preço","VIDEOS 600-900/VIDEO 0631/Niimbot D11D110D101B21B3S Etiqueta De Impressora Portátil Bluetooth Térmica Máquina De Preço.mp4","c4ba431e889acc1a51a4ea1ffe0adb589572cc001247b28c9dc8f831325db86b","ok","25,053","720","1280","720x1280","vertical","30","h264","aac","2","44100","1622928","5082403",""
"VIDEOS 600-900-20260730T124525Z-1-001.zip","632","(stock) Carregador Magnético Sem Fio Dobrável 3 Em 1 Para iPhone 131211 Pro MaxX8Portátil Apple Watch 76 AirPod 3","VIDEOS 600-900/VIDEO 0632/(stock) Carregador Magnético Sem Fio Dobrável 3 Em 1 Para iPhone 131211 Pro MaxX8Portátil Apple Watch 76 AirPod 3.mp4","0c3678e43740baaec96c89393fa9ae15917943665b6a8157ce26ce6f7732304a","ok","12,584","720","1280","720x1280","vertical","30","h264","aac","2","44100","883192","1389262",""
"VIDEOS 600-900-20260730T124525Z-1-001.zip","633","Aparelho Movedor Móveis Fácil Levantador Materiais Pesados Kit 5 Peças Sliders","VIDEOS 600-900/VIDEO 0633/Aparelho Movedor Móveis Fácil Levantador Materiais Pesados Kit 5 Peças Sliders.mp4","b18e492a03b3b86ccd01b61d3f2ac3ac09aaa5f5387d2796664eb988aeecd292","ok","16,789","720","1280","720x1280","vertical","30","h264","aac","2","48000","1615338","3389990",""
"VIDEOS 600-900-20260730T124525Z-1-001.zip","634","Moderno mini penteadeira com gaveta flip espelho multi-funcional casa quarto maquiagem cômoda mesa casa mobília da família","VIDEOS 600-900/VIDEO 0634/Moderno mini penteadeira com gaveta flip espelho multi-funcional casa quarto maquiagem cômoda mesa casa mobília da família.mp4","d74e99a95633f7c6111b61a116cb518c6994fb5479825a33908db9835c041701","ok","19,156","720","1280","720x1280","vertical","30","h264","aac","2","44100","1831446","4385398",""
"VIDEOS 600-900-20260730T124525Z-1-001.zip","635","Limpador de Vidros Magnético Rodo Mágico Dupla Face Com Super Ímã","VIDEOS 600-900/VIDEO 0635/Limpador de Vidros Magnético Rodo Mágico Dupla Face Com Super Ímã.mp4","b7b54d1dcd0af58ef899e8623dc00e0189793a93b8dd3570dae3f5a7f905a765","ok","25,68","720","1280","720x1280","vertical","30","h264","aac","2","44100","1481419","4755357",""
"VIDEOS 600-900-20260730T124525Z-1-001.zip","636","Máquina elétrica do exercício da vibração do corpo, Preguiçoso perde peso, Emagrecimento Fitness Equipment, Música elétrica Indoor","VIDEOS 600-900/VIDEO 0636/Máquina elétrica do exercício da vibração do corpo, Preguiçoso perde peso, Emagrecimento Fitness Equipment, Música elétrica Indoor.mp4","024b78cac74baec157d65d7e4f0caef735b9480a2c881cc56579daf0a3e5213a","ok","11,285","720","1280","720x1280","vertical","30","h264","aac","2","48000","1479294","2086730",""
"VIDEOS 600-900-20260730T124525Z-1-001.zip","637","Enfiador De Agulha Simples Passador de Linha","VIDEOS 600-900/VIDEO 0637/Enfiador De Agulha Simples Passador de Linha.mp4","252f1a2f1408f1efd5d05e852cc6a44d1fde52b17cef439813b00e2ca7a11e1a","ok","7,406","720","1280","720x1280","vertical","30","h264","aac","2","44100","921825","853380",""
"VIDEOS 600-900-20260730T124525Z-1-001.zip","638","Toalha De Mesa Transparente De Plástico PVC, Toalha De Mesa Impermeável, Decoração Retangular De Renda, Tampa De Poeira De Mesa De Chá, Vidro Macio, Festa De Casamento","VIDEOS 600-900/VIDEO 0638/Toalha De Mesa Transparente De Plástico PVC, Toalha De Mesa Impermeável, Decoração Retangular De Renda, Tampa De Poeira De Mesa De Chá, Vidro Macio, Festa De Casamento.mp4","f9809ee65676c4de79014ec10f1961dfccf096e46f8089cf162f5e4d291b3b04","ok","9,728","720","1280","720x1280","vertical","30","h264","aac","2","44100","3119365","3793149",""
"VIDEOS 600-900-20260730T124525Z-1-001.zip","639","24 Peça unhas postiças decoradas realista bailarina francesinha natural 46 modelos","VIDEOS 600-900/VIDEO 0639/24 Peça unhas postiças decoradas realista bailarina francesinha natural 46 modelos.mp4","e8c8eaa0098d674519eecb186e8b62652ac7196dc52f1e3b6330ca34f86a34f7","ok","7,295","720","1280","720x1280","vertical","30","h264","aac","2","48000","2020140","1842116",""
"VIDEOS 600-900-20260730T124525Z-1-001.zip","640","Roexboz Dispensador de doces, minidispensador automático para doces e frutas secas, 26 cm","VIDEOS 600-900/VIDEO 0640/Roexboz Dispensador de doces, minidispensador automático para doces e frutas secas, 26 cm.mp4","4066c17a1041bb65d1e7ca72c5cc525cb9adc88e293049b6de9bd3eaa89b5fe0","ok","8,892","720","1280","720x1280","vertical","30","h264","aac","2","44100","1674140","1860807",""
"VIDEOS 600-900-20260730T124525Z-1-001.zip","641","Placa Reparo Consertar Dobradiça Armário Móveis Mdf","VIDEOS 600-900/VIDEO 0641/Placa Reparo Consertar Dobradiça Armário Móveis Mdf.mp4","d3577db46b29c8ba1f9a5b459a8a7002969d500c81db2841555b38b72b434fb1","ok","8,042","720","1280","720x1280","vertical","30","h264","aac","2","48000","1058179","1063735",""
"VIDEOS 600-900-20260730T124525Z-1-001.zip","642","Rack Estante Com 3 Prateleiras Para Lavanderia Máquina De Lavar Organizador LR-0044","VIDEOS 600-900/VIDEO 0642/Rack Estante Com 3 Prateleiras Para Lavanderia Máquina De Lavar Organizador LR-0044.mp4","8e75cf56ad92b8cf38eb253fc6c04405903c08f710b26a38cf994d90edbf1f90","ok","8,938","720","1280","720x1280","vertical","30","h264","aac","2","48000","1524409","1703147",""
"VIDEOS 600-900-20260730T124525Z-1-001.zip","643","Deck Modular Sucupira Base Plastica 29cm x 29cm","VIDEOS 600-900/VIDEO 0643/Deck Modular Sucupira Base Plastica 29cm x 29cm.mp4","97c3ae0e7b000fab523ddbe98de57091eb040e34d8e52a5a67657bd68a49f4df","ok","14,581","720","1280","720x1280","vertical","30","h264","aac","2","44100","1951742","3557295",""
"VIDEOS 600-900-20260730T124525Z-1-001.zip","644","Sapatos de borracha para mulher e homem capa zíperes unissex reutilizável à prova dwaterproof água cobre branco antiderrapante silicone capas de chuva sapatos novos","VIDEOS 600-900/VIDEO 0644/Sapatos de borracha para mulher e homem capa zíperes unissex reutilizável à prova dwaterproof água cobre branco antiderrapante silicone capas de chuva sapatos novos.mp4","8cf45e2748d6b8a43429d5ca17afdf748240f0bb5d0d6c3af11333bdc129ae4f","ok","8,746","720","1280","720x1280","vertical","30","h264","aac","2","48000","2866261","3133540",""
"VIDEOS 600-900-20260730T124525Z-1-001.zip","645","Esfregão Escova De Limpeza Vassoura Elétrica Recarregável Sem Fio","VIDEOS 600-900/VIDEO 0645/Esfregão Escova De Limpeza Vassoura Elétrica Recarregável Sem Fio.mp4","2241490b571522c23fb3811287e4db93f883693c2b2b64db814a6076c258aa66","ok","17,023","720","1280","720x1280","vertical","30","h264","aac","2","48000","1359469","2892781",""
"VIDEOS 600-900-20260730T124525Z-1-001.zip","646","100 _ Tênis De Deformação Original Quatro Rodas De Corrida Redondo De Para Adultos","VIDEOS 600-900/VIDEO 0646/100 _ Tênis De Deformação Original Quatro Rodas De Corrida Redondo De Para Adultos.mp4","b6d5fcd2c29a881abd501e6103f35f70483cc57a2b9cbd554fe7dda49e44d35b","ok","9,194","720","1280","720x1280","vertical","30","h264","aac","2","48000","1561675","1794756",""
"VIDEOS 600-900-20260730T124525Z-1-001.zip","647","Cabide De Roupa Íntima MultifuncionalSem Costura Em Formato De Onda Durável Para Economia De Espaço","VIDEOS 600-900/VIDEO 0647/Cabide De Roupa Íntima MultifuncionalSem Costura Em Formato De Onda Durável Para Economia De Espaço.mp4","c5b902beba360030c10f52f10253e7b73245fa1560b30784eae69e0c824dbceb","ok","14,906","720","1280","720x1280","vertical","30","h264","aac","2","44100","2118388","3947088",""
"VIDEOS 600-900-20260730T124525Z-1-001.zip","648","1 pc engrossar acolchoado capa de colchão impresso lençol com laço anti-bactérias cama capa colchas sem fronha","VIDEOS 600-900/VIDEO 0648/1 pc engrossar acolchoado capa de colchão impresso lençol com laço anti-bactérias cama capa colchas sem fronha.mp4","df4a093f4ee036e6b8b9a04adda75094366494a5c9fee18ee6a3fc5942d41c50","ok","15,092","720","1280","720x1280","vertical","30","h264","aac","2","44100","2215526","4179590",""
"VIDEOS 600-900-20260730T124525Z-1-001.zip","649","Top Alto Impacto Esportivo C Ziper Treino Academia Corrida","VIDEOS 600-900/VIDEO 0649/Top Alto Impacto Esportivo C Ziper Treino Academia Corrida.mp4","33575a5e12f0dcb91aeaa309da4b7a65a7f72513e95607b77e5aba02e7f2f4b2","ok","12,306","720","1280","720x1280","vertical","30","h264","aac","2","44100","1669416","2567980",""
"VIDEOS 600-900-20260730T124525Z-1-001.zip","650","Suporte Adesivo De 2 Peças Para Haste De Cortina Sem Pregos Ajustáveis","VIDEOS 600-900/VIDEO 0650/Suporte Adesivo De 2 Peças Para Haste De Cortina Sem Pregos Ajustáveis.mp4","2977381076ced33118c5c54e7bd2a00e71703604561bf86e2866ea360b4b8ed3","ok","7,402","720","1280","720x1280","vertical","30","h264","aac","2","48000","1303587","1206144",""
"VIDEOS 600-900-20260730T124525Z-1-001.zip","651","Rodo Twister Cabo Retrátil Chega até 1,40m Junta Articulada","VIDEOS 600-900/VIDEO 0651/Rodo Twister Cabo Retrátil Chega até 1,40m Junta Articulada.mp4","0dd86a61f3c7eef75058fb26fa5bdea7a278f9ddc2f3d4589a57a2575af4495a","ok","9,194","720","1280","720x1280","vertical","30","h264","aac","2","44100","1820840","2092601",""
"VIDEOS 600-900-20260730T124525Z-1-001.zip","652","Bota De Chuva Com Zíper Impermeável Anti-Derrapante","VIDEOS 600-900/VIDEO 0652/Bota De Chuva Com Zíper Impermeável Anti-Derrapante.mp4","253d6a6bbecb19aa07c84189ca8e759794b3d15bca0f9c4f914d6eb98c61dfb0","ok","9,101","720","1280","720x1280","vertical","30","h264","aac","2","44100","1904749","2166891",""
"VIDEOS 600-900-20260730T124525Z-1-001.zip","653","Marmita Com Bolsa Térmica Lancheira Infantil Portátil Com Compartimento Em Aço Inoxidável De 188Caixa De Comida Para PiqueniqueEscola","VIDEOS 600-900/VIDEO 0653/Marmita Com Bolsa Térmica Lancheira Infantil Portátil Com Compartimento Em Aço Inoxidável De 188Caixa De Comida Para PiqueniqueEscola.mp4","cc516e75a76325f992c8adfe8635d46f4b77bba9dd6a02f72ba8f5ff2ccb32d1","ok","18,367","720","1280","720x1280","vertical","30","h264","aac","2","48000","1989141","4566820",""
"VIDEOS 600-900-20260730T124525Z-1-001.zip","654","Cortina Magnética Com Fivela À Prova De Vazamento Par De Metal Destacável 20MM Botão De Cadarço","VIDEOS 600-900/VIDEO 0654/Cortina Magnética Com Fivela À Prova De Vazamento Par De Metal Destacável 20MM Botão De Cadarço.mp4","af64b52637c56ad2e931217f441d1e4dea97bffa192277ee338542935758f882","ok","11,563","720","1280","720x1280","vertical","30","h264","aac","2","44100","1332683","1926227",""
"VIDEOS 600-900-20260730T124525Z-1-001.zip","655","Produtos Semorin Tira Manchas, Tira Ferragem e Sabão de Coco","VIDEOS 600-900/VIDEO 0655/Produtos Semorin Tira Manchas, Tira Ferragem e Sabão de Coco.mp4","eea5601e997e80c1cf3536743ba27aa73bad0566c5c1db5aba88259e67ec80da","ok","12,561","720","1280","720x1280","vertical","30","h264","aac","2","44100","1526791","2397253",""
"VIDEOS 600-900-20260730T124525Z-1-001.zip","656","porta-bebéscanguru porta-bebés","VIDEOS 600-900/VIDEO 0656/porta-bebéscanguru porta-bebés.mp4","e505f48eed2ae542f5c80d0fdb570c3a9036fb10e590863c7f263a4e910dcb7a","ok","9,798","720","1280","720x1280","vertical","30","h264","aac","2","44100","2855361","3497104",""
"VIDEOS 600-900-20260730T124525Z-1-001.zip","657","Reusável Máquina De Lavar Cabelo Removedor De Pêlos Pet Pele Fiapos Coletor Bola Filtragem Reutilizável Limpeza Acessórios De Lavanderia","VIDEOS 600-900/VIDEO 0657/Reusável Máquina De Lavar Cabelo Removedor De Pêlos Pet Pele Fiapos Coletor Bola Filtragem Reutilizável Limpeza Acessórios De Lavanderia.mp4","4f85555cffc9dd5cc9b278f109893db58a60bc40f19ebdd63a666672eed2641a","ok","8,567","720","1280","720x1280","vertical","30","h264","aac","2","44100","1899816","2034466",""
"VIDEOS 600-900-20260730T124525Z-1-001.zip","658","Máquina Elétrica Multifuncional De 220v Com 2 Pratos  Donut  Ovoette  Não Gruda","VIDEOS 600-900/VIDEO 0658/Máquina Elétrica Multifuncional De 220v Com 2 Pratos  Donut  Ovoette  Não Gruda.mp4","65ec03866411930dfef8eef51464250af92cf4decc78b2c422b49f9e8d570f01","ok","20,526","720","1280","720x1280","vertical","30","h264","aac","2","44100","1487577","3816751",""
"VIDEOS 600-900-20260730T124525Z-1-001.zip","659","Rodo Mop Dobrável Esfregão Alta Absorção Limpeza Espuma Pva","VIDEOS 600-900/VIDEO 0659/Rodo Mop Dobrável Esfregão Alta Absorção Limpeza Espuma Pva.mp4","0dfd5b4f56fc4b12b9e1ddde9013f6b24765454acccc271eebff75f8118ed7bc","ok","15,231","720","1280","720x1280","vertical","30","h264","aac","2","48000","1368556","2605561",""
"VIDEOS 600-900-20260730T124525Z-1-001.zip","660","Mini Máquina De Lavar Roupa Turbo Portátil Dobrável Lavadora Ultra-Sônica Com Secadora De Baldes Para MeiasInteriorBra","VIDEOS 600-900/VIDEO 0660/Mini Máquina De Lavar Roupa Turbo Portátil Dobrável Lavadora Ultra-Sônica Com Secadora De Baldes Para MeiasInteriorBra.mp4","e120027a076fbbbf090b027e80f36975f37b15d0e92760a097ad73e10610d04c","ok","9,426","720","1280","720x1280","vertical","30","h264","aac","2","44100","1572936","1853313",""
"VIDEOS 600-900-20260730T124525Z-1-001.zip","661","Portátil feminino perineal imersão toalete sitz homem hemorróidas cuidados banheira bacia com flusher （A bomba precisa ser comprada separadamente）","VIDEOS 600-900/VIDEO 0661/Portátil feminino perineal imersão toalete sitz homem hemorróidas cuidados banheira bacia com flusher （A bomba precisa ser comprada separadamente）.mp4","472ef75f7b7e8802a45af1dc86e36d254e681fc9d87ca80a18c182a79b60c77f","ok","15,278","720","1280","720x1280","vertical","30","h264","aac","2","44100","1492937","2851137",""
"VIDEOS 600-900-20260730T124525Z-1-001.zip","662","Fenda armário de armazenamento wc slot rack banheiro organizador gaveta armários ultra estreita cozinha organização armazenamento gabinete","VIDEOS 600-900/VIDEO 0662/Fenda armário de armazenamento wc slot rack banheiro organizador gaveta armários ultra estreita cozinha organização armazenamento gabinete.mp4","41ac6ab00db2850170d814dbbcf8b56e43dfce7ba8f6c3103d637a7ff8d9d870","ok","14,697","720","1280","720x1280","vertical","30","h264","aac","2","44100","1592584","2925776",""
"VIDEOS 600-900-20260730T124525Z-1-001.zip","663","Capa Cortina Proteção Solar Anti Vento Protetora Crianças Janela Carro","VIDEOS 600-900/VIDEO 0663/Capa Cortina Proteção Solar Anti Vento Protetora Crianças Janela Carro.mp4","7e7a1d14d42a204f1272bc2ef08a2e65c5b37b32d9f117a42ce0b5e28f83a5b7","ok","10,796","720","1280","720x1280","vertical","30","h264","aac","2","44100","1321463","1783315",""
"VIDEOS 600-900-20260730T124525Z-1-001.zip","664","Clipes Magnéticos Cílios Curvador De Sem Cola Precisa De Aplicar Aplicador Ferramentas Maquiagem","VIDEOS 600-900/VIDEO 0664/Clipes Magnéticos Cílios Curvador De Sem Cola Precisa De Aplicar Aplicador Ferramentas Maquiagem.mp4","e70483edccfe279b9b2b4936b2fb7b2027d04ae4b66d4600fdacd85cdc05fc0e","ok","6,454","720","1280","720x1280","vertical","30","h264","aac","2","44100","1311471","1058030",""
"VIDEOS 600-900-20260730T124525Z-1-001.zip","665","Tapete De Atividades Tatame Infantil 195x150 Dupla Face","VIDEOS 600-900/VIDEO 0665/Tapete De Atividades Tatame Infantil 195x150 Dupla Face.mp4","bbcb7191fe2689c2e77514d8fd712b6804b9ad7a97faefb5104d96c65d308930","ok","10,378","720","1280","720x1280","vertical","30","h264","aac","2","44100","1236372","1603884",""
"VIDEOS 600-900-20260730T124525Z-1-001.zip","666","Brinquedo Interativo Gruda No Chão Ventosa Puxar Morder Pets","VIDEOS 600-900/VIDEO 0666/Brinquedo Interativo Gruda No Chão Ventosa Puxar Morder Pets.mp4","7d80a97bd31e8c6baf1cc6868c379eb31b17a061dcedc0f1227f7462e565c186","ok","19,875","720","1280","720x1280","vertical","30","h264","aac","2","44100","1173926","2916473",""
"VIDEOS 600-900-20260730T124525Z-1-001.zip","667","Realista falso músculo silicone masculino peito meia corpo terno com ponto flutuante design, para cosplay halloween adereços","VIDEOS 600-900/VIDEO 0667/Realista falso músculo silicone masculino peito meia corpo terno com ponto flutuante design, para cosplay halloween adereços.mp4","0acc67bf1086274970ea8bf4fae6fb3646bfacb7748579145478886a9279ad13","ok","22,43","720","1280","720x1280","vertical","30","h264","aac","2","44100","2187187","6132328",""
"VIDEOS 600-900-20260730T124525Z-1-001.zip","668","Baseus GF3 Aspersor De Lavagem De Carro Mangueira De Água Retrátil Fisio Pressurizado Durável E Conveniente Para Transportar Jardins Carros","VIDEOS 600-900/VIDEO 0668/Baseus GF3 Aspersor De Lavagem De Carro Mangueira De Água Retrátil Fisio Pressurizado Durável E Conveniente Para Transportar Jardins Carros.mp4","0223b70b9831d387c25a2c6b8eb54c2cfca13c64e4c28494e296b71b93aa47b4","ok","14,613","720","1280","720x1280","vertical","30","h264","aac","2","48000","1472591","2689872",""
"VIDEOS 600-900-20260730T124525Z-1-001.zip","669","Prateleira de cozinha multifuncional com porta do armário, armário de armazenamento de vários andares, forno microondas, panela","VIDEOS 600-900/VIDEO 0669/Prateleira de cozinha multifuncional com porta do armário, armário de armazenamento de vários andares, forno microondas, panela.mp4","67be93539f9abbe6cdcad3d727269d28d4ae434d43cb39d33886ebe30b82a618","ok","19,481","720","1280","720x1280","vertical","30","h264","aac","2","44100","1301462","3169224",""
"VIDEOS 600-900-20260730T124525Z-1-001.zip","670","Underwear Caixa De Armazenamento De Parede Montado Calcinha Meias Organizador 6 Células Claro Roupeiro Destacável","VIDEOS 600-900/VIDEO 0670/Underwear Caixa De Armazenamento De Parede Montado Calcinha Meias Organizador 6 Células Claro Roupeiro Destacável.mp4","eff2405fccf8587ebfb1a1aa18a007b28d43c0a7960b3d7ad8e73bccd201f1cc","ok","23,189","720","1280","720x1280","vertical","30","h264","aac","2","48000","1278214","3705065",""
"VIDEOS 600-900-20260730T124525Z-1-001.zip","671","Colocar Um Pedido Para Ver As Dentesquatro Estações De Arte Geral Pano Capa De Sofá Tecido Universal Anti-Spill Moderno Simples Tudo Incluído Almofada Brochure Yifan2 . Meu","VIDEOS 600-900/VIDEO 0671/Colocar Um Pedido Para Ver As Dentesquatro Estações De Arte Geral Pano Capa De Sofá Tecido Universal Anti-Spill Moderno Simples Tudo Incluído Almofada Brochure Yifan2 . Meu.mp4","5063c9b523f5172a3c31610d5f49b10b5bd1e3cb21a720757a14ccb91dfd4ef0","ok","13,887","720","1280","720x1280","vertical","30","h264","aac","2","48000","2269790","3940072",""
"VIDEOS 600-900-20260730T124525Z-1-001.zip","672","Lbx moderno e minimalista sala de estar quarto lazer couro silicone cadeira preguiçoso","VIDEOS 600-900/VIDEO 0672/Lbx moderno e minimalista sala de estar quarto lazer couro silicone cadeira preguiçoso.mp4","c4ab06cb04e5dace097abc020b483905318a89d7ae1f02cd65e3997aa9e2eb62","ok","8,895","720","1280","720x1280","vertical","30","h264","aac","2","48000","1883405","2094112",""
"VIDEOS 600-900-20260730T124525Z-1-001.zip","673","(Dilidili) Nordic Pássaro Lâmpada De Parede, Parede De Montagem De Fixação Pássaro Paredes Arandela Moderna Luz De Parede Acrílico Para Sala De Estar","VIDEOS 600-900/VIDEO 0673/(Dilidili) Nordic Pássaro Lâmpada De Parede, Parede De Montagem De Fixação Pássaro Paredes Arandela Moderna Luz De Parede Acrílico Para Sala De Estar.mp4","f4b6ef322e5450eaeaebd8db81b4c9984df46d79b222034640836b57ee238b2c","ok","9,217","720","1280","720x1280","vertical","30","h264","aac","2","44100","1293653","1490451",""
"VIDEOS 600-900-20260730T124525Z-1-001.zip","674","Carregamento de baterias strokeTreinamento de reabilitação de dedos versão em inglês da função manual equipamento de massagem pneumática elétrica luvas robóticas","VIDEOS 600-900/VIDEO 0674/Carregamento de baterias strokeTreinamento de reabilitação de dedos versão em inglês da função manual equipamento de massagem pneumática elétrica luvas robóticas.mp4","76bb884ee00b208af88e7612c3bc1001f3a6e52e9743eb72ddcd0fcb495eff8c","ok","15,417","720","1280","720x1280","vertical","30","h264","aac","2","44100","2105765","4058073",""
"VIDEOS 600-900-20260730T124525Z-1-001.zip","675","Papel De Parede Adesivo 3D Para Cozinha Banheiro Azulejo Alumínio Lavável Com Relevo Impermeável 1mx61cm","VIDEOS 600-900/VIDEO 0675/Papel De Parede Adesivo 3D Para Cozinha Banheiro Azulejo Alumínio Lavável Com Relevo Impermeável 1mx61cm.mp4","23cb2ba17e367c177fb9c4dea8af012da9bb636cf4c66ba1e53f640f2d905b87","ok","9,38","720","1280","720x1280","vertical","30","h264","aac","2","44100","2493435","2923553",""
"VIDEOS 600-900-20260730T124525Z-1-001.zip","676","250g Reparo De Terremotos Pomada Universal De Parede Creme De Para Rachaduras Ferramenta De Construção","VIDEOS 600-900/VIDEO 0676/250g Reparo De Terremotos Pomada Universal De Parede Creme De Para Rachaduras Ferramenta De Construção.mp4","5912e121d401f6009d3c241fdccaa82cc9e9f26781d1134401a29bc015112ab7","ok","10,239","574","1020","574x1020","vertical","30","h264","aac","2","44100","695269","889858",""
"VIDEOS 600-900-20260730T124525Z-1-001.zip","677","Escova Eletrica de Limpeza 5 em 1 Sem Fio Limpador Multiuso Pratico Para Cozinha , Banheiro prático","VIDEOS 600-900/VIDEO 0677/Escova Eletrica de Limpeza 5 em 1 Sem Fio Limpador Multiuso Pratico Para Cozinha , Banheiro prático.mp4","bc45e8cea458a7949eff8d0884eb63f442e1c1ff91b75cc352d692513ff21947","ok","22,987","720","1280","720x1280","vertical","30","h264","aac","2","44100","2121946","6097149",""
"VIDEOS 600-900-20260730T124525Z-1-001.zip","678","20beads Massageador De Costas Para O Corpo Natural Carbonizado Guasha Relaxar Massagem Stick Das SPA Tratamento Da Ponto Ferramenta","VIDEOS 600-900/VIDEO 0678/20beads Massageador De Costas Para O Corpo Natural Carbonizado Guasha Relaxar Massagem Stick Das SPA Tratamento Da Ponto Ferramenta.mp4","06ea8bad9db22291ef8edc6a4f8ba141c9a81c2b952337fe9743c2681ea720f3","ok","8,358","720","1280","720x1280","vertical","30","h264","aac","2","44100","1646520","1720202",""
"VIDEOS 600-900-20260730T124525Z-1-001.zip","679","Natural único incorporado Desktop fogão a gás, fogão feroz de alta potência, forno doméstico, sincronismo, 5.2KW","VIDEOS 600-900/VIDEO 0679/Natural único incorporado Desktop fogão a gás, fogão feroz de alta potência, forno doméstico, sincronismo, 5.2KW.mp4","9d465b865edcf96165561b6699a80728dff8ae1d844c855c011d532c04dcbe3b","ok","9,984","720","1280","720x1280","vertical","30","h264","aac","2","44100","1193862","1489941",""
"VIDEOS 600-900-20260730T124525Z-1-001.zip","680","Mulheres Coreano Reunindo Bico De Pato Grampo De Cabelo Para Franja LateralMeninas Bonito Veludo Hairpin Rabo De Cavalo TitularElegante Acessórios OPopular Garra Headwear","VIDEOS 600-900/VIDEO 0680/Mulheres Coreano Reunindo Bico De Pato Grampo De Cabelo Para Franja LateralMeninas Bonito Veludo Hairpin Rabo De Cavalo TitularElegante Acessórios OPopular Garra Headwear.mp4","c66b3414fa2e19e8094d20f9581a8ee2cf0b381b92ff3dc1b728e5d5c52e72e4","ok","9,194","720","1280","720x1280","vertical","30","h264","aac","2","44100","1700420","1954208",""
"VIDEOS 600-900-20260730T124525Z-1-001.zip","681","Rodo Magico ESFREGÃO Inteligente Mop 360 Graus Flexível Dobrável Azul Envio 24h PUXA E SECA","VIDEOS 600-900/VIDEO 0681/Rodo Magico ESFREGÃO Inteligente Mop 360 Graus Flexível Dobrável Azul Envio 24h PUXA E SECA.mp4","eee712ca77df99f85ba86529db01a9031ca672ecfb8cfe109c07ef68b83d500d","ok","7,807","720","1280","720x1280","vertical","30","h264","aac","2","48000","1783625","1740596",""
"VIDEOS 600-900-20260730T124525Z-1-001.zip","682","Luminaria Solar impermeáveis para jardim, luzes solares para caminhos ao ar livre, luzes de decoração de jardim com energia solar","VIDEOS 600-900/VIDEO 0682/Luminaria Solar impermeáveis para jardim, luzes solares para caminhos ao ar livre, luzes de decoração de jardim com energia solar.mp4","c7b1efa534fc8c3475756916dd7df8291703e801ee7627949154a147dcb64e2d","ok","18,175","720","1280","720x1280","vertical","30","h264","aac","2","48000","1510356","3431341",""
"VIDEOS 600-900-20260730T124525Z-1-001.zip","683","Calçados Esportivos Das Crianças 2022 Novo Estilo Primavera Verão Meninos Meninas Sapatos Bebê Net De Malha Esportes Do Jardim De Infância Casuais","VIDEOS 600-900/VIDEO 0683/Calçados Esportivos Das Crianças 2022 Novo Estilo Primavera Verão Meninos Meninas Sapatos Bebê Net De Malha Esportes Do Jardim De Infância Casuais.mp4","08708a458d8b7cff1198828dfd2b52399dcfb22402ac67d29677837163ee10cc","ok","8,985","720","1280","720x1280","vertical","30","h264","aac","2","44100","1766704","1984230",""
"VIDEOS 600-900-20260730T124525Z-1-001.zip","684","E27 Colorido LED Stage Piscando Luz Lâmpada 6 W Rotação De Cristal Bola Mágica Mini Para Festa De Natal Decoração Do Partido De Disco","VIDEOS 600-900/VIDEO 0684/E27 Colorido LED Stage Piscando Luz Lâmpada 6 W Rotação De Cristal Bola Mágica Mini Para Festa De Natal Decoração Do Partido De Disco.mp4","fe02255430688baa0a1f4ff0eac75db67208df93f99be1f582b33e356c33c935","ok","8,81","720","1280","720x1280","vertical","30","h264","aac","2","48000","2910183","3204840",""
"VIDEOS 600-900-20260730T124525Z-1-001.zip","685","(Neil Baby) Conjunto de 4 peças  6 camadas de fraldas de pano para bebês","VIDEOS 600-900/VIDEO 0685/(Neil Baby) Conjunto de 4 peças  6 camadas de fraldas de pano para bebês.mp4","77d943f031c5d84a916e9b7457cb14ec1ee03743d97bbd70584949d2377db43f","ok","12,05","720","1280","720x1280","vertical","30","h264","aac","2","44100","1772039","2669135",""
"VIDEOS 600-900-20260730T124525Z-1-001.zip","686","Snapinsta.app_video_F04814CE11D3D9D2CCA83CB7617211B2_video_dashinit","VIDEOS 600-900/VIDEO 0686/Snapinsta.app_video_F04814CE11D3D9D2CCA83CB7617211B2_video_dashinit.mp4","f8ceb8dd05822e5d11d92b4046b92a5250ea727f478ef5b4c1d5e3fb9a740429","ok","12,05","720","1280","720x1280","vertical","30","h264","aac","2","44100","1179772","1777033",""
"VIDEOS 600-900-20260730T124525Z-1-001.zip","687","Organizador de alimentos de armazenamento de cozinha recipiente pet seal estável latas para geladeira de alta capacidade caixa de armazenamento de frutas vegetais ovos frescos","VIDEOS 600-900/VIDEO 0687/Organizador de alimentos de armazenamento de cozinha recipiente pet seal estável latas para geladeira de alta capacidade caixa de armazenamento de frutas vegetais ovos frescos.mp4","950c4c0560ed8063ce7a3ef05173741e58cc5fef087e26435e18e17f8134bb1c","ok","6,122","720","1280","720x1280","vertical","30","h264","aac","2","48000","2739404","2096329",""
"VIDEOS 600-900-20260730T124525Z-1-001.zip","688","Lâmpada De Cabeceira De Madeira Candeeiro De Parede Do Quarto Leitura USB Carregador LED Corredor Magnético De Varanda","VIDEOS 600-900/VIDEO 0688/Lâmpada De Cabeceira De Madeira Candeeiro De Parede Do Quarto Leitura USB Carregador LED Corredor Magnético De Varanda.mp4","cd7e52ced16c8a0d1b0284e044a14d99bf8dafba4977da38a9990aa571a71c5d","ok","16,95","720","1280","720x1280","vertical","30","h264","aac","2","44100","1098131","2326667",""
"VIDEOS 600-900-20260730T124525Z-1-001.zip","689","Removedor De Pêlos, Fiapos E Pequenas Sujeiras","VIDEOS 600-900/VIDEO 0689/Removedor De Pêlos, Fiapos E Pequenas Sujeiras.mp4","0f880d7471df8a6e2d9282b04a97e11a271d41079e9a795cc1fcf40f769e4c08","ok","13,861","480","854","480x854","vertical","30","h264","aac","2","44100","611947","1060275",""
"VIDEOS 600-900-20260730T124525Z-1-001.zip","690","Mini tábua de engomar dobrável mesa dobrável tábua de engomar multifuncional cobertura da placa de ferro para uso doméstico e de viagem 81.5x31x12cm","VIDEOS 600-900/VIDEO 0690/Mini tábua de engomar dobrável mesa dobrável tábua de engomar multifuncional cobertura da placa de ferro para uso doméstico e de viagem 81.5x31x12cm.mp4","524a405b9720caffffee255b1b907df039b790f875f6282fb1d14d618bf12ba5","ok","6,779","720","1280","720x1280","vertical","30","h264","aac","2","44100","1378447","1168062",""
"VIDEOS 600-900-20260730T124525Z-1-001.zip","691","Gancho De Porta De Chuveiro , 2 Peças Vidro De Cabide De Aço Inoxidável , Limpador De Toalha De Banho","VIDEOS 600-900/VIDEO 0691/Gancho De Porta De Chuveiro , 2 Peças Vidro De Cabide De Aço Inoxidável , Limpador De Toalha De Banho.mp4","524a405b9720caffffee255b1b907df039b790f875f6282fb1d14d618bf12ba5","ok","6,779","720","1280","720x1280","vertical","30","h264","aac","2","44100","1378447","1168062",""
"VIDEOS 600-900-20260730T124525Z-1-001.zip","692","Cesta De Armazenamento De Artigos Dobrável Organizador Diversos Impressão Bonito Cosméticos Recipiente Multifuncional SN002 Cesta De Armazenamento De Linho De Algodão Organizador De Mesa","VIDEOS 600-900/VIDEO 0692/Cesta De Armazenamento De Artigos Dobrável Organizador Diversos Impressão Bonito Cosméticos Recipiente Multifuncional SN002 Cesta De Armazenamento De Linho De Algodão Organizador De Mesa.mp4","4dd1ba0e10fab679529ee4334ddf74d88db9c65393d639b4771ab5ffbe814047","ok","6,176","720","1280","720x1280","vertical","30","h264","aac","2","44100","2069297","1597498",""
"VIDEOS 600-900-20260730T124525Z-1-001.zip","693","Bandeja para freezer com compartimentos de 12 xícara Souper Cubes, com tampa, pacote com 2 unidades, para congelar 12 porções perfeitas de 12 xícara de molhos ou outros alimentos.","VIDEOS 600-900/VIDEO 0693/Bandeja para freezer com compartimentos de 12 xícara Souper Cubes, com tampa, pacote com 2 unidades, para congelar 12 porções perfeitas de 12 xícara de molhos ou outros alimentos..mp4","4c1916cd0fe3173b6f7e6f50b1f65af2e70d0a4ee8d4bbf69117e2f0c26cd90c","ok","14,07","720","1280","720x1280","vertical","30","h264","aac","2","44100","1233203","2168896",""
"VIDEOS 600-900-20260730T124525Z-1-001.zip","694","90g  20g Gel Removedor De Mofo Mintiml Para Casa  Banheiro  Remoção De Mofo","VIDEOS 600-900/VIDEO 0694/90g  20g Gel Removedor De Mofo Mintiml Para Casa  Banheiro  Remoção De Mofo.mp4","49be6b54197a8c9e6904614cfc1a18692d78dc011abdbf06968ad806cdb1fc99","ok","10,053","720","1280","720x1280","vertical","30","h264","aac","2","44100","1565258","1966943",""
"VIDEOS 600-900-20260730T124525Z-1-001.zip","695","Lâmina de Aço Inoxidável Moedor de Café Moedor de Especiarias UUOUU Tigela Lavável кофемолка кофемолка элекрическая мельница для специй","VIDEOS 600-900/VIDEO 0695/Lâmina de Aço Inoxidável Moedor de Café Moedor de Especiarias UUOUU Tigela Lavável кофемолка кофемолка элекрическая мельница для специй.mp4","e574dc17503bd0ea607524456fe13df7c35ef3b7945104442c58bcf8603defff","ok","14,395","720","1280","720x1280","vertical","30","h264","aac","2","44100","1737340","3126127",""
"VIDEOS 600-900-20260730T124525Z-1-001.zip","696","Sofá De Couro Autoadesivo Reparo De Macio Madeira De Estofamento , Cadeira-20 x 3050  137cm","VIDEOS 600-900/VIDEO 0696/Sofá De Couro Autoadesivo Reparo De Macio Madeira De Estofamento , Cadeira-20 x 3050  137cm.mp4","1ea9cec6953ca438f2a909bb7bff180380157acd9ad2d908a742faade9dbcf40","ok","9,101","720","1280","720x1280","vertical","30","h264","aac","2","44100","1667623","1897130",""
"VIDEOS 600-900-20260730T124525Z-1-001.zip","697","OUHOE Removedor De Manchas de Pedra Pedra Pó De Limpeza De Limpeza da Mancha de Óleo para Cozinha Piso 30g beauty6","VIDEOS 600-900/VIDEO 0697/OUHOE Removedor De Manchas de Pedra Pedra Pó De Limpeza De Limpeza da Mancha de Óleo para Cozinha Piso 30g beauty6.mp4","8a6f1e2e9169779136774ec701cc93200ccb4cdcb717c101059821c743413379","ok","10,169","720","1280","720x1280","vertical","30","h264","aac","2","44100","1738955","2210430",""
"VIDEOS 600-900-20260730T124525Z-1-001.zip","698","Presentes De Natal Aplicáveis Para Eilik Intelligent Robot Desktop Pet Tendência Brinquedo Companheiro Bonito brinquedos Entrega Rápida","VIDEOS 600-900/VIDEO 0698/Presentes De Natal Aplicáveis Para Eilik Intelligent Robot Desktop Pet Tendência Brinquedo Companheiro Bonito brinquedos Entrega Rápida.mp4","0c28fc04c81a785e46c9e442b308a9613f22b3ce6c3de360d8cb54043b74dbed","ok","43,931","720","1280","720x1280","vertical","30","h264","aac","2","44100","1240900","6814249",""
"VIDEOS 600-900-20260730T124525Z-1-001.zip","699","3 Cor Regulável Cat Eye Light Strip Desk Lamp LED Sensor De Movimento Luz Recarregável USB Cozinha Armário Roupeiro Lâmpada 203040 Cm","VIDEOS 600-900/VIDEO 0699/3 Cor Regulável Cat Eye Light Strip Desk Lamp LED Sensor De Movimento Luz Recarregável USB Cozinha Armário Roupeiro Lâmpada 203040 Cm.mp4","89fbf691db2f2d8795756154de1d7927a97926310fbe300ad4b5c1f6214ec027","ok","10,866","720","1280","720x1280","vertical","30","h264","aac","2","44100","1464281","1988860",""
"VIDEOS 600-900-20260730T124525Z-1-001.zip","700","50 Fio Dental SuperfinoBastões De Higiene Bucal","VIDEOS 600-900/VIDEO 0700/50 Fio Dental SuperfinoBastões De Higiene Bucal.mp4","c0b970330523cd59a13463611b23aeb1f2623aa060c4440dc05603188ed8f13c","ok","11,841","720","1280","720x1280","vertical","30","h264","aac","2","44100","1233947","1826396",""
"VIDEOS 600-900-20260730T124525Z-1-001.zip","701","Cortador Multifuncional de Alimentos 13 em 1","VIDEOS 600-900/VIDEO 0701/Cortador Multifuncional de Alimentos 13 em 1.mp4","9a69e9e5dedfd81e66afd3c85247762b9698860e6d397bd6cb0f4d1afa72e938","ok","40,982","720","1280","720x1280","vertical","30","h264","aac","2","44100","2463887","12621878",""
"VIDEOS 600-900-20260730T124525Z-1-001.zip","702","Kit 4 de Ferramentas de Beleza Extrator de Acne Removedor de Cravo Espinha Aço Inoxidável Agulhas","VIDEOS 600-900/VIDEO 0702/Kit 4 de Ferramentas de Beleza Extrator de Acne Removedor de Cravo Espinha Aço Inoxidável Agulhas.mp4","cb4b8fca74903985e85a87f812e73ce10d8fc32740030f7ce437c956a0f4ad23","ok","18,645","704","1252","704x1252","vertical","30","h264","aac","2","44100","769681","1793839",""
"VIDEOS 600-900-20260730T124525Z-1-001.zip","703","Sutiã Adesivo Pushup Sutian Adesivo levante Seios Peitos Invisible","VIDEOS 600-900/VIDEO 0703/Sutiã Adesivo Pushup Sutian Adesivo levante Seios Peitos Invisible.mp4","e871c90766bfbed3293f821f3a9844957c46f7a49d8f79e6852ce0ce1d244286","ok","5,967","720","1280","720x1280","vertical","30","h264","aac","2","44100","780140","581887",""
"VIDEOS 600-900-20260730T124525Z-1-001.zip","704","Removedor Profissional De Calos De Aço Inoxidável , Raspador De Lima De Pés De Ferramentas De Pedicure","VIDEOS 600-900/VIDEO 0704/Removedor Profissional De Calos De Aço Inoxidável , Raspador De Lima De Pés De Ferramentas De Pedicure.mp4","2c4a06228e5b09a40453be5cbbd62a5e2f8400790ba6bdb4d356297ff39dee49","ok","7,267","720","1280","720x1280","vertical","30","h264","aac","2","44100","1423895","1293431",""
"VIDEOS 600-900-20260730T124525Z-1-001.zip","705","1 Rolo Autocolante De Faça-Você-Mesmo Mini Quadrado Espelho Brilhante Mosaico De Vidro AdesivosBanheiro Portátil Superfície Removível Festa De Natal Decorativa","VIDEOS 600-900/VIDEO 0705/1 Rolo Autocolante De Faça-Você-Mesmo Mini Quadrado Espelho Brilhante Mosaico De Vidro AdesivosBanheiro Portátil Superfície Removível Festa De Natal Decorativa.mp4","fdabff6b8a3fb3ccb44c1611c291f16f2a4c75167da16221321db46500700c35","ok","9,984","720","1280","720x1280","vertical","30","h264","aac","2","44100","1427740","1781820",""
"VIDEOS 600-900-20260730T124525Z-1-001.zip","706","Cortador Vegetal Elétrico, Multi-Funcional, Grating, Cortando, Desfiado, Batatas, Rolo, Cozinha, Casa","VIDEOS 600-900/VIDEO 0706/Cortador Vegetal Elétrico, Multi-Funcional, Grating, Cortando, Desfiado, Batatas, Rolo, Cozinha, Casa.mp4","a4f2a19c9489b629b5e6ec8e5402b555fbdc05cc9731e930ec44ab74cf5fa09c","ok","6,919","720","1280","720x1280","vertical","30","h264","aac","2","44100","1532160","1325127",""
"VIDEOS 600-900-20260730T124525Z-1-001.zip","707","LEOPOLDO Suporte De Proteção Vento Contra Incêndio Isolamento Térmico À Prova De Para Hob Home Wok Rack Gas Fogão Anel","VIDEOS 600-900/VIDEO 0707/LEOPOLDO Suporte De Proteção Vento Contra Incêndio Isolamento Térmico À Prova De Para Hob Home Wok Rack Gas Fogão Anel.mp4","cf8541114f92dfd91e1ea98df14227909c7e1403909bf56f15173aef0d4c156a","ok","9,496","720","1280","720x1280","vertical","30","h264","aac","2","44100","2095691","2487586",""
"VIDEOS 600-900-20260730T124525Z-1-001.zip","708","Cola De Vedação De Furo De Parede Ar Condicionado Tubo De Pia Lama À Prova D_água Cimento Marca De Argila Nova","VIDEOS 600-900/VIDEO 0708/Cola De Vedação De Furo De Parede Ar Condicionado Tubo De Pia Lama À Prova D_água Cimento Marca De Argila Nova.mp4","8e5356f6faa75e6a90f1361a3811fa737244c59549660e78ecf57142f7181108","ok","11,818","720","1280","720x1280","vertical","30","h264","aac","2","44100","1065417","1573888",""
"VIDEOS 600-900-20260730T124525Z-1-001.zip","709","Capa de Máquina de Lavar com Zíper ou com Tampa Forrada Flanelada Perolizada Impermeavel ou PVC e Plastico - Modelo Tamanho Cor Marca 6kg 7kg 8kg 9kg 10 kg 11 kg 12kg 13kg 14kg 15kg Capa para Maquina de L","VIDEOS 600-900/VIDEO 0709/Capa de Máquina de Lavar com Zíper ou com Tampa Forrada Flanelada Perolizada Impermeavel ou PVC e Plastico - Modelo Tamanho Cor Marca 6kg 7kg 8kg 9kg 10 kg 11 kg 12kg 13kg 14kg 15kg Capa para Maquina de L.mp4","4f5ac759c9baf780dc0e377968af97f1d3fd0d2e1fa6b2be78ffbfae84652f57","ok","8,707","720","1280","720x1280","vertical","30","h264","aac","2","44100","2069652","2252558",""
"VIDEOS 600-900-20260730T124525Z-1-001.zip","710","Shampoo à Seco Above 150ML90G Fresh","VIDEOS 600-900/VIDEO 0710/Shampoo à Seco Above 150ML90G Fresh.mp4","90e1e72ed6f8babe249821f88edfdbb1bb5df4d6b0b45b46aba31fb2bac783ab","ok","19,481","720","1280","720x1280","vertical","30","h264","aac","2","44100","2241287","5457815",""
"VIDEOS 600-900-20260730T124525Z-1-001.zip","711","Chave Torx De Cabeça Dupla Universal De 8-22 Mm, Reparo Automático, Ferramenta Manual Ajustável Display Portátil Gancho 230 Mm","VIDEOS 600-900/VIDEO 0711/Chave Torx De Cabeça Dupla Universal De 8-22 Mm, Reparo Automático, Ferramenta Manual Ajustável Display Portátil Gancho 230 Mm.mp4","943b0d2cb7ce393ce666596b93ffde8d7fec52f7732106fb9b112a033a2ea22e","ok","7,406","720","1280","720x1280","vertical","30","h264","aac","2","44100","1396963","1293239",""
"VIDEOS 600-900-20260730T124525Z-1-001.zip","712","LED Digital Projeção Despertador Para O Quarto Mesa Eletrônico Relógios De USB Wake Up Relógio Com No Teto Da Parede","VIDEOS 600-900/VIDEO 0712/LED Digital Projeção Despertador Para O Quarto Mesa Eletrônico Relógios De USB Wake Up Relógio Com No Teto Da Parede.mp4","1b7da541df0721ff723f41496f1eceb6434670e3bb0a3ca5e0a6fdda77bcf994","ok","7,731","720","1280","720x1280","vertical","30","h264","aac","2","44100","1627366","1572646",""
"VIDEOS 600-900-20260730T124525Z-1-001.zip","713","Bomba De Ar Elétrica Potente De 220V 55W Saco De Compressão A Vácuo Para Sacos De Armazenamento De Roupas Máquina Seladora","VIDEOS 600-900/VIDEO 0713/Bomba De Ar Elétrica Potente De 220V 55W Saco De Compressão A Vácuo Para Sacos De Armazenamento De Roupas Máquina Seladora.mp4","63795411202c942b4f863cbadbd302086fde11a7db85d1ab69b5c292b173c315","ok","19,782","720","1280","720x1280","vertical","30","h264","aac","2","44100","2413752","5968607",""
"VIDEOS 600-900-20260730T124525Z-1-001.zip","714","Lençol De Transferência Para Idoso E Acamado Longevitech até 100kg lavavél","VIDEOS 600-900/VIDEO 0714/Lençol De Transferência Para Idoso E Acamado Longevitech até 100kg lavavél.mp4","26bb65a5fa26f7aa1949f34ca7d6b9a4ef39e5636b038046e300e71fe5d96e95","ok","15,208","720","1280","720x1280","vertical","30","h264","aac","2","44100","1648768","3134308",""
"VIDEOS 600-900-20260730T124525Z-1-001.zip","715","Pintura de Areia Movediça de Vidro 3D Criativa Nórdica Decoração de Casa Enfeite de Areia Ampulheta Sala de Estar Escritório Montanhas","VIDEOS 600-900/VIDEO 0715/Pintura de Areia Movediça de Vidro 3D Criativa Nórdica Decoração de Casa Enfeite de Areia Ampulheta Sala de Estar Escritório Montanhas.mp4","d0c9e96c606453b061814049657d23a30f238fd91f1291f4dd4183ceee646018","ok","14,293","720","1280","720x1280","vertical","30","h264","aac","2","48000","1223960","2186759",""
"VIDEOS 600-900-20260730T124525Z-1-001.zip","716","Monsterzeug Automatic Spaghetti Fork Electric Cutlery Self Rotating Fork for Children Electric","VIDEOS 600-900/VIDEO 0716/Monsterzeug Automatic Spaghetti Fork Electric Cutlery Self Rotating Fork for Children Electric.mp4","3a4c5c0edc2eaabe6967cb3dd51048e00c214b64fb5811c3a0e6246157a656b7","ok","19,666","720","1280","720x1280","vertical","30","h264","aac","2","44100","1313258","3228317",""
"VIDEOS 600-900-20260730T124525Z-1-001.zip","717","Schrling não há necessidade de broca sombra circo estilo xadrez padrão dentro da montagem sem danos cortinas de rolo de tensão","VIDEOS 600-900/VIDEO 0717/Schrling não há necessidade de broca sombra circo estilo xadrez padrão dentro da montagem sem danos cortinas de rolo de tensão.mp4","dd19a245525cd39684e53afc882f7d48268b7da1a7a355c339a19d797d95442a","ok","9,032","720","1280","720x1280","vertical","30","h264","aac","2","44100","1796487","2028234",""
"VIDEOS 600-900-20260730T124525Z-1-001.zip","812","Máquina De Lavar Roupa Capa De Couro Anti-Poeira Frigorífico Pano Impermeável Protetor Solar Tapete Descartável Toalha De Mesa De Cabeceira","VIDEOS 600-900/VIDEO 0812/Máquina De Lavar Roupa Capa De Couro Anti-Poeira Frigorífico Pano Impermeável Protetor Solar Tapete Descartável Toalha De Mesa De Cabeceira.mp4","78c85d733707803105de496095c3388dc0c643263d24b4e09b34df9a898b4d6e","ok","8,498","720","1280","720x1280","vertical","30","h264","aac","2","44100","1785406","1896548",""
"VIDEOS 600-900-20260730T124525Z-1-001.zip","813","Desconto Banco RetráctilCadeira De Plástico Pesca Portátil Plataforma-Up Handy Tool Outdoor","VIDEOS 600-900/VIDEO 0813/Desconto Banco RetráctilCadeira De Plástico Pesca Portátil Plataforma-Up Handy Tool Outdoor.mp4","1c315da58c3ba1ebcf2e66d762418b291e1325e9797c2563479b3be8aad8b79f","ok","13,56","720","1280","720x1280","vertical","30","h264","aac","2","44100","2213886","3752538",""
"VIDEOS 600-900-20260730T124525Z-1-001.zip","814","Papel de Parede Autoadesivo 3D de Couro","VIDEOS 600-900/VIDEO 0814/Papel de Parede Autoadesivo 3D de Couro.mp4","6e8af5b6a2fcc45d4d162188035b16d70ab3a5225343302458029ca1969267e7","ok","31,416","720","1280","720x1280","vertical","30","h264","aac","2","44100","2938720","11540356",""
"VIDEOS 600-900-20260730T124525Z-1-001.zip","815","Escova Longa de Banho para Esfregar as Costas com Massageador Condor Produto Original","VIDEOS 600-900/VIDEO 0815/Escova Longa de Banho para Esfregar as Costas com Massageador Condor Produto Original.mp4","023b4c25d4d8701905f1b1c72b3c0e497afab2280ab1baa1298662f817052eb1","ok","16,555","720","1280","720x1280","vertical","30","h264","aac","2","44100","1814959","3755832",""
"VIDEOS 600-900-20260730T124525Z-1-001.zip","816","Fritadeira de ar duplo com cesta dupla 9l dois zona dupla 2 cesta fritadeira de ar profundo elétrica","VIDEOS 600-900/VIDEO 0816/Fritadeira de ar duplo com cesta dupla 9l dois zona dupla 2 cesta fritadeira de ar profundo elétrica.mp4","0365199230ee5bd8d7cb83ac34e7d5c104f536d67c60a4e8fe68783bf21fc71c","ok","25,023","720","1280","720x1280","vertical","30","h264","aac","2","48000","1529438","4783894",""
"VIDEOS 600-900-20260730T124525Z-1-001.zip","817","97L Wall Mounted Lata De Lixo Para Cozinha Recarga Bin Higiênico Porta De Armário De Pendurado Com Tampa","VIDEOS 600-900/VIDEO 0817/97L Wall Mounted Lata De Lixo Para Cozinha Recarga Bin Higiênico Porta De Armário De Pendurado Com Tampa.mp4","9bb18f241fb687f93733f0b7041048999fec0f61933b90100cd8968e0da5bb26","ok","8,173","720","1280","720x1280","vertical","30","h264","aac","2","44100","1321946","1350534",""
"VIDEOS 600-900-20260730T124525Z-1-001.zip","818","Novo Universal 1080 ° Aerador Extensor De Rotação Torneira Plástico Filtro De Respingos Torneiras De Lavatório De Cozinha Bubbler Bico Braço Robótico","VIDEOS 600-900/VIDEO 0818/Novo Universal 1080 ° Aerador Extensor De Rotação Torneira Plástico Filtro De Respingos Torneiras De Lavatório De Cozinha Bubbler Bico Braço Robótico.mp4","900e99ac96105b30059be48537ce0f0f9ee2d43a3a87cee4aaaea052aa68f453","ok","29,488","720","1280","720x1280","vertical","30","h264","aac","2","44100","1673358","6167998",""
"VIDEOS 600-900-20260730T124525Z-1-001.zip","819","Adesivo Vinilico Para Piso De Azulejo Mármore Moderno Com Cola Antiderrapante Lavável","VIDEOS 600-900/VIDEO 0819/Adesivo Vinilico Para Piso De Azulejo Mármore Moderno Com Cola Antiderrapante Lavável.mp4","e5ceed454f46dd2bc80d6960209470164aebc8d82bc19180835f832b330babd7","ok","10,053","720","1280","720x1280","vertical","30","h264","aac","2","44100","1085996","1364690",""
"VIDEOS 600-900-20260730T124525Z-1-001.zip","820","Corda De Varal nylon Antiderrapante Para Cabides Ajustável 5 Metros","VIDEOS 600-900/VIDEO 0820/Corda De Varal nylon Antiderrapante Para Cabides Ajustável 5 Metros.mp4","cca100b14fe35d80ea6b807733d9f12594c0bb5af5f1c5103ab6ac7471d03742","ok","13,002","720","1280","720x1280","vertical","30","h264","aac","2","44100","2221162","3609945",""
"VIDEOS 600-900-20260730T124525Z-1-001.zip","821","Tampa Vaso Sanitário Infantil Meninos Meninas Sapo Com Escada","VIDEOS 600-900/VIDEO 0821/Tampa Vaso Sanitário Infantil Meninos Meninas Sapo Com Escada.mp4","a67458c5ed08820479b6f5c862d87a72be4a1ad8fa88b1ba8152838c60f05645","ok","9,566","720","1280","720x1280","vertical","30","h264","aac","2","44100","1579028","1888123",""
"VIDEOS 600-900-20260730T124525Z-1-001.zip","822","Mini Aspirador De Pó Usb Portátil Completo Linha Premium Carro E Casa","VIDEOS 600-900/VIDEO 0822/Mini Aspirador De Pó Usb Portátil Completo Linha Premium Carro E Casa.mp4","b310f44f24a90fa31c0a1047cf347a0716ef18add424e52ae333cca4b3b6a27f","ok","15,417","720","1280","720x1280","vertical","30","h264","aac","2","44100","1620416","3122746",""
"VIDEOS 600-900-20260730T124525Z-1-001.zip","823","Anime Figura Super Luigi Bro Jar De Armazenamento, Candy Savings Box, Action Figure Modelo Brinquedos, Coleção Brinquedos, Presentes para Crianças","VIDEOS 600-900/VIDEO 0823/Anime Figura Super Luigi Bro Jar De Armazenamento, Candy Savings Box, Action Figure Modelo Brinquedos, Coleção Brinquedos, Presentes para Crianças.mp4","693720aeb1a88acff81522ad981db5a43f7fe82c4ebffa8e763cd8ba40a81d1c","ok","15,44","720","1280","720x1280","vertical","30","h264","aac","2","44100","1611171","3109561",""
"VIDEOS 600-900-20260730T124525Z-1-001.zip","824","E10 SUPVAN Fabricante Da Etiqueta Sem Fio Mini Impressora Térmica Para Home Kitchen Frigorífico Armazenamento","VIDEOS 600-900/VIDEO 0824/E10 SUPVAN Fabricante Da Etiqueta Sem Fio Mini Impressora Térmica Para Home Kitchen Frigorífico Armazenamento.mp4","1ced876721e8526e20e7a5a801446d17108809f2209f5f10d0cdcf4407681b92","ok","21,524","720","1280","720x1280","vertical","30","h264","aac","2","44100","1246101","3352637",""
"VIDEOS 600-900-20260730T124525Z-1-001.zip","825","Caere Cofrinho  Cofre De Porquinho Elétrico Fofo Para Casa  Cachorro  Moeda  Economia De Dinheiro","VIDEOS 600-900/VIDEO 0825/Caere Cofrinho  Cofre De Porquinho Elétrico Fofo Para Casa  Cachorro  Moeda  Economia De Dinheiro.mp4","a8facc2e456380b35b1bea870d0064dcf4d2f2ed19ce8aa7cff4aacebea2247c","ok","8,242","720","1280","720x1280","vertical","30","h264","aac","2","44100","963429","992573",""
"VIDEOS 600-900-20260730T124525Z-1-001.zip","826","Película autoadesiva para cozinha resistente a altas temperaturas, Impermeável e à prova de óleo do vinil, Adesivo Dwall do banheiro 3, Casa","VIDEOS 600-900/VIDEO 0826/Película autoadesiva para cozinha resistente a altas temperaturas, Impermeável e à prova de óleo do vinil, Adesivo Dwall do banheiro 3, Casa.mp4","0742f378b36c13a0a33b78bd97cf262cb04e2c592157090b2dc80d41b233afb2","ok","8,358","720","1280","720x1280","vertical","30","h264","aac","2","44100","1429610","1493586",""
"VIDEOS 600-900-20260730T124525Z-1-001.zip","827","Cortador Fatiador Mandoline Multifuncional 5 Funções para Cortar Batata Legumes e Vegetais Food Chopper Inovador","VIDEOS 600-900/VIDEO 0827/Cortador Fatiador Mandoline Multifuncional 5 Funções para Cortar Batata Legumes e Vegetais Food Chopper Inovador.mp4","c28cc8f4f4a5329cdf44fca23d1a515b26404b4812ff39ca89306d645321dfcb","ok","17,228","720","1280","720x1280","vertical","30","h264","aac","2","44100","1773015","3818189",""
"VIDEOS 600-900-20260730T124525Z-1-001.zip","828","Estilo nórdico abstrato tapete geométrico, quarto tapetes, tapete corredor corredor, sala de estar área tapete, tapete cozinha, veludo cristal capacho","VIDEOS 600-900/VIDEO 0828/Estilo nórdico abstrato tapete geométrico, quarto tapetes, tapete corredor corredor, sala de estar área tapete, tapete cozinha, veludo cristal capacho.mp4","f48d2a4784ded514af8c225f4f60223b67baa0fe856725e8892df4be9a08775c","ok","15,417","720","1280","720x1280","vertical","30","h264","aac","2","44100","2358442","4545013",""
"VIDEOS 600-900-20260730T124525Z-1-001.zip","829","Palmilha De Salto Com Almofada De Ar 3-9cm Para Aumentar A AlturaSuporte Calcanhar","VIDEOS 600-900/VIDEO 0829/Palmilha De Salto Com Almofada De Ar 3-9cm Para Aumentar A AlturaSuporte Calcanhar.mp4","040f7ca9579958e113ce90ac7d0931b19660ce31cba0df770d740babb0afab1c","ok","11,981","720","1280","720x1280","vertical","30","h264","aac","2","44100","2109848","3159762",""
"VIDEOS 600-900-20260730T124525Z-1-001.zip","830","3D Unicórnio EVA Cute Pencil Box Caixa De Lápis Para Estudantes Escolares Crianças De Três Camadas Grande Capacidade","VIDEOS 600-900/VIDEO 0830/3D Unicórnio EVA Cute Pencil Box Caixa De Lápis Para Estudantes Escolares Crianças De Três Camadas Grande Capacidade.mp4","a71fcee3ba3a3d6af5aaf7a74b1bdd8b5b6a94041d09b18fceba9ec083278459","ok","18,273","720","1280","720x1280","vertical","30","h264","aac","2","44100","2275591","5197735",""
"VIDEOS 600-900-20260730T124525Z-1-001.zip","831","Fabricante de crepe","VIDEOS 600-900/VIDEO 0831/Fabricante de crepe.mp4","4dd16883531e3950824cce10cb40799ed4620546b620cad0639f0b86bc6b0e11","ok","24,009","720","1280","720x1280","vertical","30","h264","aac","2","44100","1393966","4183468",""
"VIDEOS 600-900-20260730T124525Z-1-001.zip","832","4 Em 1 Recarregável Ventilador De Refrigeração Mesa Portátil 1500mAh Telescópica Dobrável Fã Handheld 4 Velocidades Mini","VIDEOS 600-900/VIDEO 0832/4 Em 1 Recarregável Ventilador De Refrigeração Mesa Portátil 1500mAh Telescópica Dobrável Fã Handheld 4 Velocidades Mini.mp4","e2c71119fc23d838b752c2973a9b12b7e0a643b11ea695244f56ef672737254f","ok","8,823","720","1280","720x1280","vertical","30","h264","aac","2","44100","1776316","1959055",""
"VIDEOS 600-900-20260730T124525Z-1-001.zip","833","Papel de parede adesivo 3d para crianças, frutas frescas, vasos de flores para o quarto das crianças, sala de estar, decoração estéreo, papel de parede de vinil","VIDEOS 600-900/VIDEO 0833/Papel de parede adesivo 3d para crianças, frutas frescas, vasos de flores para o quarto das crianças, sala de estar, decoração estéreo, papel de parede de vinil.mp4","04656fe00731989b8f9ab6b3e1a7a2320ebf42237e8dece266f8d1b93abbf563","ok","12,073","720","1280","720x1280","vertical","30","h264","aac","2","44100","1610036","2429747",""
"VIDEOS 600-900-20260730T124525Z-1-001.zip","834","ACBR 153050ml Bomba Cosmética Sem Ar Loção Vazia Creme Facial Recarregável","VIDEOS 600-900/VIDEO 0834/ACBR 153050ml Bomba Cosmética Sem Ar Loção Vazia Creme Facial Recarregável.mp4","539f74d14e3819406e68e7bf8a6b44a2ed775a6ec94bbe58bdf54ccf57d9d90b","ok","4,69","704","1252","704x1252","vertical","30","h264","aac","2","44100","1108886","650085",""
"VIDEOS 600-900-20260730T124525Z-1-001.zip","835","Suporte Porta Shampoo Cromado Pendurar Banheiro Reforcado","VIDEOS 600-900/VIDEO 0835/Suporte Porta Shampoo Cromado Pendurar Banheiro Reforcado.mp4","616296c5007c967d8f64f130bddf74f6d40bad933814583777b2600c38350113","ok","19,202","720","1280","720x1280","vertical","30","h264","aac","2","44100","1435832","3446357",""
"VIDEOS 600-900-20260730T124525Z-1-001.zip","836","Handheld Electric Garment Steamer, Máquina de suspensão portátil, passar roupa, 1000W, 220V, 6 furos Steam, Viagem","VIDEOS 600-900/VIDEO 0836/Handheld Electric Garment Steamer, Máquina de suspensão portátil, passar roupa, 1000W, 220V, 6 furos Steam, Viagem.mp4","d4462ea8d75fc10d85a46e3a88997b2ecc571bde2823b9a91bc6259288f1852d","ok","11,609","720","1280","720x1280","vertical","30","h264","aac","2","44100","1584886","2299868",""
"VIDEOS 600-900-20260730T124525Z-1-001.zip","837","Pano De Limpeza Mágica Espessado 2023","VIDEOS 600-900/VIDEO 0837/Pano De Limpeza Mágica Espessado 2023.mp4","e8449c6b0dc815dbcece6b0631454309990e8e834ce8fc4bb2140f39b4cdaa75","ok","9,032","720","1280","720x1280","vertical","30","h264","aac","2","44100","1903532","2149088",""
"VIDEOS 600-900-20260730T124525Z-1-001.zip","838","3 Cor Regulável Cat Eye Light Strip Desk Lamp LED Sensor De Movimento Luz Recarregável USB Cozinha Armário Roupeiro Lâmpada 203040 Cm","VIDEOS 600-900/VIDEO 0838/3 Cor Regulável Cat Eye Light Strip Desk Lamp LED Sensor De Movimento Luz Recarregável USB Cozinha Armário Roupeiro Lâmpada 203040 Cm.mp4","d247b7b15a127ffef74aae28d02990afa2fc78a8287411ae244e2334106f8c8b","ok","23,103","720","1280","720x1280","vertical","30","h264","aac","2","44100","1448426","4182876",""
"VIDEOS 600-900-20260730T124525Z-1-001.zip","839","Cabo Carregador USB 60w Mini Multifuncional 5 Em 1 Carregamento Rápido Suporte Para Telefone Celular Cartão De Caixa De Armazenamento MicroType-C","VIDEOS 600-900/VIDEO 0839/Cabo Carregador USB 60w Mini Multifuncional 5 Em 1 Carregamento Rápido Suporte Para Telefone Celular Cartão De Caixa De Armazenamento MicroType-C.mp4","e2b3df7f6652538b3a935d7de6c0884eb93492aa859e8ba72d1e07c66bce91cc","ok","19,179","720","1280","720x1280","vertical","30","h264","aac","2","44100","1514740","3631402",""
"VIDEOS 600-900-20260730T124525Z-1-001.zip","840","Desentupidor Bomba de pressão Vertical MaxDreno AirJet","VIDEOS 600-900/VIDEO 0840/Desentupidor Bomba de pressão Vertical MaxDreno AirJet.mp4","6f8628076801621085ea8287aad2a4c64f45c836d5952f3df2f2e93fbdd8e77d","ok","14,762","720","1280","720x1280","vertical","30","h264","aac","2","48000","1341030","2474536",""
"VIDEOS 600-900-20260730T124525Z-1-001.zip","841","Capa De Silicone Com Desenho Para Carregador Apple iPhone 12 18W20W","VIDEOS 600-900/VIDEO 0841/Capa De Silicone Com Desenho Para Carregador Apple iPhone 12 18W20W.mp4","0803598cdf118a6874aa404624f917edcf560c60bcb9b5b809f3dd3bc490ab42","ok","17,089","720","1280","720x1280","vertical","30","h264","aac","2","44100","2360877","5043130",""
"VIDEOS 600-900-20260730T124525Z-1-001.zip","842","Trança De Cabelo Automático Elétrico Máquina DIY Magia Styling Meninas Mulheres Braider Elétrica Do Ferramentas","VIDEOS 600-900/VIDEO 0842/Trança De Cabelo Automático Elétrico Máquina DIY Magia Styling Meninas Mulheres Braider Elétrica Do Ferramentas.mp4","eb9c4028c3f0ab4225a27824b6e38c5e8b035ea98bd68eb7352fc8636bc751a6","ok","6,988","576","1024","576x1024","vertical","30","h264","aac","2","44100","1448759","1265491",""
"VIDEOS 600-900-20260730T124525Z-1-001.zip","843","Chinês Portátil Chá Set, Cerâmica Outdoor Viagem Tarde Bule, Porcelana Chá Cup Set, Teaware, Teaware Define Presente para o Amigo","VIDEOS 600-900/VIDEO 0843/Chinês Portátil Chá Set, Cerâmica Outdoor Viagem Tarde Bule, Porcelana Chá Cup Set, Teaware, Teaware Define Presente para o Amigo.mp4","935e0e39858f4c9d199335157f79db9c02539cb6be3f6b16a15458a37d987230","ok","36,733","576","1024","576x1024","vertical","30","h264","aac","2","44100","601429","2761538",""
"VIDEOS 600-900-20260730T124525Z-1-001.zip","844","Assento pra Bebê Manter Postura Pronto pra Uso","VIDEOS 600-900/VIDEO 0844/Assento pra Bebê Manter Postura Pronto pra Uso.mp4","b4cde084d6343e045d2db59e50f9e33bf07039edc939a9916b7c8d35a758733b","ok","8,498","720","1280","720x1280","vertical","30","h264","aac","2","44100","1497520","1590741",""
"VIDEOS 600-900-20260730T124525Z-1-001.zip","845","COM OFERTA Kit 3 Escova Anti Estática Aço Nylon Multi Função Eletrônica","VIDEOS 600-900/VIDEO 0845/COM OFERTA Kit 3 Escova Anti Estática Aço Nylon Multi Função Eletrônica.mp4","5b1dfc847fcda7f1867f08398bf019cd45171b977a799cd72a0fafcdef79646b","ok","11,795","720","1280","720x1280","vertical","30","h264","aac","2","44100","1670836","2463440",""
"VIDEOS 600-900-20260730T124525Z-1-001.zip","846","2 Corretor Noturno Joanetes Ortopédico Articulado","VIDEOS 600-900/VIDEO 0846/2 Corretor Noturno Joanetes Ortopédico Articulado.mp4","55be41b68c4484564cb1083727df39434490f5ffb31389868d55ab309ce1c16d","ok","6,315","720","1280","720x1280","vertical","30","h264","aac","2","44100","1053215","831382",""
"VIDEOS 600-900-20260730T124525Z-1-001.zip","847","Cortina Blackout Com Ventosas Para Proteção Contra O Sol De Sala De Estar , Anti-Uv","VIDEOS 600-900/VIDEO 0847/Cortina Blackout Com Ventosas Para Proteção Contra O Sol De Sala De Estar , Anti-Uv.mp4","2c77962320e7591b0a188e25d7592b6d2823e48c8abbbcf5944e8752d3f366fe","ok","8,289","720","1280","720x1280","vertical","30","h264","aac","2","44100","2429222","2516978",""
"VIDEOS 600-900-20260730T124525Z-1-001.zip","848","Suporte Para Celular Mãozinha Flexível para Mesa Apoio de Tablet Celular Cor Aleatoria","VIDEOS 600-900/VIDEO 0848/Suporte Para Celular Mãozinha Flexível para Mesa Apoio de Tablet Celular Cor Aleatoria.mp4","985650dc50d282ed5428a30674513a956cc057bd7610a8d5b0c890144b62d5ab","ok","15,371","720","1280","720x1280","vertical","30","h264","aac","2","44100","1783812","3427373",""
"VIDEOS 600-900-20260730T124525Z-1-001.zip","849","Aço inoxidável Mão Pipoca Máquina, pequeno Manual Pipoca Maker, Abrir Firing, Mini Popper, 001","VIDEOS 600-900/VIDEO 0849/Aço inoxidável Mão Pipoca Máquina, pequeno Manual Pipoca Maker, Abrir Firing, Mini Popper, 001.mp4","1fcd68a8cbb895c6aa77645d916521ddd9ab327109c5b4669a8b15fc65cee48b","ok","61,811","720","1280","720x1280","vertical","30","h264","aac","2","44100","2322420","17943889",""
"VIDEOS 600-900-20260730T124525Z-1-001.zip","850","Banheira Ofurô Dobrável Portátil Retangular PVC Com Encosto Inflável VG+","VIDEOS 600-900/VIDEO 0850/Banheira Ofurô Dobrável Portátil Retangular PVC Com Encosto Inflável VG+.mp4","e187c3bcf0e767c61a5d0dee9289689334b56bd716dfbb72fa787cb85f620c2b","ok","7,615","720","1280","720x1280","vertical","30","h264","aac","2","44100","2572524","2448722",""
"VIDEOS 600-900-20260730T124525Z-1-001.zip","851","B Ferramenta De Irrigação Automática De Jardim Planta Gotejamento Interno De Pássaros","VIDEOS 600-900/VIDEO 0851/B Ferramenta De Irrigação Automática De Jardim Planta Gotejamento Interno De Pássaros.mp4","291b4efe204d9fd703aef07ccd9980fad5426073104f4f478b9a65bb979f0e54","ok","8,451","720","1280","720x1280","vertical","30","h264","aac","2","44100","1518882","1604509",""
"VIDEOS 600-900-20260730T124525Z-1-001.zip","852","Aparelho Movedor Móveis Fácil Levantador Materiais Pesados Kit 5 Peças Sliders","VIDEOS 600-900/VIDEO 0852/Aparelho Movedor Móveis Fácil Levantador Materiais Pesados Kit 5 Peças Sliders.mp4","ef6065b23ce33a8bd7b64a6e96fa8e092cd3266070f39f532fe222f09b420158","ok","8,66","576","1024","576x1024","vertical","30","h264","aac","2","44100","1030292","1115292",""
"VIDEOS 600-900-20260730T124525Z-1-001.zip","853","Escova De Aço Para Limpeza Esponja Panela Fogão Louça Cozinha Porta Detergente Sabão Dispenser Multiuso","VIDEOS 600-900/VIDEO 0853/Escova De Aço Para Limpeza Esponja Panela Fogão Louça Cozinha Porta Detergente Sabão Dispenser Multiuso.mp4","5baeaefc7a22be632d6b75951f4135767a3b96a55aa082f52d57c0634da68bcb","ok","14,558","720","1280","720x1280","vertical","30","h264","aac","2","44100","2871385","5225203",""
"VIDEOS 600-900-20260730T124525Z-1-001.zip","854","Creme de pintura de cera Mofajang  DIY Hair Wax  Style Creme De Lama Estilo Cabelo Modelagem Temporária 7 cores","VIDEOS 600-900/VIDEO 0854/Creme de pintura de cera Mofajang  DIY Hair Wax  Style Creme De Lama Estilo Cabelo Modelagem Temporária 7 cores.mp4","aae6e9c5a98a4e98a82d4e97b302298d354341aca8db4b2e858df251ef51ab41","ok","23,823","720","1280","720x1280","vertical","30","h264","aac","2","44100","1863689","5549833",""
"VIDEOS 600-900-20260730T124525Z-1-001.zip","855","Campainha Olho Brilhante Com Lâmpada De LED Elétrica Para Halloween","VIDEOS 600-900/VIDEO 0855/Campainha Olho Brilhante Com Lâmpada De LED Elétrica Para Halloween.mp4","b167bf6edfeab60b9b185b4be12f5a9fc5edc50ca4031926cbda8124e43810ee","ok","11,702","720","1280","720x1280","vertical","30","h264","aac","2","44100","2068289","3025391",""
"VIDEOS 600-900-20260730T124525Z-1-001.zip","856","Seladora Embaladora A Vácuo Vacuum Elétrico Automático + 10PCS Saco de vácuo","VIDEOS 600-900/VIDEO 0856/Seladora Embaladora A Vácuo Vacuum Elétrico Automático + 10PCS Saco de vácuo.mp4","8cb966171d1305cf76208adf6fc59898bb867f65ec6a16e6178e36989ef87055","ok","15,162","720","1280","720x1280","vertical","30","h264","aac","2","44100","2020232","3828845",""
"VIDEOS 600-900-20260730T124525Z-1-001.zip","857","50 Fio Dental SuperfinoBastões De Higiene Bucal","VIDEOS 600-900/VIDEO 0857/50 Fio Dental SuperfinoBastões De Higiene Bucal.mp4","d24ea2347e84d4ecfffe520d0123ba0c9fd2034b4ac5f47b2080efadb65a3044","ok","14,976","720","1280","720x1280","vertical","30","h264","aac","2","44100","838192","1569097",""
"VIDEOS 600-900-20260730T124525Z-1-001.zip","858","Lbx moderno e minimalista sala de estar quarto lazer couro silicone cadeira preguiçoso","VIDEOS 600-900/VIDEO 0858/Lbx moderno e minimalista sala de estar quarto lazer couro silicone cadeira preguiçoso.mp4","b8d21700b17906affd9d7690a991f68ec08dba994c36a159b3b5199523796a6b","ok","14,143","576","1024","576x1024","vertical","30","h264","aac","2","48000","1401778","2478169",""
"VIDEOS 600-900-20260730T124525Z-1-001.zip","859","Abridor De Lata Automática Multifuncional Tampa De Idosos E Crianças Ferramenta De Abertura Rotativa Elétrica","VIDEOS 600-900/VIDEO 0859/Abridor De Lata Automática Multifuncional Tampa De Idosos E Crianças Ferramenta De Abertura Rotativa Elétrica.mp4","f44b21914d16a9643493b05aa9239697b591eea7b1b99b9183244adc72542608","ok","11,539","720","1280","720x1280","vertical","30","h264","aac","2","44100","523572","755188",""
"VIDEOS 600-900-20260730T124525Z-1-001.zip","860","Cabeceira Macia Bolsa Grande Encosto Almofada Sofá Tatami Leitura Triângulo Travesseiro Lombar Removível","VIDEOS 600-900/VIDEO 0860/Cabeceira Macia Bolsa Grande Encosto Almofada Sofá Tatami Leitura Triângulo Travesseiro Lombar Removível.mp4","218ef44f355d5484372e12b69422d05dd50832efe4165127c0b65ab49ae8b2cf","ok","9,728","720","1280","720x1280","vertical","30","h264","aac","2","44100","1540648","1873429",""
"VIDEOS 600-900-20260730T124525Z-1-001.zip","861","2022 Nova 4G Telefone Do Cartão SIM Relógio Inteligente Dos Homens Esportes Aptidão Wifi Internet Gravação Da Câmera Freqüência Cardíaca De Oxigênio No Sangue","VIDEOS 600-900/VIDEO 0861/2022 Nova 4G Telefone Do Cartão SIM Relógio Inteligente Dos Homens Esportes Aptidão Wifi Internet Gravação Da Câmera Freqüência Cardíaca De Oxigênio No Sangue.mp4","41171415f494ce5fc7e7abf296922e6b06ed2ea55403aea156aca7951092a286","ok","12,422","720","1280","720x1280","vertical","30","h264","aac","2","44100","1211963","1881877",""
"VIDEOS 600-900-20260730T124525Z-1-001.zip","862","Rede De Camping Grande Com Mosquiteira 2 Pessoas Pop-up Peso Leve Pára-Quedas Pendurado Balanço","VIDEOS 600-900/VIDEO 0862/Rede De Camping Grande Com Mosquiteira 2 Pessoas Pop-up Peso Leve Pára-Quedas Pendurado Balanço.mp4","2f61eb461bc7d32279d092ad8de9256a8d1a416ce10fb437a18b086e2cab412f","ok","7,128","576","1024","576x1024","vertical","30","h264","aac","2","44100","2257710","2011620",""
"VIDEOS 600-900-20260730T124525Z-1-001.zip","863","Refrigerador De Ar Ventilador Umidificador Portátil Com Led Reservatório De Água Led Usb","VIDEOS 600-900/VIDEO 0863/Refrigerador De Ar Ventilador Umidificador Portátil Com Led Reservatório De Água Led Usb.mp4","82cd0bc3012f3c34d25649ca1cb435fe7ec9a258f347556b37d7a13cb8ca6150","ok","13,443","720","1280","720x1280","vertical","30","h264","aac","2","44100","869395","1460911",""
"VIDEOS 600-900-20260730T124525Z-1-001.zip","864","6 PçsConjunto Mini Batom Mate Com Estrela De Longa DuraçãoAveludado Cor Pastel À Prova D_água Portátil","VIDEOS 600-900/VIDEO 0864/6 PçsConjunto Mini Batom Mate Com Estrela De Longa DuraçãoAveludado Cor Pastel À Prova D_água Portátil.mp4","9f220446e23408ebdc8a8252efd860b12dac849514c5ff897417f7252edfc5bb","ok","12,677","720","1280","720x1280","vertical","30","h264","aac","2","44100","1806183","2862124",""
"VIDEOS 600-900-20260730T124525Z-1-001.zip","865","Martelo de segurança automática ferramenta aço inoxidável bainha náilon sobrevivência ao ar livre acampamento caminhadas portátil bolso faca multitool garra martelo","VIDEOS 600-900/VIDEO 0865/Martelo de segurança automática ferramenta aço inoxidável bainha náilon sobrevivência ao ar livre acampamento caminhadas portátil bolso faca multitool garra martelo.mp4","b9b66b77a83363db781b4a4f434f110d6a375db7a96152b736b7dc60d46efd79","ok","34,202","720","1280","720x1280","vertical","30","h264","aac","2","44100","1357916","5805431",""
"VIDEOS 600-900-20260730T124525Z-1-001.zip","866","Tesoura Mira Laser Para Cortes Mais Precisos","VIDEOS 600-900/VIDEO 0866/Tesoura Mira Laser Para Cortes Mais Precisos.mp4","3a6d9cc34d02f057d2ad1289835f9a732c02bff42d14ce62e088e1ee5ebcf2ae","ok","11,493","720","1280","720x1280","vertical","30","h264","aac","2","44100","1610648","2313898",""
"VIDEOS 600-900-20260730T124525Z-1-001.zip","867","Alicate Aplicador Botões Tic tac De Metal N35 Roupa De Bebê","VIDEOS 600-900/VIDEO 0867/Alicate Aplicador Botões Tic tac De Metal N35 Roupa De Bebê.mp4","cfe346d3aec61d89d2f59edbaec2c346e1957f0a18010292a60bd77b4ac4b290","ok","9,217","720","1280","720x1280","vertical","30","h264","aac","2","44100","1548363","1783908",""
"VIDEOS 600-900-20260730T124525Z-1-001.zip","868","Ralador Fatiador De Cenoura Mandoline Multi-Função Com FiltroCozinha E Frutas Vegetais","VIDEOS 600-900/VIDEO 0868/Ralador Fatiador De Cenoura Mandoline Multi-Função Com FiltroCozinha E Frutas Vegetais.mp4","22be630c3b4995aced998a871452c8bde92b9958a4a9bf823438a42c8e41fd5e","ok","16,508","720","1280","720x1280","vertical","30","h264","aac","2","44100","1942118","4007562",""
"VIDEOS 600-900-20260730T124525Z-1-001.zip","869","Phomemo M110 Mini Impressora Auto-Adesiva Portátil De Rótulo Térmico Adesivo bluetooth Pocket Sticker 53mm Papelaria DIY","VIDEOS 600-900/VIDEO 0869/Phomemo M110 Mini Impressora Auto-Adesiva Portátil De Rótulo Térmico Adesivo bluetooth Pocket Sticker 53mm Papelaria DIY.mp4","08f33733535d5a72150f15622bd561ca90c434516a9377cef3097a76de81b95e","ok","23,707","720","1280","720x1280","vertical","30","h264","aac","2","44100","1664287","4931908",""
"VIDEOS 600-900-20260730T124525Z-1-001.zip","870","Bolsa de laptop impermeável multifuncional para homens, escola, esporte, negócios, viagens, caminhadas, negócios, mochilas de luxo, novo, 2023","VIDEOS 600-900/VIDEO 0870/Bolsa de laptop impermeável multifuncional para homens, escola, esporte, negócios, viagens, caminhadas, negócios, mochilas de luxo, novo, 2023.mp4","8323063262a7705476e557af5fba5cad14c1c216b3b6c69c927d22c15aadc578","ok","18,645","720","1280","720x1280","vertical","30","h264","aac","2","44100","974557","2271328",""
"VIDEOS 600-900-20260730T124525Z-1-001.zip","871","3 Em 1 Removedor De Silicone Raspador De Acabamento De Calafetagem Kit De Ferramentas De Remoção De Moldes Conjunto Manuais","VIDEOS 600-900/VIDEO 0871/3 Em 1 Removedor De Silicone Raspador De Acabamento De Calafetagem Kit De Ferramentas De Remoção De Moldes Conjunto Manuais.mp4","f7ff9018247aa8c0db4c0ab71325ee3efb05441aa2072b322040186b5ebc4bc7","ok","21,269","720","1280","720x1280","vertical","30","h264","aac","2","44100","871095","2315916",""
"VIDEOS 600-900-20260730T124525Z-1-001.zip","872","Sofá Elástico À Prova D_água Capa De Almofada De Velo Jacquard Seccional 123 Lugares Em Forma De L Universal Móveis Protetores De Casa Decoração De Sala De Estar","VIDEOS 600-900/VIDEO 0872/Sofá Elástico À Prova D_água Capa De Almofada De Velo Jacquard Seccional 123 Lugares Em Forma De L Universal Móveis Protetores De Casa Decoração De Sala De Estar.mp4","1582f3c4dea63205196733e1b177cfaca182cbb1b214fc746cc7e36f7969dabc","ok","10,193","720","1280","720x1280","vertical","30","h264","aac","2","44100","2300571","2931216",""
"VIDEOS 600-900-20260730T124525Z-1-001.zip","873","MINI GELADEIRA REFRIGERADOR AQUECEDOR 12V AUTOMOTIVO 4L PORTATIL COM ALÇA PARA TRANSPORTE","VIDEOS 600-900/VIDEO 0873/MINI GELADEIRA REFRIGERADOR AQUECEDOR 12V AUTOMOTIVO 4L PORTATIL COM ALÇA PARA TRANSPORTE.mp4","3017b08b61ae889805f1ef6f0431da7ccf29588160605d859d3a2ff5dd0dea1f","ok","14,372","720","1280","720x1280","vertical","30","h264","aac","2","44100","904442","1624831",""
"VIDEOS 600-900-20260730T124525Z-1-001.zip","874","HFH-[Bring Your Own Clean Liquid] Cannonball Bucket Shu Cotton Mop","VIDEOS 600-900/VIDEO 0874/HFH-[Bring Your Own Clean Liquid] Cannonball Bucket Shu Cotton Mop.mp4","1d17677e78f17fb46b659935ad386df7edf9f857a5a988e7fbe205c2136fc689","ok","19,341","720","1280","720x1280","vertical","30","h264","aac","2","44100","1648195","3984719",""
"VIDEOS 600-900-20260730T124525Z-1-001.zip","875","1 Rolo 5M Papel De Parede Autoadesivo 3D De Espuma Espessada Adesivo À Prova D_água Esfoliante De Umidade Decoração De Casa","VIDEOS 600-900/VIDEO 0875/1 Rolo 5M Papel De Parede Autoadesivo 3D De Espuma Espessada Adesivo À Prova D_água Esfoliante De Umidade Decoração De Casa.mp4","31be5b0213e31e9f6201b7fb421aa7a060b61f75924039f38f3b0c30941d62f4","ok","11,354","720","1280","720x1280","vertical","30","h264","aac","2","44100","2224370","3156938",""
"VIDEOS 600-900-20260730T124525Z-1-001.zip","876","Suporte Adesivo De 2 Peças Para Haste De Cortina Sem Pregos Ajustáveis","VIDEOS 600-900/VIDEO 0876/Suporte Adesivo De 2 Peças Para Haste De Cortina Sem Pregos Ajustáveis.mp4","84f936dfaca74da8cf8a78713c1283a5d70ea7c7a78a254898c5829801102da5","ok","12,863","720","1280","720x1280","vertical","30","h264","aac","2","44100","1447861","2327980",""
"VIDEOS 600-900-20260730T124525Z-1-001.zip","877","DOYING Desktop Shipping Label Printer High Speed USB Direct Thermal Printer Label Maker Sticker 40-80mm Paper Width for Shipping Postage Barcodes Labels Printing Compatible with Amazon Ebay Shopify Fe","VIDEOS 600-900/VIDEO 0877/DOYING Desktop Shipping Label Printer High Speed USB Direct Thermal Printer Label Maker Sticker 40-80mm Paper Width for Shipping Postage Barcodes Labels Printing Compatible with Amazon Ebay Shopify Fe.mp4","469d78a246b87854372743cc95d37f8d4ec9e5eb895bee6429f1ea805dc5a2ee","ok","16,741","720","1280","720x1280","vertical","30","h264","aac","2","44100","1069912","2238926",""
"VIDEOS 600-900-20260730T124525Z-1-001.zip","878","Saboneteira Inteligente Para Sabão Em Barra Multifuncional - Usa até o Ultimo Pedacinho de Sabão","VIDEOS 600-900/VIDEO 0878/Saboneteira Inteligente Para Sabão Em Barra Multifuncional - Usa até o Ultimo Pedacinho de Sabão.mp4","ff9879a14bde3eda115400dbb3f39c12879fe218769ad7f4543d8d5b41180d2b","ok","14,604","720","1280","720x1280","vertical","30","h264","aac","2","44100","2241062","4091059",""
"VIDEOS 600-900-20260730T124525Z-1-001.zip","879","Projetor Xiaomi Wanbo T2 max 1080p 4k Hdr10 Wif Bluetooth lacrado","VIDEOS 600-900/VIDEO 0879/Projetor Xiaomi Wanbo T2 max 1080p 4k Hdr10 Wif Bluetooth lacrado.mp4","8c05294cc25466dc4895bb86f90bba82f0bdaf4d9a755ba518422e2d8b4ba648","ok","26,005","720","1280","720x1280","vertical","30","h264","aac","2","44100","1362054","4427528",""
"VIDEOS 600-900-20260730T124525Z-1-001.zip","880","Suporte Para Celular Universal Espelho Retrovisor Carro 360","VIDEOS 600-900/VIDEO 0880/Suporte Para Celular Universal Espelho Retrovisor Carro 360.mp4","bc8d95f772c7241cb3923eeb5570b90def004692a66bbc83c0b88588d86da5b0","ok","19,968","720","1280","720x1280","vertical","30","h264","aac","2","44100","1457262","3637328",""
"VIDEOS 600-900-20260730T124525Z-1-001.zip","881","Binoculo Luneta Com Nitidez Zoom Profissional Oferta PROMOCAO","VIDEOS 600-900/VIDEO 0881/Binoculo Luneta Com Nitidez Zoom Profissional Oferta PROMOCAO.mp4","c88d7a77c410b2315cd83d36ff1aadbd01f129a4332d52028d411baa5d4d07dd","ok","11,563","720","1280","720x1280","vertical","30","h264","aac","2","44100","1319764","1907555",""
"VIDEOS 600-900-20260730T124525Z-1-001.zip","882","Caixa de tecido de pelúcia dos desenhos animados para braço de carro, 2 em 1, fofo, adorável, coelho, curto, criativo, suporte, assento","VIDEOS 600-900/VIDEO 0882/Caixa de tecido de pelúcia dos desenhos animados para braço de carro, 2 em 1, fofo, adorável, coelho, curto, criativo, suporte, assento.mp4","86e29fab415bf8e36cbddf93c01074606598fed46cf680800671878d827e1e68","ok","8,985","720","1280","720x1280","vertical","30","h264","aac","2","44100","1677763","1884338",""
"VIDEOS 600-900-20260730T124525Z-1-001.zip","883","brincos feminino luxo atacado para revender brincos 2022 moda brincos coloridos tendêncLuxo ouro cor longa borla brincos para mulher temperamento folha balançar brincos casamento brinco dia dos namorados","VIDEOS 600-900/VIDEO 0883/brincos feminino luxo atacado para revender brincos 2022 moda brincos coloridos tendêncLuxo ouro cor longa borla brincos para mulher temperamento folha balançar brincos casamento brinco dia dos namorados.mp4","78be4d0957a3aeb771525b2c325eb624b446e3ae6645a22463f46a7f2e98a8ba","ok","10,943","720","1280","720x1280","vertical","30","h264","aac","2","48000","1290678","1765487",""
"VIDEOS 600-900-20260730T124525Z-1-001.zip","884","220v hicon máquina de gelo elétrica bala cilíndrica máquina de gelo automático do agregado familiar mini máquina de fazer gelo para a loja de chá de leite","VIDEOS 600-900/VIDEO 0884/220v hicon máquina de gelo elétrica bala cilíndrica máquina de gelo automático do agregado familiar mini máquina de fazer gelo para a loja de chá de leite.mp4","5a7166ca4153bdfde3ac3fa883dcfacb4c7630956fc0fd6d767c4e0458ce370f","ok","10,587","704","1252","704x1252","vertical","30","h264","aac","2","44100","1098039","1453118",""
"VIDEOS 600-900-20260730T124525Z-1-001.zip","885","Saco de viagem compras portátil dobrávelArmazenamento grande espesso","VIDEOS 600-900/VIDEO 0885/Saco de viagem compras portátil dobrávelArmazenamento grande espesso.mp4","270caa5bc2878fea56823809b6f3593a45600d5d0dda38b3afec618af0aea83a","ok","15,092","720","1280","720x1280","vertical","30","h264","aac","2","44100","2161558","4077781",""
"VIDEOS 600-900-20260730T124525Z-1-001.zip","886","AULA-H530 Mouse giratório sem fio, Decompress carregamento, RGB Gaming Mouse, quatro modos, mais novo","VIDEOS 600-900/VIDEO 0886/AULA-H530 Mouse giratório sem fio, Decompress carregamento, RGB Gaming Mouse, quatro modos, mais novo.mp4","82082e23d40cb114ee73527d8002511ab3f1b04baea80ae32f2c0f11296ab8b6","ok","26,702","720","1280","720x1280","vertical","30","h264","aac","2","44100","1291577","4310964",""
"VIDEOS 600-900-20260730T124525Z-1-001.zip","887","Uvr de alta qualidade engrossar alta densidade natural látex colchão quarto hotel tatami almofada cama única dupla respirável tapete chão","VIDEOS 600-900/VIDEO 0887/Uvr de alta qualidade engrossar alta densidade natural látex colchão quarto hotel tatami almofada cama única dupla respirável tapete chão.mp4","6e135c4ed2236934016a767c221aa6c80543fe286a91d8b10b256ccd1e048e41","ok","24,101","720","1280","720x1280","vertical","30","h264","aac","2","44100","1430307","4308981",""
"VIDEOS 600-900-20260730T124525Z-1-001.zip","888","Mulheres Chinelos de Plataforma Sapatos de Verão Sandálias Flats 2022 Nova Tendência Causal Cunhas Flip Flops Sapatas Das Senhoras Praia Sandália de Slides","VIDEOS 600-900/VIDEO 0888/Mulheres Chinelos de Plataforma Sapatos de Verão Sandálias Flats 2022 Nova Tendência Causal Cunhas Flip Flops Sapatas Das Senhoras Praia Sandália de Slides.mp4","ff1a038982f825c49e9e187413a888bfb1632b66abb1b688aecbc8cdc07e7d37","ok","8,703","720","1280","720x1280","vertical","30","h264","aac","2","48000","1866096","2030080",""
"VIDEOS 600-900-20260730T124525Z-1-001.zip","889","Limpador De Colchão De Sofá De Cama Aspirador De Pó Ácaro","VIDEOS 600-900/VIDEO 0889/Limpador De Colchão De Sofá De Cama Aspirador De Pó Ácaro.mp4","a2789cd110dd0ff57724bb07eec901818f1479befd9c51e38bb1ceefa8d1118a","ok","18,064","720","1280","720x1280","vertical","30","h264","aac","2","44100","1790063","4041964",""
"VIDEOS 600-900-20260730T124525Z-1-001.zip","890","1 Peça Bolsa De OmbroTransversal Feminina Grande Capacidade De Cor Lisa","VIDEOS 600-900/VIDEO 0890/1 Peça Bolsa De OmbroTransversal Feminina Grande Capacidade De Cor Lisa.mp4","43375c433ba7f9fbb11b3ff2aef3d135a4497a121a0480c7e2e9604bfe2a5f67","ok","19,016","720","1280","720x1280","vertical","30","h264","aac","2","44100","1801839","4282972",""
"VIDEOS 600-900-20260730T124525Z-1-001.zip","891","Inverno flanela casal cama acolchoado folha de cama 2 pessoas pelúcia colchão capa elástica fitted folha 90 150 180x200 macio quente grosso","VIDEOS 600-900/VIDEO 0891/Inverno flanela casal cama acolchoado folha de cama 2 pessoas pelúcia colchão capa elástica fitted folha 90 150 180x200 macio quente grosso.mp4","89fc7f19cd4eea6fd9962ed2a0a3fd084cde19554c8607ab3ba3b9a30695b558","ok","14,186","720","1280","720x1280","vertical","30","h264","aac","2","44100","1908845","3384861",""
"VIDEOS 600-900-20260730T124525Z-1-001.zip","892","(Baosity5) Mini Fechadura Digital De Porta Com Fechadura Digital Para Hotel  Quarto","VIDEOS 600-900/VIDEO 0892/(Baosity5) Mini Fechadura Digital De Porta Com Fechadura Digital Para Hotel  Quarto.mp4","999bb86087853d3714326609c2a8d47ce5782fd28e4fb890bc6e809fa04614e9","ok","10,657","704","1252","704x1252","vertical","30","h264","aac","2","44100","1240957","1653110",""
"VIDEOS 600-900-20260730T124525Z-1-001.zip","893","Casa em camadas cozinha dupla-camada armário utensílios de mesa caixa de armazenamento de plástico com placa de cobertura drenagem tigela rack","VIDEOS 600-900/VIDEO 0893/Casa em camadas cozinha dupla-camada armário utensílios de mesa caixa de armazenamento de plástico com placa de cobertura drenagem tigela rack.mp4","f1bb66dd30668a16b03da259814667d22377ccb4e138acc28eed8ff7b514b42b","ok","8,451","704","1252","704x1252","vertical","30","h264","aac","2","44100","1098270","1160186",""
"VIDEOS 600-900-20260730T124525Z-1-001.zip","894","Porta Cortina Box Varão Bastão Banheiro de Extensível Universal Ajustável","VIDEOS 600-900/VIDEO 0894/Porta Cortina Box Varão Bastão Banheiro de Extensível Universal Ajustável.mp4","66cbfba2887ac753eab36642fc39b4112a50127d30ed3b8ff2619f98c5c79337","ok","6,222","576","1024","576x1024","vertical","30","h264","aac","2","44100","1036033","805775",""
"VIDEOS 600-900-20260730T124525Z-1-001.zip","895","Peripage a4 Impressora Portátil Mini a4 Documento Térmica Bluetooth Telefone 210 Milímetros Papelaria Bluetooth","VIDEOS 600-900/VIDEO 0895/Peripage a4 Impressora Portátil Mini a4 Documento Térmica Bluetooth Telefone 210 Milímetros Papelaria Bluetooth.mp4","f60bb53e277b2beb3547c95582d5e886a18c6b2f7b0f23729289b8a7b53b3824","ok","11,005","720","1280","720x1280","vertical","30","h264","aac","2","44100","1286459","1769686",""
"VIDEOS 600-900-20260730T124525Z-1-001.zip","896","Fajas Colombianas Butt Lifter para Mulheres, Renda, Cintura Alta, Booty Lifting, Hip Enhancer, Bodysuit, Skims Slimming Underwear, Body Shapers","VIDEOS 600-900/VIDEO 0896/Fajas Colombianas Butt Lifter para Mulheres, Renda, Cintura Alta, Booty Lifting, Hip Enhancer, Bodysuit, Skims Slimming Underwear, Body Shapers.mp4","1a7ff77e2842bd143e09a0c9df2191800b21c568fed76c13ca9f1c9b6d875e72","ok","9,775","576","1024","576x1024","vertical","30","h264","aac","2","44100","1140096","1393056",""
"VIDEOS 600-900-20260730T124525Z-1-001.zip","897","Casa shabu-shabu cozimento elétrico três-em-um aprofundamento e aumentando o aquecimento de dupla face da máquina de fritar","VIDEOS 600-900/VIDEO 0897/Casa shabu-shabu cozimento elétrico três-em-um aprofundamento e aumentando o aquecimento de dupla face da máquina de fritar.mp4","18bb551cd8de55115aeaf5a25177888e73c867343bc603178676eeb9f02d1807","ok","14,186","720","1280","720x1280","vertical","30","h264","aac","2","44100","1207816","2141760",""
"VIDEOS 600-900-20260730T124525Z-1-001.zip","898","Escova De Limpeza TEABR Portátil Para Banheiro Limpo Multifuncional","VIDEOS 600-900/VIDEO 0898/Escova De Limpeza TEABR Portátil Para Banheiro Limpo Multifuncional.mp4","0e24e60adc0efd7b7dbffdb255f4eb1e2f82e7e1a46c046bff188294ce907727","ok","18,645","720","1280","720x1280","vertical","30","h264","aac","2","44100","1625340","3788060",""
"VIDEOS 600-900-20260730T124525Z-1-001.zip","899","Rastreador gps De Carromini smart Magnético Com Gravador De Voz Para VeículosCrianças anti-Perda","VIDEOS 600-900/VIDEO 0899/Rastreador gps De Carromini smart Magnético Com Gravador De Voz Para VeículosCrianças anti-Perda.mp4","5d1000d1549c57f17bf2616b343416a1b6140215d914d5fdeb7e1d0c4a3d9874","ok","20,827","704","1252","704x1252","vertical","30","h264","aac","2","44100","1453490","3783980",""
"VIDEOS 600-900-20260730T124525Z-1-001.zip","900","Cadeado De Impressão Digital Biométrica Loja","VIDEOS 600-900/VIDEO 0900/Cadeado De Impressão Digital Biométrica Loja.mp4","225fc2a4f342f22c88823eb0599e84e68dc21e735607daad451a61daeeb70963","ok","4,875","576","1024","576x1024","vertical","30","h264","aac","2","44100","860504","524370",""
"VIDEOS 1200-1500-20260730T124530Z-1-001.zip","1201","Varal Portátil 2 em 1 Prateleira Multiuso Com Regulagem Ajustável Varanda Janela Sacada Apartamento","VIDEOS 1200-1500/VIDEO 1201/Varal Portátil 2 em 1 Prateleira Multiuso Com Regulagem Ajustável Varanda Janela Sacada Apartamento.mp4","07ed77964934b625a47a541cf68032237c52d3b7407eb5ed8ffca630ec5ac381","ok","14,604","720","1280","720x1280","vertical","30","h264","aac","2","44100","950030","1734280",""
"VIDEOS 1200-1500-20260730T124530Z-1-001.zip","1202","Massageador De Corpo Portátil Mini ElétricaMeridianoPescoço Para CostasEstimulador De Dor Muscular","VIDEOS 1200-1500/VIDEO 1202/Massageador De Corpo Portátil Mini ElétricaMeridianoPescoço Para CostasEstimulador De Dor Muscular.mp4","30f7a776d55d48382f7bd3181dc9ceb7beff347b64fe231bf5b7429bf4799df2","ok","20,27","720","1280","720x1280","vertical","30","h264","aac","2","44100","1644244","4166105",""
"VIDEOS 1200-1500-20260730T124530Z-1-001.zip","1203","Cicada dourada Bionic Anti-respingo Nail Clippers Set, Aço inoxidável Nail Clippers, Única Personalidade Criativa Nail Scissors","VIDEOS 1200-1500/VIDEO 1203/Cicada dourada Bionic Anti-respingo Nail Clippers Set, Aço inoxidável Nail Clippers, Única Personalidade Criativa Nail Scissors.mp4","ff85fed9390c81f13aa8a157209eb7fd7607c132137e3b1626abf0466c9f540d","ok","11,005","720","1280","720x1280","vertical","30","h264","aac","2","44100","1947698","2679303",""
"VIDEOS 1200-1500-20260730T124530Z-1-001.zip","1204","Cozinha Louça Rack Caixa De Armazenamento De Com Tampa Tigela De Mesa Esgoto De Prato Armário De Plástico Vida Doméstica Diária","VIDEOS 1200-1500/VIDEO 1204/Cozinha Louça Rack Caixa De Armazenamento De Com Tampa Tigela De Mesa Esgoto De Prato Armário De Plástico Vida Doméstica Diária.mp4","e4bbceb5b2b3ef5a6ab8e6a6532cae27757174af15df827a2c3bddddac5722b0","ok","18,296","720","1280","720x1280","vertical","30","h264","aac","2","44100","1274996","2915916",""
"VIDEOS 1200-1500-20260730T124530Z-1-001.zip","1205","Gimbal Estabilizador Smartphone Celular Moza Mini S Dobravel","VIDEOS 1200-1500/VIDEO 1205/Gimbal Estabilizador Smartphone Celular Moza Mini S Dobravel.mp4","92b736c81488d875729312a40d2e4375c7813a644dcbd6186af601e780c13ca5","ok","27,283","720","1280","720x1280","vertical","30","h264","aac","2","44100","840153","2865238",""
"VIDEOS 1200-1500-20260730T124530Z-1-001.zip","1206","Carro Audi TT RS Elétrico 12V Branco Bel Brink","VIDEOS 1200-1500/VIDEO 1206/Carro Audi TT RS Elétrico 12V Branco Bel Brink.mp4","9d90b586b89254ba90721e0117bd2d626fb413c58c0cba61e4228feae55a576b","ok","48,552","720","1280","720x1280","vertical","30","h264","aac","2","44100","1502473","9118512",""
"VIDEOS 1200-1500-20260730T124530Z-1-001.zip","1207","Prateleira de armazenamento multifuncional para vaso sanitário, slot estreito, organizador do banheiro, gavetas, multi camada, 16cm, 20cm","VIDEOS 1200-1500/VIDEO 1207/Prateleira de armazenamento multifuncional para vaso sanitário, slot estreito, organizador do banheiro, gavetas, multi camada, 16cm, 20cm.mp4","647e16aca37f5bf0c9ae4be562bb0b5b8deb0a9942dd2d4d36d62d20cf6fe2d5","ok","17,878","720","1280","720x1280","vertical","30","h264","aac","2","44100","1366794","3054445",""
"VIDEOS 1200-1500-20260730T124530Z-1-001.zip","1208","Hoverboard Overboard Infantil Skate Elétrico 6.5 Led Bluetooth Bateria De Grande Capacidade Motor Brushless","VIDEOS 1200-1500/VIDEO 1208/Hoverboard Overboard Infantil Skate Elétrico 6.5 Led Bluetooth Bateria De Grande Capacidade Motor Brushless.mp4","905071266d4c746b33d522fb8d24328351bbad77deefb069f4a56c1c05d318a1","ok","11,563","720","1280","720x1280","vertical","30","h264","aac","2","44100","1847570","2670432",""
"VIDEOS 1200-1500-20260730T124530Z-1-001.zip","1209","Escova De Limpeza Elétrica 3 Em 1 Purificador De Energia Mágica Para Cozinha Banheiro","VIDEOS 1200-1500/VIDEO 1209/Escova De Limpeza Elétrica 3 Em 1 Purificador De Energia Mágica Para Cozinha Banheiro.mp4","c4f77fd82dccd66b29ff9ad2e4c696c646996ec119412d008bd8ee851b7eff4b","ok","13,351","720","1280","720x1280","vertical","30","h264","aac","2","44100","1951545","3256885",""
"VIDEOS 1200-1500-20260730T124530Z-1-001.zip","1210","Cortador Triturador Elétrico Multifuncional Para Vegetais E Carnes Aço Inoxidável Elétrico De Legumes 4 Em 1 Sem Fio Alho Com Carregamento USB Cozinhau","VIDEOS 1200-1500/VIDEO 1210/Cortador Triturador Elétrico Multifuncional Para Vegetais E Carnes Aço Inoxidável Elétrico De Legumes 4 Em 1 Sem Fio Alho Com Carregamento USB Cozinhau.mp4","1271847ad841bd3b452ccc88995f2af44362f83dc48adf4b674cca1d01a8e711","ok","22,337","720","1280","720x1280","vertical","30","h264","aac","2","44100","1630698","4553115",""
"VIDEOS 1200-1500-20260730T124530Z-1-001.zip","1211","Organizador Banheiro Suporte Prateleira Cantoneira Toalheiro Ajustavel Shampoo Sabonete","VIDEOS 1200-1500/VIDEO 1211/Organizador Banheiro Suporte Prateleira Cantoneira Toalheiro Ajustavel Shampoo Sabonete.mp4","6f27d570b801090af2665ba733e15511947b3f11119206f2c00359c82becab3d","ok","13,002","720","1280","720x1280","vertical","30","h264","aac","2","44100","1036049","1683839",""
"VIDEOS 1200-1500-20260730T124530Z-1-001.zip","1212","Mini Processador E Batedor De Ovos e Claras 3 Em 1 Mixer Triturador Recarregável USB","VIDEOS 1200-1500/VIDEO 1212/Mini Processador E Batedor De Ovos e Claras 3 Em 1 Mixer Triturador Recarregável USB.mp4","c0a97061c27dd7738bd7e53487181a6048943af5ef54647a26573dfaede561b4","ok","22,081","720","1280","720x1280","vertical","30","h264","aac","2","44100","1973283","5446510",""
"VIDEOS 1200-1500-20260730T124530Z-1-001.zip","1213","Cozinha Quick Thaw Machine Food Grade Alumínio Carne Bife Preservação Rápida E Descongelamento Bandeja Doméstico Fusão De Gelo Artefato","VIDEOS 1200-1500/VIDEO 1213/Cozinha Quick Thaw Machine Food Grade Alumínio Carne Bife Preservação Rápida E Descongelamento Bandeja Doméstico Fusão De Gelo Artefato.mp4","cff9b06570d29d134c3f3187ebcc7ce45e5494775b1e90506efd2da13a7fc758","ok","13,769","720","1280","720x1280","vertical","30","h264","aac","2","44100","1057659","1820364",""
"VIDEOS 1200-1500-20260730T124530Z-1-001.zip","1214","4 Buraco Panela Para Hamburguer Pan Fabricante Punho De Madeira Frigideira 243","VIDEOS 1200-1500/VIDEO 1214/4 Buraco Panela Para Hamburguer Pan Fabricante Punho De Madeira Frigideira 243.mp4","96f475af8ede771c951c5571fc0ea435484c08f0b76638ddb66ea9041d4a34f6","ok","15,673","720","1280","720x1280","vertical","30","h264","aac","2","44100","1434139","2809659",""
"VIDEOS 1200-1500-20260730T124530Z-1-001.zip","1215","Tampa do assento de carro dianteiro e traseiro para Auto, BMW, Audi, Toyota, Honda, Ford Edge, Mondeo, Ecosport, Focus, Automóveis Seat Covers, Car-Styling","VIDEOS 1200-1500/VIDEO 1215/Tampa do assento de carro dianteiro e traseiro para Auto, BMW, Audi, Toyota, Honda, Ford Edge, Mondeo, Ecosport, Focus, Automóveis Seat Covers, Car-Styling.mp4","ee3676046c39b0bbfd42365a92edba5db282e6ed5dc43fdc1c8d4208337837f6","ok","13,954","720","1280","720x1280","vertical","30","h264","aac","2","44100","1468913","2562153",""
"VIDEOS 1200-1500-20260730T124530Z-1-001.zip","1216","1X 1080 ° Extensão Universal Do Cabeçote De Spray Giratório Da Torneira","VIDEOS 1200-1500/VIDEO 1216/1X 1080 ° Extensão Universal Do Cabeçote De Spray Giratório Da Torneira.mp4","d5417f2332db4fa30dec591ee9c00779f8b36f252aec6a9840d9ca6b3984b64f","ok","19,574","720","1280","720x1280","vertical","30","h264","aac","2","44100","2123167","5194860",""
"VIDEOS 1200-1500-20260730T124530Z-1-001.zip","1217","COLORFALLC Elástico Linha De Roupa Novo Cabide De Corda De Viagem","VIDEOS 1200-1500/VIDEO 1217/COLORFALLC Elástico Linha De Roupa Novo Cabide De Corda De Viagem.mp4","2acbf4a5c2cdffe685e667ceecc6556275021eeca0c41e2e923a32b310e091a5","ok","10,262","720","1280","720x1280","vertical","30","h264","aac","2","44100","2511115","3221133",""
"VIDEOS 1200-1500-20260730T124530Z-1-001.zip","1218","Tinta Parede Tintas De Parede Parede Produtos De Limpeza Doméstica Para Mudança De Cor E Proteção Ambiental Capa De Grafite Pequeno Rolo Tinta papel de parede","VIDEOS 1200-1500/VIDEO 1218/Tinta Parede Tintas De Parede Parede Produtos De Limpeza Doméstica Para Mudança De Cor E Proteção Ambiental Capa De Grafite Pequeno Rolo Tinta papel de parede.mp4","8fb88cf593d544be77e142039342408bd4b69fb613a1145b64c399d998e04148","ok","9,496","720","1280","720x1280","vertical","30","h264","aac","2","44100","1650904","1959624",""
"VIDEOS 1200-1500-20260730T124530Z-1-001.zip","1219","Suporte De Torneira Durável Prático De Esponja De Pia Para Armazenamento De Sabão Instalação Livre Cabide De Drenagem Banheiro Rag De Sabonete De Louça Cesta De Esgoto De Cozinha","VIDEOS 1200-1500/VIDEO 1219/Suporte De Torneira Durável Prático De Esponja De Pia Para Armazenamento De Sabão Instalação Livre Cabide De Drenagem Banheiro Rag De Sabonete De Louça Cesta De Esgoto De Cozinha.mp4","e7714da85680bea86347126415073037fb6814cc69179742c270b09861b305e9","ok","9,403","720","1280","720x1280","vertical","30","h264","aac","2","44100","1961619","2305639",""
"VIDEOS 1200-1500-20260730T124530Z-1-001.zip","1220","Gongyu Suicer Extrator De Suco De Imprensa FriaMáquina mokkom mk199 Extratores Frutas","VIDEOS 1200-1500/VIDEO 1220/Gongyu Suicer Extrator De Suco De Imprensa FriaMáquina mokkom mk199 Extratores Frutas.mp4","ede54995ab5561a6ab321cf5b2c0ae6aa2a65b3d4fd420e6239f272b6b6dbec7","ok","11,423","720","1280","720x1280","vertical","30","h264","aac","2","44100","926397","1322780",""
"VIDEOS 1200-1500-20260730T124530Z-1-001.zip","1221","Alicate De Botão De Metal Tic Tac De Pressão + 50 Botão","VIDEOS 1200-1500/VIDEO 1221/Alicate De Botão De Metal Tic Tac De Pressão + 50 Botão.mp4","bdd6175d9ff9b643f1f6981c32e491c865b6610bd173bf8ee01de402ae475580","ok","21,988","720","1280","720x1280","vertical","30","h264","aac","2","44100","1633443","4489519",""
"VIDEOS 1200-1500-20260730T124530Z-1-001.zip","1222","voador flynova Aeronave De Indução Pequeno Fadas fly Controle Remoto","VIDEOS 1200-1500/VIDEO 1222/voador flynova Aeronave De Indução Pequeno Fadas fly Controle Remoto.mp4","0894134495ab57bc2f3ae27018dd447fb293f4190a2c6c690dd70c8594c4a842","ok","10,471","720","1280","720x1280","vertical","30","h264","aac","2","44100","1729534","2263744",""
"VIDEOS 1200-1500-20260730T124530Z-1-001.zip","1223","Para Lavar RoupaColetor De Pelos Fiapo Reutilizável Máquina De Lavar Roupa","VIDEOS 1200-1500/VIDEO 1223/Para Lavar RoupaColetor De Pelos Fiapo Reutilizável Máquina De Lavar Roupa.mp4","eaef52fb58d5aa8429953385768fa3410632945767075a0bf9de435f1353fcd7","ok","24,635","720","1280","720x1280","vertical","30","h264","aac","2","44100","2180072","6713261",""
"VIDEOS 1200-1500-20260730T124530Z-1-001.zip","1224","Cxh triciclo elétrico doméstico pick-up pequena bateria de lítio scooter para os idosos","VIDEOS 1200-1500/VIDEO 1224/Cxh triciclo elétrico doméstico pick-up pequena bateria de lítio scooter para os idosos.mp4","592fef1a4e4fb2a9dfd05428764e1e9066c346d4275a6059ca704f2f6c647c42","ok","11,145","720","1280","720x1280","vertical","30","h264","aac","2","44100","1854453","2583485",""
"VIDEOS 1200-1500-20260730T124530Z-1-001.zip","1225","Máquina De Cabelo Trançada Elétrica Automática Para Fazer TorçãoTricô Tranças","VIDEOS 1200-1500/VIDEO 1225/Máquina De Cabelo Trançada Elétrica Automática Para Fazer TorçãoTricô Tranças.mp4","076b72f42526da4d1625ba33b2ccd6e4b3993bfd4982570d070e20b4e2de092c","ok","8,149","720","1280","720x1280","vertical","30","h264","aac","2","44100","1602483","1632330",""
"VIDEOS 1200-1500-20260730T124530Z-1-001.zip","1226","Máquina De Fechar Pastel Utensílios De Pastelaria Bolinho","VIDEOS 1200-1500/VIDEO 1226/Máquina De Fechar Pastel Utensílios De Pastelaria Bolinho.mp4","b0c79ebb78c0fb628832ebd3038dcd5b1dea564a494b9a2ccb9b382d2fc8bc9a","ok","8,056","720","1280","720x1280","vertical","30","h264","aac","2","44100","2009944","2024014",""
"VIDEOS 1200-1500-20260730T124530Z-1-001.zip","1227","Espremedor Extrator Industrial Sucos Laranja Limão Frutas Inox Copo espremedor de laranja eletrico espremedor de suco fruta frutas elétrico","VIDEOS 1200-1500/VIDEO 1227/Espremedor Extrator Industrial Sucos Laranja Limão Frutas Inox Copo espremedor de laranja eletrico espremedor de suco fruta frutas elétrico.mp4","0701cf6856615db0e0ccf7ca2fe1bf55b8c70c7a5b5a67b90af086d46c672bf0","ok","10,773","720","1280","720x1280","vertical","30","h264","aac","2","44100","926401","1247515",""
"VIDEOS 1200-1500-20260730T124530Z-1-001.zip","1228","Avental De Cintura Transparente À Prova D_água E Óleo Para CozinhaCasa","VIDEOS 1200-1500/VIDEO 1228/Avental De Cintura Transparente À Prova D_água E Óleo Para CozinhaCasa.mp4","cf55531d311d99edf88c42d6777b494f195d26ca8bc5a31df8350a4bf47faa9b","ok","7,058","720","1280","720x1280","vertical","30","h264","aac","2","44100","2036362","1796581",""
"VIDEOS 1200-1500-20260730T124530Z-1-001.zip","1229","400g moderno doméstico tubulação agente de dragagem banheiro cozinha esgoto toalete dreno chão desodorante limpeza antibacteriana","VIDEOS 1200-1500/VIDEO 1229/400g moderno doméstico tubulação agente de dragagem banheiro cozinha esgoto toalete dreno chão desodorante limpeza antibacteriana.mp4","6776e2b7994f01f252f43af750b8ed89d7c8649c1022e5dd486fc570815774b2","ok","22,081","720","1280","720x1280","vertical","30","h264","aac","2","44100","713005","1967984",""
"VIDEOS 1200-1500-20260730T124530Z-1-001.zip","1230","Lbx moderno e minimalista sala de estar quarto lazer couro silicone cadeira preguiçoso","VIDEOS 1200-1500/VIDEO 1230/Lbx moderno e minimalista sala de estar quarto lazer couro silicone cadeira preguiçoso.mp4","8f89ad76ee4eb75087346f61ac566cd2a0d5a22b3fcff9b644fa1e39df5b1539","ok","12,097","720","1280","720x1280","vertical","30","h264","aac","2","44100","2369902","3583589",""
"VIDEOS 1200-1500-20260730T124530Z-1-001.zip","1231","Banheira Bubbles, Safety 1st, Azul","VIDEOS 1200-1500/VIDEO 1231/Banheira Bubbles, Safety 1st, Azul.mp4","ef7422f745fce47bf9545917a8b567297f35f3407a9b222ed90643f1d701e177","ok","15,231","720","1280","720x1280","vertical","30","h264","aac","2","44100","1756182","3343552",""
"VIDEOS 1200-1500-20260730T124530Z-1-001.zip","1232","HFH-[Bring Your Own Clean Liquid] Cannonball Bucket Shu Cotton Mop","VIDEOS 1200-1500/VIDEO 1232/HFH-[Bring Your Own Clean Liquid] Cannonball Bucket Shu Cotton Mop.mp4","f35213969db07ce3825c274e2f624f2dd4c3dc64b52f757b299f8f6d2eb8b39b","ok","19,481","720","1280","720x1280","vertical","30","h264","aac","2","44100","1748403","4257582",""
"VIDEOS 1200-1500-20260730T124530Z-1-001.zip","1233","Kit De Ferramentas Reparo De Bicicleta Bike Remendo De Pneu","VIDEOS 1200-1500/VIDEO 1233/Kit De Ferramentas Reparo De Bicicleta Bike Remendo De Pneu.mp4","3bf098691997788771cfc5f45a1c742cc5a8a89a471413f7833aa525ea23ce3b","ok","10,936","720","1280","720x1280","vertical","30","h264","aac","2","44100","2057754","2812951",""
"VIDEOS 1200-1500-20260730T124530Z-1-001.zip","1234","Capa De Cama Antiderrapante Colchão De Solteiro Peça Única Algodão Acolchoado Simmons Protetora De Grosso 1.8 Antipoeira Tudo Incluído 22.8","VIDEOS 1200-1500/VIDEO 1234/Capa De Cama Antiderrapante Colchão De Solteiro Peça Única Algodão Acolchoado Simmons Protetora De Grosso 1.8 Antipoeira Tudo Incluído 22.8.mp4","e2251faf429a9a23f908187196ee4e3753576834316703536599ee8d00ff2226","ok","13,954","720","1280","720x1280","vertical","30","h264","aac","2","44100","1787876","3118504",""
"VIDEOS 1200-1500-20260730T124530Z-1-001.zip","1235","Silicone Power Adapter Case para iPhone, Carregador Protector Case, Shell com Cord Winder, Protector Cable, Mais novo, 2021, 11, 12, M1","VIDEOS 1200-1500/VIDEO 1235/Silicone Power Adapter Case para iPhone, Carregador Protector Case, Shell com Cord Winder, Protector Cable, Mais novo, 2021, 11, 12, M1.mp4","8ac49aa793d85807678a04e6476c21749dafe714dc57d66255d64083b7d9b06f","ok","8,08","720","1280","720x1280","vertical","30","h264","aac","2","44100","2126684","2147951",""
"VIDEOS 1200-1500-20260730T124530Z-1-001.zip","1236","Cadeira reclinável dobrável para adultos, Lazer Cadeira de balanço para casa, Sofá para almoço, Celebridade Internet, Simples e Moderno, Celebridade Internet","VIDEOS 1200-1500/VIDEO 1236/Cadeira reclinável dobrável para adultos, Lazer Cadeira de balanço para casa, Sofá para almoço, Celebridade Internet, Simples e Moderno, Celebridade Internet.mp4","dc264586128ce18b3e7f30babf6e2e6812bae4b40c85a1e7de08eac94818874f","ok","24,45","720","1280","720x1280","vertical","30","h264","aac","2","44100","1540251","4707393",""
"VIDEOS 1200-1500-20260730T124530Z-1-001.zip","1237","Organizador Porta Ovos Geladeira 30un Com Tampa Cozinha","VIDEOS 1200-1500/VIDEO 1237/Organizador Porta Ovos Geladeira 30un Com Tampa Cozinha.mp4","f6314dd92e364408471970d9547a54d71be4ddda85263eeb97923162a70ea5e6","ok","12,909","720","1280","720x1280","vertical","30","h264","aac","2","44100","1704469","2750375",""
"VIDEOS 1200-1500-20260730T124530Z-1-001.zip","1238","Multifuncional abrir cadeira de rodas móvel assento cama deficientes idosos higiênico mão empurrar reabilitação cadeira commode","VIDEOS 1200-1500/VIDEO 1238/Multifuncional abrir cadeira de rodas móvel assento cama deficientes idosos higiênico mão empurrar reabilitação cadeira commode.mp4","846d89cc14c2e70be2d772df82b365a0573ed61c047561e84bda15865537a3e0","ok","24,055","720","1280","720x1280","vertical","30","h264","aac","2","44100","1104073","3319811",""
"VIDEOS 1200-1500-20260730T124530Z-1-001.zip","1239","Banheira Spa Ofurô Dobrável Bend Infantil Adulto Grande 120L - Azul","VIDEOS 1200-1500/VIDEO 1239/Banheira Spa Ofurô Dobrável Bend Infantil Adulto Grande 120L - Azul.mp4","3a6628ac532d5770ce932a32a53d8969f4cf6d46b3e599818bcebd97faaaa54d","ok","16,183","720","1280","720x1280","vertical","30","h264","aac","2","44100","1428754","2890191",""
"VIDEOS 1200-1500-20260730T124530Z-1-001.zip","1240","Pá Para Caixa De Areia De Gato Com Bolsas Auto-CleaningLitterColherVaquinha","VIDEOS 1200-1500/VIDEO 1240/Pá Para Caixa De Areia De Gato Com Bolsas Auto-CleaningLitterColherVaquinha.mp4","6b8014ca2f044fb8597d54dad2a8d04646006f87efada3c3d794748e92fa68cd","ok","10,68","720","1280","720x1280","vertical","30","h264","aac","2","44100","1686135","2250991",""
"VIDEOS 1200-1500-20260730T124530Z-1-001.zip","1241","Secador Elétrico Inteligente 220V Esterilização , Desumidificador Ajustável Máquina De Secagem","VIDEOS 1200-1500/VIDEO 1241/Secador Elétrico Inteligente 220V Esterilização , Desumidificador Ajustável Máquina De Secagem.mp4","c6f70e8c89b3243574ba7fa24d17e6217ce853b3ae6f4ae986d873833c0dbe47","ok","18,18","720","1280","720x1280","vertical","30","h264","aac","2","44100","1546958","3515464",""
"VIDEOS 1200-1500-20260730T124530Z-1-001.zip","1242","1 Peça Bolsa De OmbroTransversal Feminina Grande Capacidade De Cor Lisa","VIDEOS 1200-1500/VIDEO 1242/1 Peça Bolsa De OmbroTransversal Feminina Grande Capacidade De Cor Lisa.mp4","03df88ec26b8859a266b365930560dcd77c317d71fe2c35bd92d8f28c86008f8","ok","15,765","720","1280","720x1280","vertical","30","h264","aac","2","44100","2466600","4860744",""
"VIDEOS 1200-1500-20260730T124530Z-1-001.zip","1243","2021 Peripage Mini Impressora Portátil Bluetooth Térmica 203dpi Branco Etiqueta Impressora De Recibos Foto Sem Fio","VIDEOS 1200-1500/VIDEO 1243/2021 Peripage Mini Impressora Portátil Bluetooth Térmica 203dpi Branco Etiqueta Impressora De Recibos Foto Sem Fio.mp4","84169c801462d8bfc7eb6295a495814ee6b65c9f49fb10634d4d8a430ca1602e","ok","15,533","720","1280","720x1280","vertical","30","h264","aac","2","44100","887283","1722772",""
"VIDEOS 1200-1500-20260730T124530Z-1-001.zip","1244","2022 nova Cozinha Condimento Prateleira Fixado Na Parede Rack de Grande Capacidade Multifuncional Caixa de Armazenamento Condimento Condimento Caixa de Soco Livre pha","VIDEOS 1200-1500/VIDEO 1244/2022 nova Cozinha Condimento Prateleira Fixado Na Parede Rack de Grande Capacidade Multifuncional Caixa de Armazenamento Condimento Condimento Caixa de Soco Livre pha.mp4","ed92307a5cba1812a3afa77cd1feb279238c192038b3acc6932b91c714c23d79","ok","16,392","720","1280","720x1280","vertical","30","h264","aac","2","44100","1110632","2275686",""
"VIDEOS 1200-1500-20260730T124530Z-1-001.zip","1245","Fita De Vedação Impermeável Fofa À Prova D_água Para CozinhaBanheiroQuartoCanto","VIDEOS 1200-1500/VIDEO 1245/Fita De Vedação Impermeável Fofa À Prova D_água Para CozinhaBanheiroQuartoCanto.mp4","ece1692150997eae303c1a211bfeb624c213e2f7506b6f3b218ca0c10aed004d","ok","12,05","720","1280","720x1280","vertical","30","h264","aac","2","44100","1638182","2467512",""
"VIDEOS 1200-1500-20260730T124530Z-1-001.zip","1246","Contact Adesivo Papel De Parede Madeira 1metro","VIDEOS 1200-1500/VIDEO 1246/Contact Adesivo Papel De Parede Madeira 1metro.mp4","d90fb1daa0d021588ffbddde1a67404ff907695259a8a628e80fd8c0f5a2ef6d","ok","8,474","720","1280","720x1280","vertical","30","h264","aac","2","44100","1613427","1709023",""
"VIDEOS 1200-1500-20260730T124530Z-1-001.zip","1247","Estilo nórdico abstrato tapete geométrico, quarto tapetes, tapete corredor corredor, sala de estar área tapete, tapete cozinha, veludo cristal capacho","VIDEOS 1200-1500/VIDEO 1247/Estilo nórdico abstrato tapete geométrico, quarto tapetes, tapete corredor corredor, sala de estar área tapete, tapete cozinha, veludo cristal capacho.mp4","a2ed4461fc0d9593c67dd6c231f1aac1dc5ad1ae600576639e669cb459a68fa6","ok","15,324","720","1280","720x1280","vertical","30","h264","aac","2","44100","2154163","4126301",""
"VIDEOS 1200-1500-20260730T124530Z-1-001.zip","1248","Barraca Infantil Varios Modelos Policia, Bombeiro, Sorveteria","VIDEOS 1200-1500/VIDEO 1248/Barraca Infantil Varios Modelos Policia, Bombeiro, Sorveteria.mp4","978d995c2bf7079fa4fbe09aed4c4fa0b16dc6bd368593205c882154bf423f99","ok","7,337","720","1280","720x1280","vertical","30","h264","aac","2","44100","1841738","1689104",""
"VIDEOS 1200-1500-20260730T124530Z-1-001.zip","1249","Mochila De Peito Masculina À Prova D_água Com Trava De CódigoPequena Esportiva Etc . Bolsa De Ombro Tipo Mensageiro Para Motocicleta Interface USB De Carregamento","VIDEOS 1200-1500/VIDEO 1249/Mochila De Peito Masculina À Prova D_água Com Trava De CódigoPequena Esportiva Etc . Bolsa De Ombro Tipo Mensageiro Para Motocicleta Interface USB De Carregamento.mp4","0f37615ba55bbe6ae9bdc4b8638449b3f6303ec0a2009250220479c7037c2625","ok","9,705","720","1280","720x1280","vertical","30","h264","aac","2","44100","2893452","3510120",""
"VIDEOS 1200-1500-20260730T124530Z-1-001.zip","1250","Caixa de medidor elétrico pintura decorativa caixa de alimentação capa interruptor esconder pinturas decoração da parede lona quadros poster 40x30cm","VIDEOS 1200-1500/VIDEO 1250/Caixa de medidor elétrico pintura decorativa caixa de alimentação capa interruptor esconder pinturas decoração da parede lona quadros poster 40x30cm.mp4","c6164ef3bc600095716a7576e18d30ba383b71ed996c17cc0747de20763b6070","ok","8,683","720","1280","720x1280","vertical","30","h264","aac","2","44100","2821050","3061898",""
"VIDEOS 1200-1500-20260730T124530Z-1-001.zip","1251","Cabeceira Macia Bolsa Costas Almofada Lombar Triangular Travesseiro Menina Dormir Sofá","VIDEOS 1200-1500/VIDEO 1251/Cabeceira Macia Bolsa Costas Almofada Lombar Triangular Travesseiro Menina Dormir Sofá.mp4","d9bc41b9019bbec242f59c4e90d05da15ec1c4d49ac7e1f8ec2e0b6993b66e2a","ok","10,587","720","1280","720x1280","vertical","30","h264","aac","2","44100","1762919","2333004",""
"VIDEOS 1200-1500-20260730T124530Z-1-001.zip","1252","Tinta Spray Cromado Automotiva Carro Moto Roda Chapas Bike","VIDEOS 1200-1500/VIDEO 1252/Tinta Spray Cromado Automotiva Carro Moto Roda Chapas Bike.mp4","00301906ca56e25f24aa303d504861fc0a0515c557208c62fd2341d70850b5d2","ok","9,868","720","1280","720x1280","vertical","30","h264","aac","2","44100","1790027","2207999",""
"VIDEOS 1200-1500-20260730T124530Z-1-001.zip","1253","Touca Borboleta Estilo Coreano Com Borla De Cabelo Feminina","VIDEOS 1200-1500/VIDEO 1253/Touca Borboleta Estilo Coreano Com Borla De Cabelo Feminina.mp4","87f3c74ec7ad33ba191dff3a7dfa5e1b6051c081a3ec54b5d2062340481cd3cf","ok","9,101","720","1280","720x1280","vertical","30","h264","aac","2","44100","884361","1006072",""
"VIDEOS 1200-1500-20260730T124530Z-1-001.zip","1254","Tela Mosquiteiro Janela Com Fita Magnética Contra Mosquitos","VIDEOS 1200-1500/VIDEO 1254/Tela Mosquiteiro Janela Com Fita Magnética Contra Mosquitos.mp4","2776dd247d4204f31ab919c0952d2e9a5daff056c23db92ce34584e2879ce687","ok","8,056","720","1280","720x1280","vertical","30","h264","aac","2","44100","1626306","1637691",""
"VIDEOS 1200-1500-20260730T124530Z-1-001.zip","1255","2Pcs Home Wall Mounted Self Adhesive Adjustable Curtain Rod Bracket Holder","VIDEOS 1200-1500/VIDEO 1255/2Pcs Home Wall Mounted Self Adhesive Adjustable Curtain Rod Bracket Holder.mp4","721a55edbd70da80bda48f4e94c15484f80414327a29187cc6e1e886ed2537f0","ok","7,964","720","1280","720x1280","vertical","30","h264","aac","2","44100","820722","817029",""
"VIDEOS 1200-1500-20260730T124530Z-1-001.zip","1256","Rolo de teclado alto-falante bluetooth, portátil, sem fio, dobrável, com controle remoto, interruptor magnético inteligente, para escritório doméstico, para ipad, telefone","VIDEOS 1200-1500/VIDEO 1256/Rolo de teclado alto-falante bluetooth, portátil, sem fio, dobrável, com controle remoto, interruptor magnético inteligente, para escritório doméstico, para ipad, telefone.mp4","006765d2bc3014682a06b3e9c17e7b828b9188e41b46cfb56ef823bc8d77ce40","ok","8,916","720","1280","720x1280","vertical","30","h264","aac","2","44100","1568375","1747955",""
"VIDEOS 1200-1500-20260730T124530Z-1-001.zip","1257","Impermeável reflexivo adulto e terno de chuva, Impermeável, Equitação de motocicleta, Impermeável, Caminhadas ao ar livre, Pesca, Rainproof Protect Gear","VIDEOS 1200-1500/VIDEO 1257/Impermeável reflexivo adulto e terno de chuva, Impermeável, Equitação de motocicleta, Impermeável, Caminhadas ao ar livre, Pesca, Rainproof Protect Gear.mp4","5a202ebcff33b8f8996599c8d61b412e9c795a59ca1a5b0e1ea7bf7cb00c2cee","ok","10,077","720","1280","720x1280","vertical","30","h264","aac","2","44100","1476112","1859348",""
"VIDEOS 1200-1500-20260730T124530Z-1-001.zip","1258","Baby Bed Guardrail Berço, Lactentes Barreira, Cerca Rail, Berço Berços, Adaptável à cama, 0 a 36 Meses, 3 em 1","VIDEOS 1200-1500/VIDEO 1258/Baby Bed Guardrail Berço, Lactentes Barreira, Cerca Rail, Berço Berços, Adaptável à cama, 0 a 36 Meses, 3 em 1.mp4","e732dcddd1fa146800d11c50411af3997cca6c18506269af3880464b41443b66","ok","9,535","720","1280","720x1280","vertical","30","h264","aac","2","48000","1775265","2115894",""
"VIDEOS 1200-1500-20260730T124530Z-1-001.zip","1259","Capa de sofá para sala de estar capa de sofá de pelúcia nordic sofá almofada não-deslizamento toalha de sofá em forma de l sofá capa protetora","VIDEOS 1200-1500/VIDEO 1259/Capa de sofá para sala de estar capa de sofá de pelúcia nordic sofá almofada não-deslizamento toalha de sofá em forma de l sofá capa protetora.mp4","993fc590fae385d5bb7994ae1ebfd5ca01bc6df000e12f07c0f98545798db571","ok","14,976","720","1280","720x1280","vertical","30","h264","aac","2","44100","1416282","2651281",""
"VIDEOS 1200-1500-20260730T124530Z-1-001.zip","1260","Mini Geladeira Portátil 8 litros D&Z","VIDEOS 1200-1500/VIDEO 1260/Mini Geladeira Portátil 8 litros D&Z.mp4","4e53e8726e8aeb3504220744944b3133e3077ede8402d959acbfc9d17b6fded7","ok","12,352","720","1280","720x1280","vertical","30","h264","aac","2","44100","1723772","2661504",""
"VIDEOS 1200-1500-20260730T124530Z-1-001.zip","1261","Chave de catraca ajustável de 6-22 mm com alça antiderrapante, ferramenta de reparo de catraca de tubo de encanamento","VIDEOS 1200-1500/VIDEO 1261/Chave de catraca ajustável de 6-22 mm com alça antiderrapante, ferramenta de reparo de catraca de tubo de encanamento.mp4","abee2869f9d76712a138daa9518ea455d714a716cb6739878d8b2b5e69ccaf15","ok","14,697","720","1280","720x1280","vertical","30","h264","aac","2","44100","1408989","2588489",""
"VIDEOS 1200-1500-20260730T124530Z-1-001.zip","1262","Mapa mundi led magnético de levitação, globo de luz decoração terrestre, bola mágica antigravidade, luzes noturnas","VIDEOS 1200-1500/VIDEO 1262/Mapa mundi led magnético de levitação, globo de luz decoração terrestre, bola mágica antigravidade, luzes noturnas.mp4","a6b488968829946b7b59b07badbf85195a7597870cc8ad60e2499f7d66cb487a","ok","9,31","720","1280","720x1280","vertical","30","h264","aac","2","44100","1519986","1768884",""
"VIDEOS 1200-1500-20260730T124530Z-1-001.zip","1263","Ahl Torneira Moderna Misturadora De Pia Da Torneira Do Banheiro 360 Graus De Rotação Torneira Misturador Banheiro Preto  Ouro","VIDEOS 1200-1500/VIDEO 1263/Ahl Torneira Moderna Misturadora De Pia Da Torneira Do Banheiro 360 Graus De Rotação Torneira Misturador Banheiro Preto  Ouro.mp4","97b44c058577e09ed54142363196fcc63e3d8760ff050420548adb6e9a632a46","ok","15,115","720","1280","720x1280","vertical","30","h264","aac","2","44100","1391369","2628818",""
"VIDEOS 1200-1500-20260730T124530Z-1-001.zip","1264","18PcsSet Autocolantes De PVC Cerâmico Arte Autocolante De Piso Diagonal À Prova D_água Decoração De Cozinha","VIDEOS 1200-1500/VIDEO 1264/18PcsSet Autocolantes De PVC Cerâmico Arte Autocolante De Piso Diagonal À Prova D_água Decoração De Cozinha.mp4","8b1daf3318e668498a06afacefd53b9006df6ee02ba2be7115b5f8f6cd0371fd","ok","7,197","720","1280","720x1280","vertical","30","h264","aac","2","44100","1644898","1479792",""
"VIDEOS 1200-1500-20260730T124530Z-1-001.zip","1265","Toalha de Microfibra para Limpeza de CarroFlanela Pano Toalha Microfibra Cinza 30x40cm Mandala 600gsm.","VIDEOS 1200-1500/VIDEO 1265/Toalha de Microfibra para Limpeza de CarroFlanela Pano Toalha Microfibra Cinza 30x40cm Mandala 600gsm..mp4","561c82befaf530b329eca223a1b6568b57f1439ce1a98d4278974f240b489dea","ok","8,753","720","1280","720x1280","vertical","30","h264","aac","2","44100","1795179","1964151",""
"VIDEOS 1200-1500-20260730T124530Z-1-001.zip","1266","Cesta De Frutas De Cerâmica Ovo Sundries Azul Cozinha Prateleira Criativa Armazenamento Ferro Tecido","VIDEOS 1200-1500/VIDEO 1266/Cesta De Frutas De Cerâmica Ovo Sundries Azul Cozinha Prateleira Criativa Armazenamento Ferro Tecido.mp4","8f68145ce23ec022af93de237f19927813ba87fa503d9755f96f97643c8db08c","ok","8,219","720","1280","720x1280","vertical","30","h264","aac","2","44100","2279850","2342261",""
"VIDEOS 1200-1500-20260730T124530Z-1-001.zip","1267","Auto-adesivo Water Pipe Wall Covers, torneira do chuveiro tampa decorativa, acabamento cromado, aço inoxidável, acessórios do banheiro","VIDEOS 1200-1500/VIDEO 1267/Auto-adesivo Water Pipe Wall Covers, torneira do chuveiro tampa decorativa, acabamento cromado, aço inoxidável, acessórios do banheiro.mp4","b39218efa87deb661408c700aea32c50079e019abe8a32096fc2bbd123c828f7","ok","19,759","720","1280","720x1280","vertical","30","h264","aac","2","44100","1267036","3129421",""
"VIDEOS 1200-1500-20260730T124530Z-1-001.zip","1268","Auto Adesivo De Couro Vara Sofá Reparação Pu Assento De Carro Reparação Tecido Patches De Couro","VIDEOS 1200-1500/VIDEO 1268/Auto Adesivo De Couro Vara Sofá Reparação Pu Assento De Carro Reparação Tecido Patches De Couro.mp4","a7d55d8f5edff93eb76eab44c32f213176c64ae8976e845fbaa75f9be6963924","ok","24,403","720","1280","720x1280","vertical","30","h264","aac","2","44100","2026246","6180813",""
"VIDEOS 1200-1500-20260730T124530Z-1-001.zip","1269","2022 Teayason Maquiagem Criativa Preguiçosa Em Três Segundos Lábio Hidratante Fosco De Longa Duração Para Mulheres Cosmético Labial","VIDEOS 1200-1500/VIDEO 1269/2022 Teayason Maquiagem Criativa Preguiçosa Em Três Segundos Lábio Hidratante Fosco De Longa Duração Para Mulheres Cosmético Labial.mp4","cc12f11320ce457e7c68ed29fef0b6eb6ab4797e3f38dbe174a57562c80fc555","ok","19,132","720","1280","720x1280","vertical","30","h264","aac","2","44100","1642150","3927204",""
"VIDEOS 1200-1500-20260730T124530Z-1-001.zip","1270","Ampliação Vanity Mirror com 72 LED Light, Folding Makeup Mirror, 270 Rotação, Stepless Dimmer, Beauty Table Mirrors, Cosmetic 3, 1, 2, 3X","VIDEOS 1200-1500/VIDEO 1270/Ampliação Vanity Mirror com 72 LED Light, Folding Makeup Mirror, 270 Rotação, Stepless Dimmer, Beauty Table Mirrors, Cosmetic 3, 1, 2, 3X.mp4","8cc5934a00e99d7d4c96f4eff7beb19f9fb1a77c134649ba668824ee47811acb","ok","9,171","720","1280","720x1280","vertical","30","h264","aac","2","44100","1728975","1982054",""
"VIDEOS 1200-1500-20260730T124530Z-1-001.zip","1271","[Preço Por Atacado] Camiseta Multifuncional Com Nó De Bainha Botões De Cintura Fivela De Amor Forma De Cachecol Cantos Pérola Simulada","VIDEOS 1200-1500/VIDEO 1271/[Preço Por Atacado] Camiseta Multifuncional Com Nó De Bainha Botões De Cintura Fivela De Amor Forma De Cachecol Cantos Pérola Simulada.mp4","54e83da1d6fa741408c12bbf51b3112517070d39e5c8b560718ff4a11b7d46f8","ok","11,145","720","1280","720x1280","vertical","30","h264","aac","2","44100","2239933","3120508",""
"VIDEOS 1200-1500-20260730T124530Z-1-001.zip","1272","Toalete prateleira de chão toalha toalha toalheiro buraco livre banheiro banheira borda suja cesta de roupas","VIDEOS 1200-1500/VIDEO 1272/Toalete prateleira de chão toalha toalha toalheiro buraco livre banheiro banheira borda suja cesta de roupas.mp4","e99889b09454ca621a26d421240ce20aa1722ed4e7d8963441a990a855f83464","ok","13,954","720","1280","720x1280","vertical","30","h264","aac","2","44100","1492943","2604067",""
"VIDEOS 1200-1500-20260730T124530Z-1-001.zip","1273","Copo Vampiro Pequeno De Vidro Com Canudo 200 Ml","VIDEOS 1200-1500/VIDEO 1273/Copo Vampiro Pequeno De Vidro Com Canudo 200 Ml.mp4","0e356adf49da0b186f9528a90f81cc7737ef3b48900ccc403d151fc8bcda2b6d","ok","23,451","720","1280","720x1280","vertical","30","h264","aac","2","44100","756128","2216495",""
"VIDEOS 1200-1500-20260730T124530Z-1-001.zip","1274","Caixa pequena para crianças 8 em 1, contendo 5 lápis, 1 borracha, 1 Régua, adequado para presentes da escola, presentes de aniversário, novo estilo","VIDEOS 1200-1500/VIDEO 1274/Caixa pequena para crianças 8 em 1, contendo 5 lápis, 1 borracha, 1 Régua, adequado para presentes da escola, presentes de aniversário, novo estilo.mp4","6d5be0e41c697d7d80df6f133847d83426a4a27315cf10dca376e9c170451ad4","ok","8,474","720","1280","720x1280","vertical","30","h264","aac","2","44100","1927881","2042109",""
"VIDEOS 1200-1500-20260730T124530Z-1-001.zip","1275","2 pcs De Couro Tira Do Assento De Carro À Prova De Vazamento plug Junta De Costura BMW M Desempenho","VIDEOS 1200-1500/VIDEO 1275/2 pcs De Couro Tira Do Assento De Carro À Prova De Vazamento plug Junta De Costura BMW M Desempenho.mp4","7a9da08fa4e86e9ee4b033fe9348a43c630d13b83ff235d6c255c6d816d00e6c","ok","8,358","720","1280","720x1280","vertical","30","h264","aac","2","44100","2206471","2305211",""
"VIDEOS 1200-1500-20260730T124530Z-1-001.zip","1276","Abertura automática e fechamento pote de óleo de vidro de grande capacidade pote de óleo de cozinha molho de soja não-vazamento pote de óleo de oliva","VIDEOS 1200-1500/VIDEO 1276/Abertura automática e fechamento pote de óleo de vidro de grande capacidade pote de óleo de cozinha molho de soja não-vazamento pote de óleo de oliva.mp4","9a02d85245242d904b11014fc4bf7e4e74ea0446598dcd1e061280634466000b","ok","16,601","720","1280","720x1280","vertical","30","h264","aac","2","44100","1504484","3121994",""
"VIDEOS 1200-1500-20260730T124530Z-1-001.zip","1277","Saco De nylon Para Mulheres Sling Importação Bolsas De Mão-2em1 18901","VIDEOS 1200-1500/VIDEO 1277/Saco De nylon Para Mulheres Sling Importação Bolsas De Mão-2em1 18901.mp4","cb775bc2863574d8757a40af71a65fda8d69c7f540c6d4eada9a52b521a512c4","ok","8,962","720","1280","720x1280","vertical","30","h264","aac","2","44100","1961059","2196877",""
"VIDEOS 1200-1500-20260730T124530Z-1-001.zip","1278","Suporte Para Pia Organizador Pano Cozinha AJUSTÁVEL em cores variadas Promocao","VIDEOS 1200-1500/VIDEO 1278/Suporte Para Pia Organizador Pano Cozinha AJUSTÁVEL em cores variadas Promocao.mp4","078834b0386d4d5c2a22e059f03693826cc140920ba7529340e1c32ddd849825","ok","8,474","720","1280","720x1280","vertical","30","h264","aac","2","44100","1710519","1811868",""
"VIDEOS 1200-1500-20260730T124530Z-1-001.zip","1279","Escova de toalete bonito do agregado familiar wc fixado na parede plástico alça longa escova de limpeza do banheiro acessórios","VIDEOS 1200-1500/VIDEO 1279/Escova de toalete bonito do agregado familiar wc fixado na parede plástico alça longa escova de limpeza do banheiro acessórios.mp4","e6581f1d4adaec92de2d45a32c40a99c5c0e4b8080aa329563d7027cc21a02c6","ok","20,27","720","1280","720x1280","vertical","30","h264","aac","2","44100","1028970","2607153",""
"VIDEOS 1200-1500-20260730T124530Z-1-001.zip","1280","Engrossado doméstica dobrar dupla dos desenhos animados totoro cama inflável colchão de ar simples almofada de ar cama de ar única almofada","VIDEOS 1200-1500/VIDEO 1280/Engrossado doméstica dobrar dupla dos desenhos animados totoro cama inflável colchão de ar simples almofada de ar cama de ar única almofada.mp4","12735e849682647a53984f9514ba7c4496774077c0a46a9e7146ab9b1f3b555b","ok","13,142","720","1280","720x1280","vertical","30","h264","aac","2","44100","1201863","1974361",""
"VIDEOS 1200-1500-20260730T124530Z-1-001.zip","1281","Pellets elétrico removedor de fiapos para roupas aparador de bola cabelo fuzz roupas camisola barbeador carretéis dispositivo remoção recarregável","VIDEOS 1200-1500/VIDEO 1281/Pellets elétrico removedor de fiapos para roupas aparador de bola cabelo fuzz roupas camisola barbeador carretéis dispositivo remoção recarregável.mp4","89faed7a5f286cdf87dedcb966ac432ea2b6830cce8ae3d630b1083c752e1f00","ok","12,793","720","1280","720x1280","vertical","30","h264","aac","2","44100","1972411","3154133",""
"VIDEOS 1200-1500-20260730T124530Z-1-001.zip","1282","Acessório Da Ferramenta De Costura Para Linha Automática Para Máquina De Costura","VIDEOS 1200-1500/VIDEO 1282/Acessório Da Ferramenta De Costura Para Linha Automática Para Máquina De Costura.mp4","6a3fc73d6f4d556566257bbc39a756322e877985daeed045199bba263e33461d","ok","12,027","720","1280","720x1280","vertical","30","h264","aac","2","44100","1238326","1861669",""
"VIDEOS 1200-1500-20260730T124530Z-1-001.zip","1283","Prateleira de cozinha rack de sabão esponja suporte de toalha pano rack de paredebancada organizador de armazenamento de cozinha rack de drenagem","VIDEOS 1200-1500/VIDEO 1283/Prateleira de cozinha rack de sabão esponja suporte de toalha pano rack de paredebancada organizador de armazenamento de cozinha rack de drenagem.mp4","08ae8cea6bbe3c78306c25ba79f1525ec2156052e92eaa8c955509af847601e8","ok","10,843","720","1280","720x1280","vertical","30","h264","aac","2","44100","1716245","2326156",""
"VIDEOS 1200-1500-20260730T124530Z-1-001.zip","1284","Aerador Elétrico De Vinho , Conjunto De Presentes E Conservar , 2022 Últimos Modelos Bico , Decanter Smart Wine , Para Mulheres , Amantes Ou Uso Próprio","VIDEOS 1200-1500/VIDEO 1284/Aerador Elétrico De Vinho , Conjunto De Presentes E Conservar , 2022 Últimos Modelos Bico , Decanter Smart Wine , Para Mulheres , Amantes Ou Uso Próprio.mp4","f4ebbd13879bdfe4968c62def48b836c5372875eef9e8fc4218beb8a448613b6","ok","17,925","720","1280","720x1280","vertical","30","h264","aac","2","44100","1164057","2608217",""
"VIDEOS 1200-1500-20260730T124530Z-1-001.zip","1285","Garrafa de vidro de sal quantitativo frasco à prova de poeira tempero recipiente de especiarias dispensador de sal doméstico cozinha acessórios de cozinha","VIDEOS 1200-1500/VIDEO 1285/Garrafa de vidro de sal quantitativo frasco à prova de poeira tempero recipiente de especiarias dispensador de sal doméstico cozinha acessórios de cozinha.mp4","bf6fc684c5e22a2ed7255a2feae1a350c6399f3ddb96c0a6156eb6bdcd48589d","ok","14,581","720","1280","720x1280","vertical","30","h264","aac","2","44100","1428373","2603390",""
"VIDEOS 1200-1500-20260730T124530Z-1-001.zip","1286","Custom Fit Car Floor Mat Camadas Duplas Apenas 1 assento Um assento dianteiro Personalizar feito para 98_ Carros para motorista ou passageiro assento","VIDEOS 1200-1500/VIDEO 1286/Custom Fit Car Floor Mat Camadas Duplas Apenas 1 assento Um assento dianteiro Personalizar feito para 98_ Carros para motorista ou passageiro assento.mp4","16183dd7af9ab6d4fff629acfa79c6e9e65e4109cc5c41c80fc12147e97cf7f1","ok","11,679","720","1280","720x1280","vertical","30","h264","aac","2","44100","2694409","3933501",""
"VIDEOS 1200-1500-20260730T124530Z-1-001.zip","1287","Faixa de cabelo Para Fazer Coque De Coque","VIDEOS 1200-1500/VIDEO 1287/Faixa de cabelo Para Fazer Coque De Coque.mp4","a1fe289857aa9d667133aaf521af5966c393f59b58d1c86a93b3abb6042e278d","ok","7,058","720","1280","720x1280","vertical","30","h264","aac","2","44100","2063343","1820385",""
"VIDEOS 1200-1500-20260730T124530Z-1-001.zip","1288","LED Digital Projeção Despertador Para O Quarto Mesa Eletrônico Relógios De USB Wake Up Relógio Com No Teto Da Parede","VIDEOS 1200-1500/VIDEO 1288/LED Digital Projeção Despertador Para O Quarto Mesa Eletrônico Relógios De USB Wake Up Relógio Com No Teto Da Parede.mp4","89a8c5615238badd8478202c54087f596eec14bc9f49d0b71ffc3d7437a36190","ok","9,217","720","1280","720x1280","vertical","30","h264","aac","2","44100","1524680","1756622",""
"VIDEOS 1200-1500-20260730T124530Z-1-001.zip","1289","Caixa De Armazenamento De Luxo Retro Com Mirro Jóias Dobrável Organizador De Brincos Household Colar Display Organizer Caso","VIDEOS 1200-1500/VIDEO 1289/Caixa De Armazenamento De Luxo Retro Com Mirro Jóias Dobrável Organizador De Brincos Household Colar Display Organizer Caso.mp4","de7cf03b0256c3c565ab994f3f2061a979c22421c2822b622d682b82eb2cfd1d","ok","30,487","720","1280","720x1280","vertical","30","h264","aac","2","44100","782220","2980944",""
"VIDEOS 1200-1500-20260730T124530Z-1-001.zip","1290","Crianças carro de moto elétrica recarregável piloto com controle remoto brinquedo carrinho estudante scooter infantil drift equilíbrio carro","VIDEOS 1200-1500/VIDEO 1290/Crianças carro de moto elétrica recarregável piloto com controle remoto brinquedo carrinho estudante scooter infantil drift equilíbrio carro.mp4","90eed414b034b919bae44fb0eefb22807aaf98a26e252a4f8bed4803d10e638f","ok","8,451","720","1280","720x1280","vertical","30","h264","aac","2","44100","2384428","2518851",""
"VIDEOS 1200-1500-20260730T124530Z-1-001.zip","1291","Máquina Portátil De Fazer Doces De Algodão","VIDEOS 1200-1500/VIDEO 1291/Máquina Portátil De Fazer Doces De Algodão.mp4","81ccc5de9d555cf2c3c7b845f4215cd03fa51449275053a52c48f776f32c3194","ok","9,96","720","1280","720x1280","vertical","30","h264","aac","2","44100","1129844","1406656",""
"VIDEOS 1200-1500-20260730T124530Z-1-001.zip","1292","Robo De Brinquedo Robô Dançante Homem De Ferro Pode Cantar Brinquedos Elétricos Meninos Meninas Bebês 0-3 Anos","VIDEOS 1200-1500/VIDEO 1292/Robo De Brinquedo Robô Dançante Homem De Ferro Pode Cantar Brinquedos Elétricos Meninos Meninas Bebês 0-3 Anos.mp4","f8c85563a1022e21a3a0631d07dab2c14df8255a8f1bf01187175cc5d2569b1f","ok","6,919","720","1280","720x1280","vertical","30","h264","aac","2","44100","1500770","1297979",""
"VIDEOS 1200-1500-20260730T124530Z-1-001.zip","1293","Rodada mop car wash Girassol Retrátil Rotativo coral Veludo Casa Preguiçoso Remoção De Poeira Chão Parede Ferramenta de lavagem de carro","VIDEOS 1200-1500/VIDEO 1293/Rodada mop car wash Girassol Retrátil Rotativo coral Veludo Casa Preguiçoso Remoção De Poeira Chão Parede Ferramenta de lavagem de carro.mp4","75dce0a5394b920d3a4a7b2c8a4ff08c4f12e70663bcbdd577925638aebb0dd8","ok","17,252","720","1280","720x1280","vertical","30","h264","aac","2","44100","1487575","3207956",""
"VIDEOS 1200-1500-20260730T124530Z-1-001.zip","1294","Aplique Rabo De Cavalo Para Extensão Ondulado Fibra Orgânica Premium!!","VIDEOS 1200-1500/VIDEO 1294/Aplique Rabo De Cavalo Para Extensão Ondulado Fibra Orgânica Premium!!.mp4","ddf0ff271c5960bff7a4fb70fe07333796930756cc7d7228a0f2babea25a5ce8","ok","9,844","720","1280","720x1280","vertical","30","h264","aac","2","44100","2097868","2581427",""
"VIDEOS 1200-1500-20260730T124530Z-1-001.zip","1295","Interacção Automática Brinquedos Lançador De Bolas De Tênis De Cachorro Pet Jogar Treinamento Para Uso Interno E Exterior","VIDEOS 1200-1500/VIDEO 1295/Interacção Automática Brinquedos Lançador De Bolas De Tênis De Cachorro Pet Jogar Treinamento Para Uso Interno E Exterior.mp4","d9e960e3235e2994d227f2c416bc5eaa9ec538ca268c2a7e40a7b8c5860dddab","ok","4,272","720","1280","720x1280","vertical","30","h264","aac","2","44100","1834256","979493",""
"VIDEOS 1200-1500-20260730T124530Z-1-001.zip","1296","Brorikoy power bank 2600mah carregamento portátil powerbank usb magnético micro tipo-c cabo para iphone 11 x samsung bateria externa","VIDEOS 1200-1500/VIDEO 1296/Brorikoy power bank 2600mah carregamento portátil powerbank usb magnético micro tipo-c cabo para iphone 11 x samsung bateria externa.mp4","a2ed17e4662a8c16bcf6b0714e20048e1dc176d4c5495fc7fceb1ee282edd2b5","ok","11,957","720","1280","720x1280","vertical","30","h264","aac","2","44100","1571975","2349514",""
"VIDEOS 1200-1500-20260730T124530Z-1-001.zip","1297","Babygo-tenda dobrável automática, instalação automática, tenda, casa de brincadeira para crianças, acampamento ao ar livre, guarda-sol, praia, portátil, rede contra mosquitos, bebê","VIDEOS 1200-1500/VIDEO 1297/Babygo-tenda dobrável automática, instalação automática, tenda, casa de brincadeira para crianças, acampamento ao ar livre, guarda-sol, praia, portátil, rede contra mosquitos, bebê.mp4","6efbcd97339a2cd1a3dce8a72743fd6903e0b2d088950623a703a7ab64e6079c","ok","8,335","720","1280","720x1280","vertical","30","h264","aac","2","44100","2333771","2431498",""
"VIDEOS 1200-1500-20260730T124530Z-1-001.zip","1298","Produtos spot Roupão De Banho Feminino Plus Size De Algodão Puro Absorvente Com 80-180Kg Toalha de banho Roupão Bath towel Bathrobe","VIDEOS 1200-1500/VIDEO 1298/Produtos spot Roupão De Banho Feminino Plus Size De Algodão Puro Absorvente Com 80-180Kg Toalha de banho Roupão Bath towel Bathrobe.mp4","a588432c76f820c1971297164e373ec29557b2179c525ff6e82273f2bee45285","ok","7,662","720","1280","720x1280","vertical","30","h264","aac","2","44100","1448365","1387172",""
"VIDEOS 1200-1500-20260730T124530Z-1-001.zip","1299","Capa de Colchao Casal Impermeável com 2 Fronhas","VIDEOS 1200-1500/VIDEO 1299/Capa de Colchao Casal Impermeável com 2 Fronhas.mp4","f1820fc1d410b13f2c0708b16d4f06f19da2f289d171da289e2798f1ac7adb48","ok","8,033","720","1280","720x1280","vertical","30","h264","aac","2","44100","1686026","1692981",""
"VIDEOS 1200-1500-20260730T124530Z-1-001.zip","1300","Dobrável 3-ply prato de frutas prato de doces sala de estar em casa 2 camadas tigela de frutas lanche bolo sobremesa expositor","VIDEOS 1200-1500/VIDEO 1300/Dobrável 3-ply prato de frutas prato de doces sala de estar em casa 2 camadas tigela de frutas lanche bolo sobremesa expositor.mp4","bdc029cca089009850116ee43285da0560206578f06fd8150e3af24ae8db5044","ok","12,886","720","1280","720x1280","vertical","30","h264","aac","2","44100","1257381","2025328",""
"VIDEOS 1200-1500-20260730T124530Z-1-001.zip","1301","Papel De Parede Adesivo De Mármore Carrara Brilhante 2MX61CM","VIDEOS 1200-1500/VIDEO 1301/Papel De Parede Adesivo De Mármore Carrara Brilhante 2MX61CM.mp4","31431a90dd8c6d4eaaadb100a6b73def53039a8bd877500486658c445dc3cdee","ok","11,005","720","1280","720x1280","vertical","30","h264","aac","2","44100","1180724","1624234",""
"VIDEOS 1200-1500-20260730T124530Z-1-001.zip","1302","Kit de escova de imersão para lavadora de pressão de conexão rápida com rotação automática","VIDEOS 1200-1500/VIDEO 1302/Kit de escova de imersão para lavadora de pressão de conexão rápida com rotação automática.mp4","9a73cfe9f8306fe4c9bef0321c990abb521030d9fb82099eb4993571df56daf7","ok","10,912","720","1280","720x1280","vertical","30","h264","aac","2","44100","3175304","4331115",""
"VIDEOS 1200-1500-20260730T124530Z-1-001.zip","1303","1-3T Almofada De Segurança Para Proteção Da Cabeça Do BebêEvitar I9ZY","VIDEOS 1200-1500/VIDEO 1303/1-3T Almofada De Segurança Para Proteção Da Cabeça Do BebêEvitar I9ZY.mp4","77c9966883782d5e3757d26f5060b7458ed24be34b5321c2bf28efcb631f64a9","ok","7,476","720","1280","720x1280","vertical","30","h264","aac","2","44100","2293945","2143692",""
"VIDEOS 1200-1500-20260730T124530Z-1-001.zip","1304","2 Pçs Adesivo De Salto Com Pés Anti-DeslizanteSapato Forro De CalcanharTamanho Ajustável Para MasculinoMulheres","VIDEOS 1200-1500/VIDEO 1304/2 Pçs Adesivo De Salto Com Pés Anti-DeslizanteSapato Forro De CalcanharTamanho Ajustável Para MasculinoMulheres.mp4","9b77254662a22a1fd43c943e6235ed7512e033889219c1eeadeb5a3d8cec58ca","ok","10,587","720","1280","720x1280","vertical","30","h264","aac","2","44100","1429582","1891874",""
"VIDEOS 1200-1500-20260730T124530Z-1-001.zip","1305","Recipiente de armazenamento de alimentos hermético dispensador de cereais caixa de armazenamento de cereais dispensador de arroz dispensador de grãos organizador de cozinha porta mantimentos de coz","VIDEOS 1200-1500/VIDEO 1305/Recipiente de armazenamento de alimentos hermético dispensador de cereais caixa de armazenamento de cereais dispensador de arroz dispensador de grãos organizador de cozinha porta mantimentos de coz.mp4","f446909e1974a6e2c02b46c6bcf25315255defe051a0026d6920e1934fb0bf9e","ok","11,539","720","1280","720x1280","vertical","30","h264","aac","2","44100","1965184","2834533",""
"VIDEOS 1200-1500-20260730T124530Z-1-001.zip","1306","Fechamento automático da porta, fecho automático, fecho de porta, fecho automático, com cordão, fechamento automático","VIDEOS 1200-1500/VIDEO 1306/Fechamento automático da porta, fecho automático, fecho de porta, fecho automático, com cordão, fechamento automático.mp4","0846f405417d0581a7aa3f5d75a664d6c36ee6f07ceb3dd53aa53ea8bda8e9d2","ok","14,906","720","1280","720x1280","vertical","30","h264","aac","2","44100","1295235","2413347",""
"VIDEOS 1200-1500-20260730T124530Z-1-001.zip","1307","Luz de Emergência Recarregável, Painel Solar Multifuncional, Iluminação Exterior, Luz de Barraca, Camping","VIDEOS 1200-1500/VIDEO 1307/Luz de Emergência Recarregável, Painel Solar Multifuncional, Iluminação Exterior, Luz de Barraca, Camping.mp4","e126becc806f33536f725eb81d0d0daa1efd2566795164a37824abe8c8d313dd","ok","15,533","720","1280","720x1280","vertical","30","h264","aac","2","44100","1916215","3720571",""
"VIDEOS 1200-1500-20260730T124530Z-1-001.zip","1308","Massageador Cervical Spine Massager Manual Clip Multifuncional Rolo De Pescoço De Ombro Massagem Corporal Cortador","VIDEOS 1200-1500/VIDEO 1308/Massageador Cervical Spine Massager Manual Clip Multifuncional Rolo De Pescoço De Ombro Massagem Corporal Cortador.mp4","8174d75db74b89a3612743e69a617544ba49c388afb075754814287eebafa927","ok","15,673","720","1280","720x1280","vertical","30","h264","aac","2","44100","1937948","3796683",""
"VIDEOS 1200-1500-20260730T124530Z-1-001.zip","1309","Bebê Bonitinho Romper One Piece Green Dinossauro Cartoon Roupa De Inverno Flanela Fato De Salto Macio","VIDEOS 1200-1500/VIDEO 1309/Bebê Bonitinho Romper One Piece Green Dinossauro Cartoon Roupa De Inverno Flanela Fato De Salto Macio.mp4","f41ad42d6034a65fb707e2162ca6133048a6ff6000b74ffdedb774ffd2127be3","ok","6,57","720","1280","720x1280","vertical","30","h264","aac","2","44100","2183850","1793487",""
"VIDEOS 1200-1500-20260730T124530Z-1-001.zip","1310","Escova ORIGINAL Reutilizável De Limpeza Roupa Limpador Sofá Cama Rolo Removedor Tira Pelos Magico De Animais Cachorro Gato Pet","VIDEOS 1200-1500/VIDEO 1310/Escova ORIGINAL Reutilizável De Limpeza Roupa Limpador Sofá Cama Rolo Removedor Tira Pelos Magico De Animais Cachorro Gato Pet.mp4","28baec031b45f326bc9bb917b7850223c74f051464b9d93e18adad221fbc807b","ok","12,282","720","1280","720x1280","vertical","30","h264","aac","2","44100","2515566","3862023",""
"VIDEOS 1200-1500-20260730T124530Z-1-001.zip","1311","Meia-Calça P-4GG Térmica Forrada Peluciada Translúcida Inverno Quente Plus size Legging","VIDEOS 1200-1500/VIDEO 1311/Meia-Calça P-4GG Térmica Forrada Peluciada Translúcida Inverno Quente Plus size Legging.mp4","d20120d136e0c9ab39615b8e191d79d59bc63443a96738088534467b420b5a29","ok","10,564","720","1280","720x1280","vertical","30","h264","aac","2","44100","1505242","1987673",""
"VIDEOS 1200-1500-20260730T124530Z-1-001.zip","1312","Creme de reparação de parede do agente de reparação da parede da pintura do látex da parede da escova de rolamento pequena com remendo de secagem rápida válido do moldproof da pintura do raspador","VIDEOS 1200-1500/VIDEO 1312/Creme de reparação de parede do agente de reparação da parede da pintura do látex da parede da escova de rolamento pequena com remendo de secagem rápida válido do moldproof da pintura do raspador.mp4","e6d7f3bbea9d50a5801e0965f94b4f380779a6e86964fe677a5fc914aa233a80","ok","8,358","720","1280","720x1280","vertical","30","h264","aac","2","44100","1555258","1624856",""
"VIDEOS 1200-1500-20260730T124530Z-1-001.zip","1313","Lbx moderno e minimalista sala de estar quarto lazer couro silicone cadeira preguiçoso","VIDEOS 1200-1500/VIDEO 1313/Lbx moderno e minimalista sala de estar quarto lazer couro silicone cadeira preguiçoso.mp4","bf96ca0a32485fa5d51b45cda5abc8bed56b82ae590965431861e1a035c29b21","ok","10,703","720","1280","720x1280","vertical","30","h264","aac","2","44100","1654258","2213191",""
"VIDEOS 1200-1500-20260730T124530Z-1-001.zip","1314","Kit 4 Suporte adesivo prateleira transparente Mão Francesa Cantoneira","VIDEOS 1200-1500/VIDEO 1314/Kit 4 Suporte adesivo prateleira transparente Mão Francesa Cantoneira.mp4","466bfd9936c2f8c7d001485d9a4253bf6e6c9c8c0f1086c3a067269723a544d8","ok","11,447","720","1280","720x1280","vertical","30","h264","aac","2","44100","1246467","1783539",""
"VIDEOS 1200-1500-20260730T124530Z-1-001.zip","1315","Moda Inverno Feminina Térmica Velo Macio Pescoço Quente Cachecol Cap Gorro Chapéu","VIDEOS 1200-1500/VIDEO 1315/Moda Inverno Feminina Térmica Velo Macio Pescoço Quente Cachecol Cap Gorro Chapéu.mp4","88e16978bae763e87f379207095f8978b71742b158edc3ad3fb2ef01fc36966f","ok","9,38","720","1280","720x1280","vertical","30","h264","aac","2","44100","2025828","2375284",""
"VIDEOS 1200-1500-20260730T124530Z-1-001.zip","1316","Cabo De Carregamento Micro USB Retrátil Tipo C 3 Em 1 Para Dados De Carregador De Telefone Com Suporte","VIDEOS 1200-1500/VIDEO 1316/Cabo De Carregamento Micro USB Retrátil Tipo C 3 Em 1 Para Dados De Carregador De Telefone Com Suporte.mp4","0ed8c2f60cb261b45d38b9370bda04c4fffeafd381379c305631d987dbc226ec","ok","32,136","720","1280","720x1280","vertical","30","h264","aac","2","44100","1487189","5974039",""
"VIDEOS 1200-1500-20260730T124530Z-1-001.zip","1317","Espelho De Mesa Com Led Para Maquiagem Com Usb Recarregável","VIDEOS 1200-1500/VIDEO 1317/Espelho De Mesa Com Led Para Maquiagem Com Usb Recarregável.mp4","29d91a4d20f78356604d0740cba54fa5c5ff03acb4c24c8bc150619e598ff0c4","ok","15,765","720","1280","720x1280","vertical","30","h264","aac","2","44100","1242733","2448961",""
"VIDEOS 1200-1500-20260730T124530Z-1-001.zip","1318","Recipientes de armazenamento de cozinha com gravador de tempo tampa geladeira organizadores manter alimentos frescos e frutas frigorífico congelador caixas de armazenamento","VIDEOS 1200-1500/VIDEO 1318/Recipientes de armazenamento de cozinha com gravador de tempo tampa geladeira organizadores manter alimentos frescos e frutas frigorífico congelador caixas de armazenamento.mp4","185e918bcad4b17260f2eca3f2a3808768ffb6691c55e0286a4930c2036c7328","ok","15,394","720","1280","720x1280","vertical","30","h264","aac","2","44100","1805520","3474273",""
"VIDEOS 1200-1500-20260730T124530Z-1-001.zip","1319","Máquina de frutas e batatas de aço, descascador, Corer, Fatiador, Cortador, Bar, Casa, Mão-Cranked, Clipping, 3 em 1","VIDEOS 1200-1500/VIDEO 1319/Máquina de frutas e batatas de aço, descascador, Corer, Fatiador, Cortador, Bar, Casa, Mão-Cranked, Clipping, 3 em 1.mp4","e87bff6ae48abc2f729bddcaaa448448088dc91e88831ee87acea6adf563215b","ok","14,697","720","1280","720x1280","vertical","30","h264","aac","2","44100","1171288","2151804",""
"VIDEOS 1200-1500-20260730T124530Z-1-001.zip","1320","ANEMONE1 Dispenser De Óleo De Silicone Com Conta-GotasMulticolorido Para CozimentoCozinha","VIDEOS 1200-1500/VIDEO 1320/ANEMONE1 Dispenser De Óleo De Silicone Com Conta-GotasMulticolorido Para CozimentoCozinha.mp4","c7b854117986bba56a864d2f202254c2691cceff204c430e17d09cba5d2adaf8","ok","20,2","720","1280","720x1280","vertical","30","h264","aac","2","44100","1454912","3673653",""
"VIDEOS 1200-1500-20260730T124530Z-1-001.zip","1321","Casa de banho cozinha lixo bin reciclagem mesa bebê moda lixo bin recicling pode design criativo poubelle presente limpeza doméstica","VIDEOS 1200-1500/VIDEO 1321/Casa de banho cozinha lixo bin reciclagem mesa bebê moda lixo bin recicling pode design criativo poubelle presente limpeza doméstica.mp4","3b4f6ca5e936f835a2e65aee0163dd93136cc4f3026f47eb1f14ae7c2b4b29b9","ok","10,936","720","1280","720x1280","vertical","30","h264","aac","2","44100","1520726","2078833",""
"VIDEOS 1200-1500-20260730T124530Z-1-001.zip","1322","3d portátil multifuncional digital unha arte polimento preço impressora automática da arte do prego para a pintura unhas","VIDEOS 1200-1500/VIDEO 1322/3d portátil multifuncional digital unha arte polimento preço impressora automática da arte do prego para a pintura unhas.mp4","868642a29f16467c3cf8b7781889535a01f5e09ea2e7fe9eeaf4f64d4e4148ce","ok","9,635","720","1280","720x1280","vertical","30","h264","aac","2","44100","1134697","1366601",""
"VIDEOS 1200-1500-20260730T124530Z-1-001.zip","1323","3d estilo chinês arte adesivo de parede grande garrafa flores lótus para sala estar decoração da parede casa mural decalques papel 60x90cm","VIDEOS 1200-1500/VIDEO 1323/3d estilo chinês arte adesivo de parede grande garrafa flores lótus para sala estar decoração da parede casa mural decalques papel 60x90cm.mp4","b5e075fb1e053b661a6dd90715ccbc4a11a1319f2a28325a1e3870e006417444","ok","11,191","720","1280","720x1280","vertical","30","h264","aac","2","44100","1675424","2343709",""
"VIDEOS 1200-1500-20260730T124530Z-1-001.zip","1324","Dobrável cabide de roupas montagem na parede retrátil pano secagem rack interior & outdoor space saving alumínio lavandaria casa varal","VIDEOS 1200-1500/VIDEO 1324/Dobrável cabide de roupas montagem na parede retrátil pano secagem rack interior & outdoor space saving alumínio lavandaria casa varal.mp4","d692387987299ab33a87c77643277ada52d9c87f079f62185dfbde0b5f7f7681","ok","15,44","720","1280","720x1280","vertical","30","h264","aac","2","44100","1850602","3571663",""
"VIDEOS 1200-1500-20260730T124530Z-1-001.zip","1325","10m Super Fita Adesiva Dupla Face Nano MáGica LaváVel ReutilizáVel Transparente ImpermeáVel Fita Dupla Face Para Prender Tapetes","VIDEOS 1200-1500/VIDEO 1325/10m Super Fita Adesiva Dupla Face Nano MáGica LaváVel ReutilizáVel Transparente ImpermeáVel Fita Dupla Face Para Prender Tapetes.mp4","9c9699c0e574026b552df11df1c253724aeedbf6e7d2535b0ebfa76eea541711","ok","9,96","720","1280","720x1280","vertical","30","h264","aac","2","44100","1850025","2303282",""
"VIDEOS 1200-1500-20260730T124530Z-1-001.zip","1326","Logic Chess Color Cognition Brinquedos Inteligência Formação Das Crianças Thinking Exercício Início Educativos Jogos Lógicas Montessori","VIDEOS 1200-1500/VIDEO 1326/Logic Chess Color Cognition Brinquedos Inteligência Formação Das Crianças Thinking Exercício Início Educativos Jogos Lógicas Montessori.mp4","33c6713d6a7d2a1a272b28f1e1089b974174f519965e52e52daf6fb42bfd84af","ok","15,626","720","1280","720x1280","vertical","30","h264","aac","2","44100","902099","1762026",""
"VIDEOS 1200-1500-20260730T124530Z-1-001.zip","1327","Logic Chess Color Cognition Brinquedos Inteligência Formação Das Crianças Thinking Exercício Início Educativos Jogos Lógicas Montessori","VIDEOS 1200-1500/VIDEO 1327/Logic Chess Color Cognition Brinquedos Inteligência Formação Das Crianças Thinking Exercício Início Educativos Jogos Lógicas Montessori.mp4","33c6713d6a7d2a1a272b28f1e1089b974174f519965e52e52daf6fb42bfd84af","ok","15,626","720","1280","720x1280","vertical","30","h264","aac","2","44100","902099","1762026",""
"VIDEOS 1200-1500-20260730T124530Z-1-001.zip","1328","Capa De Proteção Para Interruptor De Tomada De Parede À Prova De Respingos 86","VIDEOS 1200-1500/VIDEO 1328/Capa De Proteção Para Interruptor De Tomada De Parede À Prova De Respingos 86.mp4","d220a5476506c817ebcea4ff079c767ff6ac6a9e3c0e614469c0ecc7c71c71d8","ok","11,098","720","1280","720x1280","vertical","30","h264","aac","2","44100","1435614","1991556",""
"VIDEOS 1200-1500-20260730T124530Z-1-001.zip","1329","Aparelho Movedor Móveis Fácil Levantador Materiais Pesados Kit 5 Peças Sliders","VIDEOS 1200-1500/VIDEO 1329/Aparelho Movedor Móveis Fácil Levantador Materiais Pesados Kit 5 Peças Sliders.mp4","2df077a59d130cbded3107cc2c78b6efeeeca012eee86a9739031bde9e47e42a","ok","15,951","720","1280","720x1280","vertical","30","h264","aac","2","44100","1450183","2891485",""
"VIDEOS 1200-1500-20260730T124530Z-1-001.zip","1330","Bota De Chuva Com Zíper Impermeável Anti-Derrapante","VIDEOS 1200-1500/VIDEO 1330/Bota De Chuva Com Zíper Impermeável Anti-Derrapante.mp4","fa2feb550e97e4b61f3297beb08c2abe0853c12565958e3ee40964469428843a","ok","8,173","720","1280","720x1280","vertical","30","h264","aac","2","44100","2545723","2600775",""
"VIDEOS 1200-1500-20260730T124530Z-1-001.zip","1331","Cremalheira de secagem do prato ajustável sobre a pia para o contador da cozinha, ganchos do suporte da prateleira do escorredor do armazenamento do organizador de aço inoxidável","VIDEOS 1200-1500/VIDEO 1331/Cremalheira de secagem do prato ajustável sobre a pia para o contador da cozinha, ganchos do suporte da prateleira do escorredor do armazenamento do organizador de aço inoxidável.mp4","bfcd4f62ae1760ee2eb30993614fb4736cc4273a7bee1b013a12179587c2fa02","ok","17,971","720","1280","720x1280","vertical","30","h264","aac","2","44100","1356323","3046812",""
"VIDEOS 1200-1500-20260730T124530Z-1-001.zip","1332","Sapatilhas infantis de malha respirável, sapatilhas de sola macia, sapatos confortáveis de malha de bebê, estilo casual, meninos e meninas","VIDEOS 1200-1500/VIDEO 1332/Sapatilhas infantis de malha respirável, sapatilhas de sola macia, sapatos confortáveis de malha de bebê, estilo casual, meninos e meninas.mp4","818a71e63eac28a08a58702b2d91ebe17049e578126333d8b68e2a17c36e1ff0","ok","8,242","720","1280","720x1280","vertical","30","h264","aac","2","44100","2359207","2430574",""
"VIDEOS 1200-1500-20260730T124530Z-1-001.zip","1333","Banco que vira mesa internoexterno 6 lugares","VIDEOS 1200-1500/VIDEO 1333/Banco que vira mesa internoexterno 6 lugares.mp4","958514972b083624e7fa14a1e7d7b537d46f3213ad56d5b8afc31f781e1cdd4e","ok","8,335","720","1280","720x1280","vertical","30","h264","aac","2","44100","1367086","1424333",""
"VIDEOS 1200-1500-20260730T124530Z-1-001.zip","1334","Dispositivo de Correção de Joanete. Joanetes Corretor Ortopédico Articulado. 1unidade","VIDEOS 1200-1500/VIDEO 1334/Dispositivo de Correção de Joanete. Joanetes Corretor Ortopédico Articulado. 1unidade.mp4","c97c127d05d048310d7f3a5541880c8ec775f5fd4fc8340bbb69238ceef789c2","ok","9,055","720","1280","720x1280","vertical","30","h264","aac","2","44100","1238886","1402265",""
"VIDEOS 1200-1500-20260730T124530Z-1-001.zip","1335","Colmeia OrganizadorDe ArmárioCaixa De Armazenamento Dobrável Para Meias","VIDEOS 1200-1500/VIDEO 1335/Colmeia OrganizadorDe ArmárioCaixa De Armazenamento Dobrável Para Meias.mp4","f3bf03f97243a3deea0fd6f6a45e78a31bb5c413846326f8c8734a619f806d35","ok","20,526","720","1280","720x1280","vertical","30","h264","aac","2","44100","1817009","4661991",""
"VIDEOS 1200-1500-20260730T124530Z-1-001.zip","1336","Suporte Veicular Universal para Tablets e Smartphones Baseus, Baseus, Car Mount, Preto","VIDEOS 1200-1500/VIDEO 1336/Suporte Veicular Universal para Tablets e Smartphones Baseus, Baseus, Car Mount, Preto.mp4","5aaa294dbeb09667f7c54c410f2679ee5226c9924b8d1f7416d4a94437f16d86","ok","16,137","720","1280","720x1280","vertical","30","h264","aac","2","44100","1408633","2841389",""
"VIDEOS 1200-1500-20260730T124530Z-1-001.zip","1337","Guarda-chuva de tamanho duplo, guarda-chuva de casal para duas pessoas, novidade à prova de vento, guarda-sol extra grande 16 ripas, presente para amantes","VIDEOS 1200-1500/VIDEO 1337/Guarda-chuva de tamanho duplo, guarda-chuva de casal para duas pessoas, novidade à prova de vento, guarda-sol extra grande 16 ripas, presente para amantes.mp4","0108a6ad99e249e3687c6a150bb1bfaae2d2f274227e4410b95a8d46b0e956b4","ok","4,597","720","1280","720x1280","vertical","30","h264","aac","2","44100","1909309","1097137",""
"VIDEOS 1200-1500-20260730T124530Z-1-001.zip","1338","Pulverizador De Pia Torneira Banheiro Portátil Ducha Lavagem Chuveirinho Mangueira Lavar Cabelo Banho Pet Banho Bebê","VIDEOS 1200-1500/VIDEO 1338/Pulverizador De Pia Torneira Banheiro Portátil Ducha Lavagem Chuveirinho Mangueira Lavar Cabelo Banho Pet Banho Bebê.mp4","e5a7e9e01c3f4efa0321823471e2cd359e6daef2c4e3772608ee5fbf0bc22f94","ok","10,889","720","1280","720x1280","vertical","30","h264","aac","2","44100","1547217","2105957",""
"VIDEOS 1200-1500-20260730T124530Z-1-001.zip","1339","Tela Antiderrapante para Amarradinho - Cor Branca Largura Máxima de 1,50 metros","VIDEOS 1200-1500/VIDEO 1339/Tela Antiderrapante para Amarradinho - Cor Branca Largura Máxima de 1,50 metros.mp4","7cfaa643efd018ad1964a129d26b6838e978650d77d02143571e44490d430dc8","ok","19,039","720","1280","720x1280","vertical","30","h264","aac","2","44100","1782030","4241010",""
"VIDEOS 1200-1500-20260730T124530Z-1-001.zip","1340","Mala de alumínio do trole do quadro do saco de embarque do curso do negócio pequeno 20-Polegada da bagagem aberta multi-funcional","VIDEOS 1200-1500/VIDEO 1340/Mala de alumínio do trole do quadro do saco de embarque do curso do negócio pequeno 20-Polegada da bagagem aberta multi-funcional.mp4","9d11778d17133a1224c44a6e55fb7155986fd7b35bddaa323eb55e903a3c02b2","ok","48,018","720","1280","720x1280","vertical","30","h264","aac","2","44100","1668226","10013113",""
"VIDEOS 1200-1500-20260730T124530Z-1-001.zip","1341","Papel de parede DIY 35x35cm 3D Super Sticky Adesivo de espuma à prova d_água Projeto de adesivo de parede decorativo padrão de telha de parede de teto","VIDEOS 1200-1500/VIDEO 1341/Papel de parede DIY 35x35cm 3D Super Sticky Adesivo de espuma à prova d_água Projeto de adesivo de parede decorativo padrão de telha de parede de teto.mp4","5f7cb7d227fc32ec32ed8115c4a828b2d9968d73b2d01bcaab73684b67820e5d","ok","37,592","720","1280","720x1280","vertical","30","h264","aac","2","44100","1706457","8018642",""
"VIDEOS 1200-1500-20260730T124530Z-1-001.zip","1342","Capa De Colchão De Pelúcia, Capa de colchão acolchoada, de pelúcia, quente, macia, de veludo, acolchoada, kingqueen, não inclui fronha","VIDEOS 1200-1500/VIDEO 1342/Capa De Colchão De Pelúcia, Capa de colchão acolchoada, de pelúcia, quente, macia, de veludo, acolchoada, kingqueen, não inclui fronha.mp4","175da51a49578c0f93b7745a926e1c826f17780365bd0aa3e1e73f394b95ce47","ok","8,753","720","1280","720x1280","vertical","30","h264","aac","2","44100","2097262","2294667",""
"VIDEOS 1200-1500-20260730T124530Z-1-001.zip","1343","Brinquedo Crocodilo Engraçado Boca Jogo Dentista Mordida Dedo Jacaré Roleta Jogo Brinquedo Aleatório","VIDEOS 1200-1500/VIDEO 1343/Brinquedo Crocodilo Engraçado Boca Jogo Dentista Mordida Dedo Jacaré Roleta Jogo Brinquedo Aleatório.mp4","9ab49ede878438996c59b5e3927b587b6234a4f548e8b15a1baea8aef051b8f6","ok","9,96","720","1280","720x1280","vertical","30","h264","aac","2","44100","953156","1186680",""
"VIDEOS 1200-1500-20260730T124530Z-1-001.zip","1344","2Pc 40x5CM Adesivo Protetor Anti-Arranhão Para Proteção De Porta De Carro 4pçs 14x2,5cm","VIDEOS 1200-1500/VIDEO 1344/2Pc 40x5CM Adesivo Protetor Anti-Arranhão Para Proteção De Porta De Carro 4pçs 14x2,5cm.mp4","7e3cd3451c8740b2c12cd719bb0dc5a008a8d4940794763f30d137f465e1ed97","ok","12,491","720","1280","720x1280","vertical","30","h264","aac","2","44100","1327511","2072743",""
"VIDEOS 1200-1500-20260730T124530Z-1-001.zip","1345","Shezi Bastão Corretivo Em Duas Cores Para Reparo De Caneta Corretivo Base  Creme Corretivo","VIDEOS 1200-1500/VIDEO 1345/Shezi Bastão Corretivo Em Duas Cores Para Reparo De Caneta Corretivo Base  Creme Corretivo.mp4","ca7595902fc15ed23dff464f2671961249b9d73bfa4c66545deacc13e48138e4","ok","22,081","720","1280","720x1280","vertical","30","h264","aac","2","44100","1426252","3936635",""
"VIDEOS 1200-1500-20260730T124530Z-1-001.zip","1346","27.5g Toopik Fibers Queratina Thicker Cabelo Anti-Perda De Produtos Corretivo Refil Espessamento Da Fibra Do Pós Crescimento","VIDEOS 1200-1500/VIDEO 1346/27.5g Toopik Fibers Queratina Thicker Cabelo Anti-Perda De Produtos Corretivo Refil Espessamento Da Fibra Do Pós Crescimento.mp4","4785a75aa1eb0275260ce943c6c2ca9619c44b6adac1b0140ec44858995acce2","ok","20,317","720","1280","720x1280","vertical","30","h264","aac","2","44100","1634131","4150082",""
"VIDEOS 1200-1500-20260730T124530Z-1-001.zip","1347","Almofada de drenagem da bacia de lavagem absorvente torneira esteiras engrossado coasters duráveis banheiro washstand respingo tapete macio à prova de mofo amortecimento","VIDEOS 1200-1500/VIDEO 1347/Almofada de drenagem da bacia de lavagem absorvente torneira esteiras engrossado coasters duráveis banheiro washstand respingo tapete macio à prova de mofo amortecimento.mp4","1f62b5984c9a6d1d7a1f32878f6cada5b7f28fa48c7a6761027bf3ca19df8986","ok","13,049","720","1280","720x1280","vertical","30","h264","aac","2","44100","1719458","2804651",""
"VIDEOS 1200-1500-20260730T124530Z-1-001.zip","1348","Tmdbyx Travesseiro De Pescoço Universal Multi-Color Para Encosto De Cabeça De Carro","VIDEOS 1200-1500/VIDEO 1348/Tmdbyx Travesseiro De Pescoço Universal Multi-Color Para Encosto De Cabeça De Carro.mp4","dd2665f2accb250ffb9209062fa66b5db0b6c5024f27e295cb47f3cd96976265","ok","6,919","720","1280","720x1280","vertical","30","h264","aac","2","44100","996653","861981",""
"VIDEOS 1200-1500-20260730T124530Z-1-001.zip","1349","E27 Colorido LED Stage Piscando Luz Lâmpada 6 W Rotação De Cristal Bola Mágica Mini Para Festa De Natal Decoração Do Partido De Disco","VIDEOS 1200-1500/VIDEO 1349/E27 Colorido LED Stage Piscando Luz Lâmpada 6 W Rotação De Cristal Bola Mágica Mini Para Festa De Natal Decoração Do Partido De Disco.mp4","61498959a7f8b12ef01536d85d99f64cf91a768a6e13a66a7bec3b400777d521","ok","11,052","720","1280","720x1280","vertical","30","h264","aac","2","44100","2831790","3912118",""
"VIDEOS 1200-1500-20260730T124530Z-1-001.zip","1350","Carimbo De Rolamento Para Adição , Subtráção , Selo De Ensino De Multiplicação E Divisão Comin 100","VIDEOS 1200-1500/VIDEO 1350/Carimbo De Rolamento Para Adição , Subtráção , Selo De Ensino De Multiplicação E Divisão Comin 100.mp4","eab747c07438f924561fbad128f1e2841f1206594b673433c7c3852e1b115029","ok","11,005","720","1280","720x1280","vertical","30","h264","aac","2","44100","1464987","2015273",""
"VIDEOS 1200-1500-20260730T124530Z-1-001.zip","1351","Marmita Com Bolsa Térmica Lancheira Infantil Portátil Com Compartimento Em Aço Inoxidável De 188Caixa De Comida Para PiqueniqueEscola","VIDEOS 1200-1500/VIDEO 1351/Marmita Com Bolsa Térmica Lancheira Infantil Portátil Com Compartimento Em Aço Inoxidável De 188Caixa De Comida Para PiqueniqueEscola.mp4","c8ee44444fe9a444a9d1b15509d1f3f36a73a3d68f5d28e043d8666cb95e53df","ok","10,959","720","1280","720x1280","vertical","30","h264","aac","2","44100","1819214","2492096",""
"VIDEOS 1200-1500-20260730T124530Z-1-001.zip","1352","Trelica em madeira com folha Hera artificial para jardim vertical decoração","VIDEOS 1200-1500/VIDEO 1352/Trelica em madeira com folha Hera artificial para jardim vertical decoração.mp4","a22d529ad23299f163966baf86c8bb92934b211d952b8d9a7e28376d63f05c65","ok","7,615","720","1280","720x1280","vertical","30","h264","aac","2","44100","1884925","1794213",""
"VIDEOS 1200-1500-20260730T124530Z-1-001.zip","1353","Ferramenta de carro bomba de ar portátil inflador de pneu de carro display digital inteligente sem fio, bomba de pneu de bicicleta com luz LED 12V","VIDEOS 1200-1500/VIDEO 1353/Ferramenta de carro bomba de ar portátil inflador de pneu de carro display digital inteligente sem fio, bomba de pneu de bicicleta com luz LED 12V.mp4","701aaa4621fe0a9e0a76536bd1a7d4b29c1fd80b5e4cd55bab633b2c665f2dfd","ok","12,399","720","1280","720x1280","vertical","30","h264","aac","2","44100","1273260","1973394",""
"VIDEOS 1200-1500-20260730T124530Z-1-001.zip","1354","Pipoqueira de Microondas em Vidro Borossilicato 1,8L - Lyor Pipoqueira Microondas sem Óleo","VIDEOS 1200-1500/VIDEO 1354/Pipoqueira de Microondas em Vidro Borossilicato 1,8L - Lyor Pipoqueira Microondas sem Óleo.mp4","698cc598d25819a92dd88bfb69ae021117cdbdd7a171b1fae0ed7590046e6695","ok","12,491","720","1280","720x1280","vertical","30","h264","aac","2","44100","1146969","1790849",""
"VIDEOS 1200-1500-20260730T124530Z-1-001.zip","1355","3 Cor Regulável Cat Eye Light Strip Desk Lamp LED Sensor De Movimento Luz Recarregável USB Cozinha Armário Roupeiro Lâmpada 203040 Cm","VIDEOS 1200-1500/VIDEO 1355/3 Cor Regulável Cat Eye Light Strip Desk Lamp LED Sensor De Movimento Luz Recarregável USB Cozinha Armário Roupeiro Lâmpada 203040 Cm.mp4","d7ae6be5444398dbdcee5b66c80a219baa85bc7568b00802e993147ad28d4d6b","ok","13,792","720","1280","720x1280","vertical","30","h264","aac","2","44100","1723240","2970867",""
"VIDEOS 1200-1500-20260730T124530Z-1-001.zip","1356","Tapete de cozinha super absorvente antiderrapante tapete de cozinha de secagem rápida tapete de chão do banheiro entrada capacho tapete de pele nappa","VIDEOS 1200-1500/VIDEO 1356/Tapete de cozinha super absorvente antiderrapante tapete de cozinha de secagem rápida tapete de chão do banheiro entrada capacho tapete de pele nappa.mp4","9a4846c00dca8d949f04cb6c1d62e316350848f72ae7541776419bea6c15aede","ok","18,598","720","1280","720x1280","vertical","30","h264","aac","2","44100","1494353","3473998",""
"VIDEOS 1200-1500-20260730T124530Z-1-001.zip","1357","Verão gelo seda bordado sofá capa antiderrapante almofada universal sala de estar sofá toalha móveis proteção à prova de poeira refrigeração","VIDEOS 1200-1500/VIDEO 1357/Verão gelo seda bordado sofá capa antiderrapante almofada universal sala de estar sofá toalha móveis proteção à prova de poeira refrigeração.mp4","34e948acd08aacb3864bef3f9935757afe799429670d3f60d6c3c5d834502af1","ok","14,721","720","1280","720x1280","vertical","30","h264","aac","2","44100","1523629","2803669",""
"VIDEOS 1200-1500-20260730T124530Z-1-001.zip","1358","Cofrinho De Porquinho Com Senha Digital Criativo Para Carro  Cofre De Porquinho  Dinheiro  Digital","VIDEOS 1200-1500/VIDEO 1358/Cofrinho De Porquinho Com Senha Digital Criativo Para Carro  Cofre De Porquinho  Dinheiro  Digital.mp4","48939f3bd0a1d13a352ace39ca8f58b96f885d375572e2fe363de225d6035cdc","ok","14,047","720","1280","720x1280","vertical","30","h264","aac","2","44100","2156461","3786477",""
"VIDEOS 1200-1500-20260730T124530Z-1-001.zip","1359","Exfoliante Esfoliante De Banho De Esponja Escova De Chuveiro Limpador De Pele Corporal Removedor Morto","VIDEOS 1200-1500/VIDEO 1359/Exfoliante Esfoliante De Banho De Esponja Escova De Chuveiro Limpador De Pele Corporal Removedor Morto.mp4","db82be61500fec0dfd35e2e2df39ec85119f371ddfcfc455cc8800e7be96d136","ok","11,168","720","1280","720x1280","vertical","30","h264","aac","2","44100","1886474","2633518",""
"VIDEOS 1200-1500-20260730T124530Z-1-001.zip","1360","Secador De Cabelo 5 Combinado Com 1 Peça Pente Alisador E Frisador Encaracolado","VIDEOS 1200-1500/VIDEO 1360/Secador De Cabelo 5 Combinado Com 1 Peça Pente Alisador E Frisador Encaracolado.mp4","1e8c778d851670993375c8443a2617b0beff06c5589ef0692e88fe419956359a","ok","9,125","720","1280","720x1280","vertical","30","h264","aac","2","44100","1733998","1977842",""
"VIDEOS 1200-1500-20260730T124530Z-1-001.zip","1361","Fita Adesiva Metalizada Para Emenda De Manta Térmica Acabamento Reparos Multiuso Detalhes","VIDEOS 1200-1500/VIDEO 1361/Fita Adesiva Metalizada Para Emenda De Manta Térmica Acabamento Reparos Multiuso Detalhes.mp4","f4e49de7b59c0c13fa0dca2de5b27cf081b843d44277ee947119f08fe10e8113","ok","9,334","720","1280","720x1280","vertical","30","h264","aac","2","44100","1767394","2062108",""
"VIDEOS 1200-1500-20260730T124530Z-1-001.zip","1362","Aquecedor de mamadeira, Vidro, Plástico, PPR, Resistente a Queda, Temperatura constante, Rubor Rápido, Leite, Aquecedor, 3 Materiais","VIDEOS 1200-1500/VIDEO 1362/Aquecedor de mamadeira, Vidro, Plástico, PPR, Resistente a Queda, Temperatura constante, Rubor Rápido, Leite, Aquecedor, 3 Materiais.mp4","aaf7e5a042a04a0fc696a55b03d9c8b8479066435c792f758a4a7aec0cbc7757","ok","8,149","720","1280","720x1280","vertical","30","h264","aac","2","44100","1481923","1509524",""
"VIDEOS 1200-1500-20260730T124530Z-1-001.zip","1363","Reciclagem Cesta de Lixo, Lixo Cozinha, Armazenamento Dustbin, Zero Waste Bin, Cube Recipiente do lixo, Casa e escritório, Lixo pode","VIDEOS 1200-1500/VIDEO 1363/Reciclagem Cesta de Lixo, Lixo Cozinha, Armazenamento Dustbin, Zero Waste Bin, Cube Recipiente do lixo, Casa e escritório, Lixo pode.mp4","ff0ba6263fd0c5230f52721e82267b51312b8c44db4105a2e2b2688e7662cb49","ok","12,909","720","1280","720x1280","vertical","30","h264","aac","2","44100","1928660","3112134",""
"VIDEOS 1200-1500-20260730T124530Z-1-001.zip","1364","novo Brow Set Carimbo Para Sobrancelhas De Longa Duração À Prova D _Água","VIDEOS 1200-1500/VIDEO 1364/novo Brow Set Carimbo Para Sobrancelhas De Longa Duração À Prova D _Água.mp4","e7bd8845adbada3835a22b73afbaa5195a0ba642866bd9ae1f075ddec4b17ff4","ok","15,231","720","1280","720x1280","vertical","30","h264","aac","2","44100","1458211","2776253",""
"VIDEOS 1200-1500-20260730T124530Z-1-001.zip","1365","Tapete Higiênico Coletor de Areia Para Gato Tamanhos Caixa De Areia - Cores","VIDEOS 1200-1500/VIDEO 1365/Tapete Higiênico Coletor de Areia Para Gato Tamanhos Caixa De Areia - Cores.mp4","607aad157988adb3f2b09618a78f1291a0c632365a17765dccf0309a33a70410","ok","9,008","720","1280","720x1280","vertical","30","h264","aac","2","44100","1818188","2047280",""
"VIDEOS 1200-1500-20260730T124530Z-1-001.zip","1366","Impressora temporária tatuagem térmica, portátil, tinta eletrônica, automática, indolor, máquina de tatuagem, mais recente, venda quente","VIDEOS 1200-1500/VIDEO 1366/Impressora temporária tatuagem térmica, portátil, tinta eletrônica, automática, indolor, máquina de tatuagem, mais recente, venda quente.mp4","89d7abd7579079421e3ea5c7c406d63d700e302fd1f996fc44a86996efcc63ed","ok","7,36","720","1280","720x1280","vertical","30","h264","aac","2","44100","1216869","1119520",""
"VIDEOS 1200-1500-20260730T124530Z-1-001.zip","1367","Suporte de Banheiro Porta Escova De Dente E Creme Dental Acessorios Porta Treco Com Dispenser Adesivo Para Parede Urso Infantil","VIDEOS 1200-1500/VIDEO 1367/Suporte de Banheiro Porta Escova De Dente E Creme Dental Acessorios Porta Treco Com Dispenser Adesivo Para Parede Urso Infantil.mp4","f5006a30164affcccc1039b4ed1c154ffaabc1d9f28d1e2612b567ffbe7da798","ok","10,587","720","1280","720x1280","vertical","30","h264","aac","2","44100","2232015","2953793",""
"VIDEOS 1200-1500-20260730T124530Z-1-001.zip","1368","Peruca Loira De 16 Polegadas Com Gradiente De Onda Curta , Ondulada De Fibra Sintética , Adequada Para O Uso Diário De cosplay De Festas","VIDEOS 1200-1500/VIDEO 1368/Peruca Loira De 16 Polegadas Com Gradiente De Onda Curta , Ondulada De Fibra Sintética , Adequada Para O Uso Diário De cosplay De Festas.mp4","189fd30800cc8373cb06ca605a4d9aa06abd8cefc6cf54e2d61612d7f2b67a7e","ok","5,897","720","1280","720x1280","vertical","30","h264","aac","2","44100","1812016","1335683",""
"VIDEOS 1200-1500-20260730T124530Z-1-001.zip","1369","AXNEN HQ3 3-Caxys Estabilizador De Vídeo De Celular Dobrável Portátil","VIDEOS 1200-1500/VIDEO 1369/AXNEN HQ3 3-Caxys Estabilizador De Vídeo De Celular Dobrável Portátil.mp4","aaea4c9ff8e4871b7f7f817940fbc7c0c4a093b2c1dd0d29fe0c99be42ea8f78","ok","15,998","720","1280","720x1280","vertical","30","h264","aac","2","44100","2201097","4401644",""
"VIDEOS 1200-1500-20260730T124530Z-1-001.zip","1370","Conjunto De Torneira De Banheiro BidimÁgua","VIDEOS 1200-1500/VIDEO 1370/Conjunto De Torneira De Banheiro BidimÁgua.mp4","64630337a013117184bf23d7a590396b12abb047c94bad6367486ded6c036620","ok","19,132","720","1280","720x1280","vertical","30","h264","aac","2","44100","1588226","3798243",""
"VIDEOS 1200-1500-20260730T124530Z-1-001.zip","1371","Dreno de assoalho núcleo anti odor à prova de pragas esgoto núcleo desodorante cozinha banheiro desodorização válvula de drenagem pia rolha anti-entupimento","VIDEOS 1200-1500/VIDEO 1371/Dreno de assoalho núcleo anti odor à prova de pragas esgoto núcleo desodorante cozinha banheiro desodorização válvula de drenagem pia rolha anti-entupimento.mp4","be30d0626506b3060384312b53df884b3e4da8bd5988b6492c90c1ae56d28a35","ok","9,705","720","1280","720x1280","vertical","30","h264","aac","2","44100","1916193","2324582",""
"VIDEOS 1200-1500-20260730T124530Z-1-001.zip","1372","ifundom 1 Conjunto de Desktop Suporte Do Telefone Suporte Do Telefone Suporte Do Telefone Móvel Portátil (Prata 1)","VIDEOS 1200-1500/VIDEO 1372/ifundom 1 Conjunto de Desktop Suporte Do Telefone Suporte Do Telefone Suporte Do Telefone Móvel Portátil (Prata 1).mp4","17f110c2e1c043ec559e04a0caa852cbc451b8ae6828456a1346cd7b90b65944","ok","14,604","720","1280","720x1280","vertical","30","h264","aac","2","44100","1855864","3387881",""
"VIDEOS 1200-1500-20260730T124530Z-1-001.zip","1373","Impressora De Etiqueta NIIMBOT D110 , Tecnologia Sem Fio Recarregável USB Térmica , Adequado Para A Escola Home Office Organização (Branco) .","VIDEOS 1200-1500/VIDEO 1373/Impressora De Etiqueta NIIMBOT D110 , Tecnologia Sem Fio Recarregável USB Térmica , Adequado Para A Escola Home Office Organização (Branco) ..mp4","74a869aeca083f08170a1bb077e816f339ec994d3b596f27cdc4329b945ee079","ok","21,478","720","1280","720x1280","vertical","30","h264","aac","2","44100","1231728","3306882",""
"VIDEOS 1200-1500-20260730T124530Z-1-001.zip","1374","Double-Side Tábua com apontador de facas, função de descongelamento, Tábua de cortar, Cozinha Moagem","VIDEOS 1200-1500/VIDEO 1374/Double-Side Tábua com apontador de facas, função de descongelamento, Tábua de cortar, Cozinha Moagem.mp4","db29c12b851a785829975541df128fd9df855c8422537edd609ff356ba29aa3a","ok","13,536","720","1280","720x1280","vertical","30","h264","aac","2","44100","1887180","3193109",""
"VIDEOS 1200-1500-20260730T124530Z-1-001.zip","1375","Câmera segurança wifi ip sem fio 360 com encaixe lampada bocal aplicativo yoosee ptz full HD visão noturna - bivolt","VIDEOS 1200-1500/VIDEO 1375/Câmera segurança wifi ip sem fio 360 com encaixe lampada bocal aplicativo yoosee ptz full HD visão noturna - bivolt.mp4","0a4fbf326fc222f1d551dbef41ea531c823621c9755d8dd7df7814247b01cc26","ok","11,307","720","1280","720x1280","vertical","30","h264","aac","2","44100","1501458","2122124",""
"VIDEOS 1200-1500-20260730T124530Z-1-001.zip","1376","Olivehome Auto-Confeitar Saco De Embalagem De Cerveja Líquido Transparente Com Sucção Saco De Comida","VIDEOS 1200-1500/VIDEO 1376/Olivehome Auto-Confeitar Saco De Embalagem De Cerveja Líquido Transparente Com Sucção Saco De Comida.mp4","1eeb87042513021e28ae5e92542cfcfd181b10a3169c8d67fbe18f1d42d3f961","ok","18,25","720","1280","720x1280","vertical","30","h264","aac","2","44100","1784469","4070821",""
"VIDEOS 1200-1500-20260730T124530Z-1-001.zip","1377","1 Descascador De Alimentos Spin 360º 3 Lâminas Multiuso Universal 8,5 x 7,5 cm - Clink","VIDEOS 1200-1500/VIDEO 1377/1 Descascador De Alimentos Spin 360º 3 Lâminas Multiuso Universal 8,5 x 7,5 cm - Clink.mp4","3ce7aa7793a269c90c05cc5907b3f6db877e66a4d0842d01070c33440e51d7e0","ok","8,799","720","1280","720x1280","vertical","30","h264","aac","2","44100","1955627","2150946",""
"VIDEOS 1200-1500-20260730T124530Z-1-001.zip","1378","Organizador Porta Ovos Geladeira 30un Com Tampa Cozinha","VIDEOS 1200-1500/VIDEO 1378/Organizador Porta Ovos Geladeira 30un Com Tampa Cozinha.mp4","82e2b4fe99314a97849c4e9dee7a5913a5aedfa9fbf8f9b0953c45a0232a4f7c","ok","11,656","720","1280","720x1280","vertical","30","h264","aac","2","44100","2022332","2946538",""
"VIDEOS 1200-1500-20260730T124530Z-1-001.zip","1379","Cinta Shorts Modeladora 4 Barbatanas de AÇO Compressão","VIDEOS 1200-1500/VIDEO 1379/Cinta Shorts Modeladora 4 Barbatanas de AÇO Compressão.mp4","0e484c537778ce53c6b43f4a526d9272ba8226240b9309cf2743a3989a8dab42","ok","9,891","720","1280","720x1280","vertical","30","h264","aac","2","44100","2127155","2629962",""
"VIDEOS 1200-1500-20260730T124530Z-1-001.zip","1380","Luminária de mesa de cristal Luminária de cabeceira para quarto Luminária de mesa rosa Decoração de cabeceira Romântica Recarregável Luminária de mesa LED Luminária de mesa macia Proteção dos olhos","VIDEOS 1200-1500/VIDEO 1380/Luminária de mesa de cristal Luminária de cabeceira para quarto Luminária de mesa rosa Decoração de cabeceira Romântica Recarregável Luminária de mesa LED Luminária de mesa macia Proteção dos olhos.mp4","bafe7367f0d4d552d713c9b6d82a2c17fbe354c5988f103ba4bf8d2adab8f8be","ok","9,821","720","1280","720x1280","vertical","30","h264","aac","2","44100","2352320","2887768",""
"VIDEOS 1200-1500-20260730T124530Z-1-001.zip","1381","Xiaomi guarda-chuva automático não automático com faixa reflexiva, luz de LED reversa, guarda-chuva, três, dobrável, invertido, 10 costelas de viagem","VIDEOS 1200-1500/VIDEO 1381/Xiaomi guarda-chuva automático não automático com faixa reflexiva, luz de LED reversa, guarda-chuva, três, dobrável, invertido, 10 costelas de viagem.mp4","2bac045dcaad5511cad70e5f30425b048df0634d97aa1b1032e88cd939aa821c","ok","19,086","720","1280","720x1280","vertical","30","h264","aac","2","44100","1557672","3716217",""
"VIDEOS 1200-1500-20260730T124530Z-1-001.zip","1382","Troninho Redutor De Assento Infantil Escada Sanitária Buba","VIDEOS 1200-1500/VIDEO 1382/Troninho Redutor De Assento Infantil Escada Sanitária Buba.mp4","194488278e05a1afe7279714d1330bed26b3b673d3816e6d7f27782aa509ead8","ok","9,45","720","1280","720x1280","vertical","30","h264","aac","2","44100","1618809","1912219",""
"VIDEOS 1200-1500-20260730T124530Z-1-001.zip","1383","Spigen smart fold magnético carteira cartão titular projetado para magsafe com kickstand # preto-amp02746","VIDEOS 1200-1500/VIDEO 1383/Spigen smart fold magnético carteira cartão titular projetado para magsafe com kickstand # preto-amp02746.mp4","b3a88c743e04abc47828836e74bce4bdd3f0130110f5ffd870e5a913aa038bef","ok","12,306","720","1280","720x1280","vertical","30","h264","aac","2","44100","1156726","1779335",""
"VIDEOS 1200-1500-20260730T124530Z-1-001.zip","1384","Cereais Dispenser Para Balde De ArrozComida SecoCaixa De Armazenamento Despensa De Alimentos Secos","VIDEOS 1200-1500/VIDEO 1384/Cereais Dispenser Para Balde De ArrozComida SecoCaixa De Armazenamento Despensa De Alimentos Secos.mp4","2ba61d4c7fa65d9a3d4564d6e45c5355582c11f597b7b454069f365e9b4699c4","ok","14,697","720","1280","720x1280","vertical","30","h264","aac","2","44100","1821850","3346967",""
"VIDEOS 1200-1500-20260730T124530Z-1-001.zip","1385","5 camadas rotatable cozinha metal quadrado rack de armazenamento cesta de frutas vegetais piso carrinho de utilidade com roda rolamento","VIDEOS 1200-1500/VIDEO 1385/5 camadas rotatable cozinha metal quadrado rack de armazenamento cesta de frutas vegetais piso carrinho de utilidade com roda rolamento.mp4","c1309fafc38f5820f206a0079dbfce5d8eaad3ca09d69a9ea3f2d2cbc91dc9b6","ok","11,539","720","1280","720x1280","vertical","30","h264","aac","2","44100","1506937","2173569",""
"VIDEOS 1200-1500-20260730T124530Z-1-001.zip","1386","Faça um pedido para ver o desenhoQuatro Estações Geral Arte Pano Capa De Sofá Almofada De Tecido Universal Anti-Derrapante Simples Moderno All-InclusiveFolheto de Almofada de Sofá yifan2 . my","VIDEOS 1200-1500/VIDEO 1386/Faça um pedido para ver o desenhoQuatro Estações Geral Arte Pano Capa De Sofá Almofada De Tecido Universal Anti-Derrapante Simples Moderno All-InclusiveFolheto de Almofada de Sofá yifan2 . my.mp4","a182a8b4d58e66cd00e14e9ff5f68592c5c8d460165b6044015a3e73ce2010d0","ok","14,372","720","1280","720x1280","vertical","30","h264","aac","2","44100","2531327","4547530",""
"VIDEOS 1200-1500-20260730T124530Z-1-001.zip","1387","2 em 1 casa organizador da pia torneira pendurado rack de drenagem cozinha banheiro organizador frutas e vegetais escorredor esponja titular","VIDEOS 1200-1500/VIDEO 1387/2 em 1 casa organizador da pia torneira pendurado rack de drenagem cozinha banheiro organizador frutas e vegetais escorredor esponja titular.mp4","e6488b4b5ab669fbe306af3709322cca2c439aa629c5d925412514e883f5b338","ok","14,906","720","1280","720x1280","vertical","30","h264","aac","2","44100","2116690","3943923",""
"VIDEOS 1200-1500-20260730T124530Z-1-001.zip","1388","Lavadora de Pressão K Turbo Portátil Bateria 3000MAH KIT 12 PCS","VIDEOS 1200-1500/VIDEO 1388/Lavadora de Pressão K Turbo Portátil Bateria 3000MAH KIT 12 PCS.mp4","7b49795f489147db471a81d84dbb7bb6f9557e4b3d78f2ce30158007d4ad1ffc","ok","8,265","720","1280","720x1280","vertical","30","h264","aac","2","44100","2321162","2398051",""
"VIDEOS 1200-1500-20260730T124530Z-1-001.zip","1389","Capa De Sofá Elástica Cobertura Total Antiderrapante Quatro Estações Para Decoração De Casa","VIDEOS 1200-1500/VIDEO 1389/Capa De Sofá Elástica Cobertura Total Antiderrapante Quatro Estações Para Decoração De Casa.mp4","391436329ae417b1b9151ab09d8cca706f5f5666db10d1bfae8c8384cac40f22","ok","11,447","720","1280","720x1280","vertical","30","h264","aac","2","44100","2226329","3185599",""
"VIDEOS 1200-1500-20260730T124530Z-1-001.zip","1390","Papa Bolinhas Tira Pelos Elétrico Sem Fio 110v Recarregável","VIDEOS 1200-1500/VIDEO 1390/Papa Bolinhas Tira Pelos Elétrico Sem Fio 110v Recarregável.mp4","755fc4f426f283c3ee7a4a577cf3573fd6b7841ee4af441cb4e89c4e2560a0dc","ok","14,488","720","1280","720x1280","vertical","30","h264","aac","2","44100","2188722","3963777",""
"VIDEOS 1200-1500-20260730T124530Z-1-001.zip","1391","304 aço inoxidável nanômetro cachoeira torneira, grande slot único acima Mount Faucet, espessura de 3mm, preto, novo","VIDEOS 1200-1500/VIDEO 1391/304 aço inoxidável nanômetro cachoeira torneira, grande slot único acima Mount Faucet, espessura de 3mm, preto, novo.mp4","dcb4a12947fca59d7eb3190634d83ada558c36a05eb4e21e754782dee2968976","ok","22,267","720","1280","720x1280","vertical","30","h264","aac","2","44100","2103045","5853563",""
"VIDEOS 1200-1500-20260730T124530Z-1-001.zip","1392","Huawei-companheiro de smartphone xs 2, 7,8 polegadas, snapdragon 888, harmonyos, 2.0 câmera, 50.0mp, nfc, original","VIDEOS 1200-1500/VIDEO 1392/Huawei-companheiro de smartphone xs 2, 7,8 polegadas, snapdragon 888, harmonyos, 2.0 câmera, 50.0mp, nfc, original.mp4","48be5d13249509561e04160a9c2bd86e01c2501097f69f1611436c8f02b7e9e0","ok","12,259","720","1280","720x1280","vertical","30","h264","aac","2","44100","2029739","3110322",""
"VIDEOS 1200-1500-20260730T124530Z-1-001.zip","1393","Limpador para Porcelanato Super Concentrado - 500 Ml - Duratto","VIDEOS 1200-1500/VIDEO 1393/Limpador para Porcelanato Super Concentrado - 500 Ml - Duratto.mp4","787fcd0b520e051519ce66423f3deba8ef5f6c606a95adae09db170d538346c4","ok","14,558","720","1280","720x1280","vertical","30","h264","aac","2","44100","892341","1623839",""
"VIDEOS 1200-1500-20260730T124530Z-1-001.zip","1394","32 Grade Geladeira Ovo Caixas De Armazenamento Organizador Caixa Fresco Gaveta Tipo Ovos Caso Da Titular Empilhável Acessórios De Cozinha","VIDEOS 1200-1500/VIDEO 1394/32 Grade Geladeira Ovo Caixas De Armazenamento Organizador Caixa Fresco Gaveta Tipo Ovos Caso Da Titular Empilhável Acessórios De Cozinha.mp4","bcb728ff5addca6d3efefc4dd43ce0f1dbcf3249d4ed460020093e994aa6b59f","ok","9,473","720","1280","720x1280","vertical","30","h264","aac","2","44100","1502528","1779182",""
"VIDEOS 1200-1500-20260730T124530Z-1-001.zip","1395","Seladora À Vàcuo Doméstica Seco Ou Úmido Premium Embaladora Alimentos 220V110V","VIDEOS 1200-1500/VIDEO 1395/Seladora À Vàcuo Doméstica Seco Ou Úmido Premium Embaladora Alimentos 220V110V.mp4","28ca913612c1c65e83b85409cdbd9546a1f0728657d761ce54f713e43e1d9a3e","ok","12,05","720","1280","720x1280","vertical","30","h264","aac","2","44100","1640640","2471215",""
"VIDEOS 1200-1500-20260730T124530Z-1-001.zip","1396","Canivete de Ferramentas Para Bike Multi Funções Multi Tool Atrio 15pçs","VIDEOS 1200-1500/VIDEO 1396/Canivete de Ferramentas Para Bike Multi Funções Multi Tool Atrio 15pçs.mp4","c6645c49f2adb3392bb5f7c89a15d895bb7d088b3fcc6b18931d2267f83401ce","ok","17,669","720","1280","720x1280","vertical","30","h264","aac","2","44100","1797890","3970865",""
"VIDEOS 1200-1500-20260730T124530Z-1-001.zip","1397","Tripé De Selfie Sem Fio Com Controle Remoto De 150cm 81cm Mini Celular Dobrável Suporte De Portátil Para iPhone Android Smartphone","VIDEOS 1200-1500/VIDEO 1397/Tripé De Selfie Sem Fio Com Controle Remoto De 150cm 81cm Mini Celular Dobrável Suporte De Portátil Para iPhone Android Smartphone.mp4","4aab5487107d5605e71648de547245a775ab48f9a8fbc8692b6da918c48e7f84","ok","13,745","720","1280","720x1280","vertical","30","h264","aac","2","44100","1802000","3096062",""
"VIDEOS 1200-1500-20260730T124530Z-1-001.zip","1398","Máquina separadora de Juicer Sag Separador de frutas Máquina de suco de fritura Pequeno, portátil, multifuncional, doméstico, original","VIDEOS 1200-1500/VIDEO 1398/Máquina separadora de Juicer Sag Separador de frutas Máquina de suco de fritura Pequeno, portátil, multifuncional, doméstico, original.mp4","e76b1fd9d15461462818a8fa256850f73e52950fc630b32c5fc1e07917efa59d","ok","12,073","720","1280","720x1280","vertical","30","h264","aac","2","44100","1391611","2100115",""
"VIDEOS 1200-1500-20260730T124530Z-1-001.zip","1399","Casa punch-livre fixado na parede roupas caixa de armazenamento roupa interior meias empilhável compartimento organizador prateleira ferramentas de armazenamento de plástico","VIDEOS 1200-1500/VIDEO 1399/Casa punch-livre fixado na parede roupas caixa de armazenamento roupa interior meias empilhável compartimento organizador prateleira ferramentas de armazenamento de plástico.mp4","c831dfc26f73ebc5aab3dfc58552598f8ac08daae047857ab3c025a434537ca8","ok","19,318","720","1280","720x1280","vertical","30","h264","aac","2","44100","1467009","3542461",""
"VIDEOS 1200-1500-20260730T124530Z-1-001.zip","1400","Rack De Secagem De Pratos De Pia Com Placa De Esgoto Drenagem E Bandeja Conjunto De Bandejas De Grande Capacidade Armazenamento De Cozinha","VIDEOS 1200-1500/VIDEO 1400/Rack De Secagem De Pratos De Pia Com Placa De Esgoto Drenagem E Bandeja Conjunto De Bandejas De Grande Capacidade Armazenamento De Cozinha.mp4","35829a93230a533f51e8dde96175682e0fa948eece853ea2ea397bbf4fbc125d","ok","10,889","720","1280","720x1280","vertical","30","h264","aac","2","44100","1829516","2490201",""
"VIDEOS 1200-1500-20260730T124530Z-1-001.zip","1401","AIRAJ-Alicador Diagonal Universal Multifuncional, Alicador Nariz Agulha, Ferramentas De Hardware, Cortadores De Arame, Eletricista","VIDEOS 1200-1500/VIDEO 1401/AIRAJ-Alicador Diagonal Universal Multifuncional, Alicador Nariz Agulha, Ferramentas De Hardware, Cortadores De Arame, Eletricista.mp4","4bd0fd9c2802b4e5c76698121efb7dba151d0e2a129ea8838b3d23df7b038eb8","ok","14,697","720","1280","720x1280","vertical","30","h264","aac","2","44100","3091908","5680222",""
"VIDEOS 1200-1500-20260730T124530Z-1-001.zip","1402","[Bring Your Own Líquido De Limpeza] Cannonball Bucket Shu Cotton Lazy Mop","VIDEOS 1200-1500/VIDEO 1402/[Bring Your Own Líquido De Limpeza] Cannonball Bucket Shu Cotton Lazy Mop.mp4","7742d7922b0fd46dbf65c4d57518b53240f073a07785c8ae3d2a3cce375e6119","ok","14,535","720","1280","720x1280","vertical","30","h264","aac","2","44100","1417920","2576184",""
"VIDEOS 1200-1500-20260730T124530Z-1-001.zip","1403","Ventilador Portátil Silencioso Dobrável 7200mah Retrátil D09 Luuk Young (Branco)","VIDEOS 1200-1500/VIDEO 1403/Ventilador Portátil Silencioso Dobrável 7200mah Retrátil D09 Luuk Young (Branco).mp4","5414114f694291c23e1722fcfd41748859a3abddd28185cf5afffb09a4bb9e21","ok","9,473","720","1280","720x1280","vertical","30","h264","aac","2","44100","1771418","2097581",""
"VIDEOS 1200-1500-20260730T124530Z-1-001.zip","1404","Mesa Tabua Passar Roupa Extra Forte + Porta Ferro Promoção Portátil Oferta Presente Para Mães Promoção","VIDEOS 1200-1500/VIDEO 1404/Mesa Tabua Passar Roupa Extra Forte + Porta Ferro Promoção Portátil Oferta Presente Para Mães Promoção.mp4","e2b154f32583579167cffeae06f05826bfe815adc4d52124e1401b1dccd9bee9","ok","6,919","720","1280","720x1280","vertical","30","h264","aac","2","44100","1910916","1652704",""
"VIDEOS 1200-1500-20260730T124530Z-1-001.zip","1405","Portátil Isolado Lunch Container Set, Bento Empilhável Lunch Box, Saco de aço inoxidável, 4 3 2 1 Tier","VIDEOS 1200-1500/VIDEO 1405/Portátil Isolado Lunch Container Set, Bento Empilhável Lunch Box, Saco de aço inoxidável, 4 3 2 1 Tier.mp4","22fb9385980079e670430fc005bba803e3a6eaa3a35d85d807b92bfc228b8d09","ok","9,055","720","1280","720x1280","vertical","30","h264","aac","2","44100","1491664","1688378",""
"VIDEOS 1200-1500-20260730T124530Z-1-001.zip","1406","Porta Sabao Em Barra Para Esfregar Roupa Drenagem Espuma","VIDEOS 1200-1500/VIDEO 1406/Porta Sabao Em Barra Para Esfregar Roupa Drenagem Espuma.mp4","4c6223d55568e3202b23f2ba83342200b09a95b65d2c9ebd7497664008b947a9","ok","17,739","720","1280","720x1280","vertical","30","h264","aac","2","44100","2067846","4585192",""
"VIDEOS 1200-1500-20260730T124530Z-1-001.zip","1407","Grade Portão Proteção Cachorro Pet 69 A 83,5 Cm Cachorro","VIDEOS 1200-1500/VIDEO 1407/Grade Portão Proteção Cachorro Pet 69 A 83,5 Cm Cachorro.mp4","92112445bcad30d2ef04003e1bfe35ad5a89236d40182fe1070040c46ff481c1","ok","12,143","720","1280","720x1280","vertical","30","h264","aac","2","44100","922139","1399692",""
"VIDEOS 1200-1500-20260730T124530Z-1-001.zip","1408","Suporte De Telefone Multiuso Universal Para Carro Porta De Navegação Adesiva A3T8","VIDEOS 1200-1500/VIDEO 1408/Suporte De Telefone Multiuso Universal Para Carro Porta De Navegação Adesiva A3T8.mp4","1b54f40c8e8f07a11467f110d9930ac1ed575cee01a6ff4a30a932132de73c95","ok","7,128","720","1280","720x1280","vertical","30","h264","aac","2","44100","1398479","1246045",""
"VIDEOS 1200-1500-20260730T124530Z-1-001.zip","1409","2 Peças Protetor De Salto Quadrado TPUPVC Flexível Antiderrapante Com Amortecimento Para Sapato","VIDEOS 1200-1500/VIDEO 1409/2 Peças Protetor De Salto Quadrado TPUPVC Flexível Antiderrapante Com Amortecimento Para Sapato.mp4","c40fbed9c9b255655e3d54449686b2074afa8e89586400f842ba0b58cba3e86e","ok","11,121","720","1280","720x1280","vertical","30","h264","aac","2","44100","1629177","2264761",""
"VIDEOS 1200-1500-20260730T124530Z-1-001.zip","1410","Car Rotary Wash Brush Kit Automatic Rotating Quick Connect High Pressure Washer Dip Wash Brush for Vehicle Cleaning","VIDEOS 1200-1500/VIDEO 1410/Car Rotary Wash Brush Kit Automatic Rotating Quick Connect High Pressure Washer Dip Wash Brush for Vehicle Cleaning.mp4","3151715bade76e681f072084f3257c2f254dfa110f2a9b0ca6371e909dd8a2c7","ok","10,053","720","1280","720x1280","vertical","30","h264","aac","2","44100","2524464","3172305",""
"VIDEOS 1200-1500-20260730T124530Z-1-001.zip","1411","Limpa Tênis Limpeza A Seco Espuma Limpadora","VIDEOS 1200-1500/VIDEO 1411/Limpa Tênis Limpeza A Seco Espuma Limpadora.mp4","8284a98ba4a2b320886ec12c67ca8addab3c6c6c2d10bcd087c8adf276dfb20f","ok","16,81","720","1280","720x1280","vertical","30","h264","aac","2","44100","2011505","4226676",""
"VIDEOS 1200-1500-20260730T124530Z-1-001.zip","1412","K-STAR-Grande Caixa De Armazenamento De Plástico Com Rodas, Lado Aberto, Vestiário Dobrável Com Tampa, Compartimento De Luva, Drop Shopping","VIDEOS 1200-1500/VIDEO 1412/K-STAR-Grande Caixa De Armazenamento De Plástico Com Rodas, Lado Aberto, Vestiário Dobrável Com Tampa, Compartimento De Luva, Drop Shopping.mp4","e0b35ad332576b8df5b099f65a9b1b1bda9b654d6bfa625371b57caabe7f2c52","ok","15,533","720","1280","720x1280","vertical","30","h264","aac","2","44100","2090774","4059501",""
"VIDEOS 1200-1500-20260730T124530Z-1-001.zip","1413","Caminha Pet Cachorro Gato tamanho P M G lindas estampas + Ossinho","VIDEOS 1200-1500/VIDEO 1413/Caminha Pet Cachorro Gato tamanho P M G lindas estampas + Ossinho.mp4","016a5857a119c6fbffed6189f0a12476c78cb383c918e23cdb680c5586fcb5aa","ok","8,265","720","1280","720x1280","vertical","30","h264","aac","2","44100","1571590","1623649",""
"VIDEOS 1200-1500-20260730T124530Z-1-001.zip","1414","Elétrico 12 Modos VentosaA Vácuo Massageador Corporal Guasha EMS Queimador De Gordura","VIDEOS 1200-1500/VIDEO 1414/Elétrico 12 Modos VentosaA Vácuo Massageador Corporal Guasha EMS Queimador De Gordura.mp4","184f18c1c8981b49fb341610f82badf72f6d5c65ac5a9a2c859bb15f68100aca","ok","9,891","720","1280","720x1280","vertical","30","h264","aac","2","44100","1302514","1610396",""
"VIDEOS 1200-1500-20260730T124530Z-1-001.zip","1415","porta-bebéscanguru porta-bebés","VIDEOS 1200-1500/VIDEO 1415/porta-bebéscanguru porta-bebés.mp4","641c0587396d25064cdc7a0ee2c23a9d269bde45f82da7def136e259550ac680","ok","9,334","720","1280","720x1280","vertical","30","h264","aac","2","44100","2052576","2394844",""
"VIDEOS 1200-1500-20260730T124530Z-1-001.zip","1416","Deformação mesa de jantar net vermelho multifuncional multi-camada dobrável flor suporte de mesa variável varanda rack de cabeceira","VIDEOS 1200-1500/VIDEO 1416/Deformação mesa de jantar net vermelho multifuncional multi-camada dobrável flor suporte de mesa variável varanda rack de cabeceira.mp4","8349364a035cb55da2f9d34aa7e31aa3fa8b87736dc2e24c4d13e9578d7c2975","ok","9,38","720","1280","720x1280","vertical","30","h264","aac","2","44100","1828403","2143803",""
"VIDEOS 1200-1500-20260730T124530Z-1-001.zip","1417","Bolinho fazendo artefato em forma de crescente do agregado familiar bolinho que faz a ferramenta automática e conveniente preguiçoso extravagante bolinho que faz o molde","VIDEOS 1200-1500/VIDEO 1417/Bolinho fazendo artefato em forma de crescente do agregado familiar bolinho que faz a ferramenta automática e conveniente preguiçoso extravagante bolinho que faz o molde.mp4","a2b55b34b9300c39188279cf6d56b4c7e3b02ab65801f664b26e81e533caccd9","ok","8,614","720","1280","720x1280","vertical","30","h264","aac","2","44100","2030218","2186038",""
"VIDEOS 1200-1500-20260730T124530Z-1-001.zip","1418","Cama inflável automática do lazer de Youpin, coisas preguiçosas, cama dobrável portátil do curso para o escritório, acampamento CS1, carga 150kg","VIDEOS 1200-1500/VIDEO 1418/Cama inflável automática do lazer de Youpin, coisas preguiçosas, cama dobrável portátil do curso para o escritório, acampamento CS1, carga 150kg.mp4","fd858a937fba6b8ebe544eafd9bd7938533f6e803deaa71b1de9f5a3ebc3327a","ok","10,796","720","1280","720x1280","vertical","30","h264","aac","2","44100","2800470","3779235",""
"VIDEOS 1200-1500-20260730T124530Z-1-001.zip","1419","Móveis De Madeira Maciça Multicolor Creme Reparo De Arranhões Tinta De Enchimento De Piso","VIDEOS 1200-1500/VIDEO 1419/Móveis De Madeira Maciça Multicolor Creme Reparo De Arranhões Tinta De Enchimento De Piso.mp4","b1be8b622cc0a3183c672d78d1c482e569da0aa1b7e5a399be2ffabe89b3848b","ok","10,053","720","1280","720x1280","vertical","30","h264","aac","2","44100","1135908","1427411",""
"VIDEOS 1200-1500-20260730T124530Z-1-001.zip","1420","Transparente Double Door Folding Storage Cabinet, quarto, roupas, diversos, brinquedos, lanches, caixa de classificação, mesa de cabeceira, casa","VIDEOS 1200-1500/VIDEO 1420/Transparente Double Door Folding Storage Cabinet, quarto, roupas, diversos, brinquedos, lanches, caixa de classificação, mesa de cabeceira, casa.mp4","e33c3d638e11142d85c049c6201582909ea89389a81ad3911424efa425ae76de","ok","10,727","720","1280","720x1280","vertical","30","h264","aac","2","44100","1651252","2214123",""
"VIDEOS 1200-1500-20260730T124530Z-1-001.zip","1421","Mini Aspirador De Pó Usb Portátil Completo Linha Premium Carro E Casa","VIDEOS 1200-1500/VIDEO 1421/Mini Aspirador De Pó Usb Portátil Completo Linha Premium Carro E Casa.mp4","dcae0d751d81b50925dd566d9c2b3b60a8e47c24b241766914ef9a8ed8c3f704","ok","8,242","720","1280","720x1280","vertical","30","h264","aac","2","44100","1821830","1876941",""
"VIDEOS 1200-1500-20260730T124530Z-1-001.zip","1422","Mala de alumínio do trole do quadro do saco de embarque do curso do negócio pequeno 20-Polegada da bagagem aberta multi-funcional","VIDEOS 1200-1500/VIDEO 1422/Mala de alumínio do trole do quadro do saco de embarque do curso do negócio pequeno 20-Polegada da bagagem aberta multi-funcional.mp4","a7000b3fe8d0213aa1210c3c6c8563b3bd5b6150caac64bac74dba279a75ca86","ok","21,919","720","1280","720x1280","vertical","30","h264","aac","2","44100","2056263","5633905",""
"VIDEOS 1200-1500-20260730T124530Z-1-001.zip","1423","Varal Cabide Aço Espiral 2 Metros Secagem Toalha Lençol Pratico Aço Inox","VIDEOS 1200-1500/VIDEO 1423/Varal Cabide Aço Espiral 2 Metros Secagem Toalha Lençol Pratico Aço Inox.mp4","d41a2ded8db1996204e3cffdbf01a5cef14be54e7332d89567b4fa874d50f90e","ok","15,974","720","1280","720x1280","vertical","30","h264","aac","2","44100","2959347","5909077",""
"VIDEOS 1200-1500-20260730T124530Z-1-001.zip","1424","Sublue elétrica 520w subaquática mar scooter 3.36mph duplo thruster 131ft equipamento de mergulho whiteshark mix para piscinas de mar","VIDEOS 1200-1500/VIDEO 1424/Sublue elétrica 520w subaquática mar scooter 3.36mph duplo thruster 131ft equipamento de mergulho whiteshark mix para piscinas de mar.mp4","d7dcf4a3c6687681205458e4adf6adb053d8f8be22b24528357456b336ed975a","ok","11,818","720","1280","720x1280","vertical","30","h264","aac","2","44100","2403544","3550636",""
"VIDEOS 1200-1500-20260730T124530Z-1-001.zip","1425","Banco que vira mesa internoexterno 6 lugares","VIDEOS 1200-1500/VIDEO 1425/Banco que vira mesa internoexterno 6 lugares.mp4","08cbd08c17eb9c0bafd93b75bd1da8fce020d28086f3adbad55cb9f936121cc4","ok","6,338","720","1280","720x1280","vertical","30","h264","aac","2","44100","1414402","1120560",""
"VIDEOS 1200-1500-20260730T124530Z-1-001.zip","1426","Prateleira de vaso sanitário sem socos na parede acima do artefato de armazenamento de vaso sanitário","VIDEOS 1200-1500/VIDEO 1426/Prateleira de vaso sanitário sem socos na parede acima do artefato de armazenamento de vaso sanitário.mp4","74c0b79304e1b415c4ca55ce949a674f27e22dd573e02423dce726cc7292ce6b","ok","6,176","720","1280","720x1280","vertical","30","h264","aac","2","44100","1356686","1047362",""
"VIDEOS 1200-1500-20260730T124530Z-1-001.zip","1427","Cama dobrável ultraleve para barraca, viagem, escritório, caminhadas, acampamento, soneca, almoço, siesta, cama berço, portátil, cadeira ajustável, reclinável, ao ar livre","VIDEOS 1200-1500/VIDEO 1427/Cama dobrável ultraleve para barraca, viagem, escritório, caminhadas, acampamento, soneca, almoço, siesta, cama berço, portátil, cadeira ajustável, reclinável, ao ar livre.mp4","080760a7f444504f7defbce7d7fe80050b3315ad1302e60a783055d46c57f8e8","ok","19,945","720","1280","720x1280","vertical","30","h264","aac","2","44100","2211647","5513914",""
"VIDEOS 1200-1500-20260730T124530Z-1-001.zip","1428","Foldable Portable Shopping Bag Travel Storage Bag Shoulder Bag Large Thickened Grocery Bag","VIDEOS 1200-1500/VIDEO 1428/Foldable Portable Shopping Bag Travel Storage Bag Shoulder Bag Large Thickened Grocery Bag.mp4","01b2dbef7783d257e4e9c7fa050eb0de317dda5e03054679abe44d8466fa6bd5","ok","16,485","720","1280","720x1280","vertical","30","h264","aac","2","44100","2317514","4775529",""
"VIDEOS 1200-1500-20260730T124530Z-1-001.zip","1429","Ralo Click Inteligente 10x10 Cm Inox Banheiro Veda Cheiro","VIDEOS 1200-1500/VIDEO 1429/Ralo Click Inteligente 10x10 Cm Inox Banheiro Veda Cheiro.mp4","432a9050c2963c9bde8e1844be96266289449ece04c60793529edc4d97dabf72","ok","11,934","720","1280","720x1280","vertical","30","h264","aac","2","44100","1144867","1707856",""
"VIDEOS 1200-1500-20260730T124530Z-1-001.zip","1430","Indoor Plant Stand, Flower Stand Shelf, em pé Flower Rack, decoração varanda, decoração ao ar livre","VIDEOS 1200-1500/VIDEO 1430/Indoor Plant Stand, Flower Stand Shelf, em pé Flower Rack, decoração varanda, decoração ao ar livre.mp4","b9dfcdce2b990b1fab7c3269e0c0c3c308128d8861507e542dc9daee9a9e040c","ok","6,686","720","1280","720x1280","vertical","30","h264","aac","2","44100","1721320","1438594",""
"VIDEOS 1200-1500-20260730T124530Z-1-001.zip","1431","Pazful12 Aspirador De Pó ElétricoEscova Ajustável Para Limpeza Doméstica","VIDEOS 1200-1500/VIDEO 1431/Pazful12 Aspirador De Pó ElétricoEscova Ajustável Para Limpeza Doméstica.mp4","2f317005b3f429ee0f6e5527f850b2c7836d05dcee12e1b47751ffade97c00cf","ok","6,64","720","1280","720x1280","vertical","30","h264","aac","2","44100","1566910","1300536",""
"VIDEOS 1200-1500-20260730T124530Z-1-001.zip","1432","Ita 1 Conjunto De Rack Ajustável De Armazenamento De Armário De Cozinha Pia Do Banheiro Rack De Armazenamento Rack Telescópica","VIDEOS 1200-1500/VIDEO 1432/Ita 1 Conjunto De Rack Ajustável De Armazenamento De Armário De Cozinha Pia Do Banheiro Rack De Armazenamento Rack Telescópica.mp4","e473f459ac2ab17425aa31ff0692d9afba38150e12d032279dc806aac49cce3a","ok","11,748","720","1280","720x1280","vertical","30","h264","aac","2","44100","1862130","2734539",""
"VIDEOS 1200-1500-20260730T124530Z-1-001.zip","1433","Mini tubo de jardim portátil mangueira carretel carrinho com pistola de pulverização de água conjunto de armazenamento de casa agrícola jardim terno carrinho de lavagem de carro mangueira","VIDEOS 1200-1500/VIDEO 1433/Mini tubo de jardim portátil mangueira carretel carrinho com pistola de pulverização de água conjunto de armazenamento de casa agrícola jardim terno carrinho de lavagem de carro mangueira.mp4","5e0ace5c6c2fb06ee233ca090275cf8095cead1c62585d823b4036341f711592","ok","24,682","720","1280","720x1280","vertical","30","h264","aac","2","44100","2584338","7973331",""
"VIDEOS 1200-1500-20260730T124530Z-1-001.zip","1434","Tecido respirável preguiçoso sofá-cama, Folding Sleeper, Leisure Recliner, Single Living Room Lounge Chair, WF1031","VIDEOS 1200-1500/VIDEO 1434/Tecido respirável preguiçoso sofá-cama, Folding Sleeper, Leisure Recliner, Single Living Room Lounge Chair, WF1031.mp4","8eddc7fe9324ee38b1eb5592703f70a4920031996f4d71873aee537947ea52f1","ok","17,577","720","1280","720x1280","vertical","30","h264","aac","2","44100","1530116","3361858",""
"VIDEOS 1200-1500-20260730T124530Z-1-001.zip","1435","BRFLAMEER2 Foot Scrubber Fácil De Armazenar Melhor Circulação Pé Massager Tapete De Banho","VIDEOS 1200-1500/VIDEO 1435/BRFLAMEER2 Foot Scrubber Fácil De Armazenar Melhor Circulação Pé Massager Tapete De Banho.mp4","e64edfee6aac891f653454058f3bff1d7674ca8ed408423a7a23e3e751d5d676","ok","11,4","720","1280","720x1280","vertical","30","h264","aac","2","44100","2223908","3169069",""
"VIDEOS 1200-1500-20260730T124530Z-1-001.zip","1436","2023 Flash Sale Lavagem Sem Fio Vacuum Cleaner Water Mop Cleaner Elétrica Dry Wet Mi Vacuum Mop Home Floor Washer For Machine","VIDEOS 1200-1500/VIDEO 1436/2023 Flash Sale Lavagem Sem Fio Vacuum Cleaner Water Mop Cleaner Elétrica Dry Wet Mi Vacuum Mop Home Floor Washer For Machine.mp4","73030487d93713333b5cddf7ca8394838a736e48109736225ec9d8a8c50c6e27","ok","15,046","720","1280","720x1280","vertical","30","h264","aac","2","44100","1261833","2373193",""
"VIDEOS 1200-1500-20260730T124530Z-1-001.zip","1437","Limpador Magnético De Vidros Aquários Janelas Limpeza Vidro","VIDEOS 1200-1500/VIDEO 1437/Limpador Magnético De Vidros Aquários Janelas Limpeza Vidro.mp4","a563f0034a297d4a3e4f74297bdf1f89f3bfebe99773206df547cfa197431b89","ok","29,372","720","1280","720x1280","vertical","30","h264","aac","2","44100","1470404","5398590",""
"VIDEOS 1200-1500-20260730T124530Z-1-001.zip","1438","Banheira Spa Ofurô Dobrável Bend Infantil Adulto Grande 120L - Azul","VIDEOS 1200-1500/VIDEO 1438/Banheira Spa Ofurô Dobrável Bend Infantil Adulto Grande 120L - Azul.mp4","b319714cb8552b6497494cf5551d440eafe05a5cc47c21da095e363a447c5a7a","ok","14,813","720","1280","720x1280","vertical","30","h264","aac","2","44100","2221405","4113210",""
"VIDEOS 1200-1500-20260730T124530Z-1-001.zip","1439","Meias magras de compressão para mulheres, varizes, queima de calorias gordas, fogão para pernas, ferramenta para cuidados com os pés","VIDEOS 1200-1500/VIDEO 1439/Meias magras de compressão para mulheres, varizes, queima de calorias gordas, fogão para pernas, ferramenta para cuidados com os pés.mp4","6ccf3fb6b7f784bd1809006d0267b71d502caa6bce9a88c9039862a411113623","ok","11,121","720","1280","720x1280","vertical","30","h264","aac","2","44100","1142586","1588338",""
"VIDEOS 1200-1500-20260730T124530Z-1-001.zip","1440","Nova capa de teclado para iPad para 10.2 com TouchPad, iPad 9ª-8ª-7ª geração, iPad Air 3, Pro 10,5 polegadas, 7 cores retroiluminado, 360 ° giratório, teclado Bluetooth Função Sleep Wake","VIDEOS 1200-1500/VIDEO 1440/Nova capa de teclado para iPad para 10.2 com TouchPad, iPad 9ª-8ª-7ª geração, iPad Air 3, Pro 10,5 polegadas, 7 cores retroiluminado, 360 ° giratório, teclado Bluetooth Função Sleep Wake.mp4","c0eebde186b23eaed929cfbd51d3e9ca7cecbec4f0281b38ab9970e64dba0fa9","ok","9,96","720","1280","720x1280","vertical","30","h264","aac","2","44100","2043239","2543833",""
"VIDEOS 1200-1500-20260730T124530Z-1-001.zip","1441","Guarda Chuva Invertido Sombrinha Abre Fecha ao Contrário Duplo Tecido Impermeável","VIDEOS 1200-1500/VIDEO 1441/Guarda Chuva Invertido Sombrinha Abre Fecha ao Contrário Duplo Tecido Impermeável.mp4","1da83014bd13f6b889e37a38438de81a1864caef3d436359fefa6bada4cbb318","ok","19,202","720","1280","720x1280","vertical","30","h264","aac","2","44100","2651664","6364658",""
"VIDEOS 1200-1500-20260730T124530Z-1-001.zip","1442","Válvula angular para torneira dupla + bidê em aço inoxidável + mangueira de 1,5 m + assento de parede","VIDEOS 1200-1500/VIDEO 1442/Válvula angular para torneira dupla + bidê em aço inoxidável + mangueira de 1,5 m + assento de parede.mp4","32ce9f1c56bcf22ea12b50c0dae2fa73523341fedef4e09d26bb0b73fdd4461d","ok","8,149","720","1280","720x1280","vertical","30","h264","aac","2","44100","1509718","1537837",""
"VIDEOS 1200-1500-20260730T124530Z-1-001.zip","1443","Nova Moda Relógios De Parede De Quartzo 3D Real Grande RelógioDIY Sala De Estar Decoração Espelho Adesivo","VIDEOS 1200-1500/VIDEO 1443/Nova Moda Relógios De Parede De Quartzo 3D Real Grande RelógioDIY Sala De Estar Decoração Espelho Adesivo.mp4","654e547f70da256f4a2ac6869a8e0de40832dc90332ffe2b47ee786be4668337","ok","13,072","720","1280","720x1280","vertical","30","h264","aac","2","44100","1163642","1901392",""
"VIDEOS 1200-1500-20260730T124530Z-1-001.zip","1444","Luminária abajur de mesa estilo 3D 3 OPÇÕES DE ILUMINAÇÃO","VIDEOS 1200-1500/VIDEO 1444/Luminária abajur de mesa estilo 3D 3 OPÇÕES DE ILUMINAÇÃO.mp4","938b53ac5836364cf65a7fd0345c2593bff18f4b0e1f35841427b4e039fe6886","ok","13,722","720","1280","720x1280","vertical","30","h264","aac","2","44100","1637500","2808722",""
"VIDEOS 1200-1500-20260730T124530Z-1-001.zip","1445","Relogio Projetor Multifuncional Despertador Alarme Temperatura Digital Tela LED De Mesa","VIDEOS 1200-1500/VIDEO 1445/Relogio Projetor Multifuncional Despertador Alarme Temperatura Digital Tela LED De Mesa.mp4","e73c8424e6a72656de9bbdc60dd93ce7ecc32cb19734ef4f6a6895d7f06140e4","ok","7,662","720","1280","720x1280","vertical","30","h264","aac","2","44100","1242249","1189764",""
"VIDEOS 1200-1500-20260730T124530Z-1-001.zip","1446","Rack Estante Banheiro Lavanderia Prateleira Organizador Casa","VIDEOS 1200-1500/VIDEO 1446/Rack Estante Banheiro Lavanderia Prateleira Organizador Casa.mp4","1ac2188c9172d7284f6bed5def464d12a635744b09d9fe850da3ae3795122f21","ok","10,355","720","1280","720x1280","vertical","30","h264","aac","2","44100","1703380","2204813",""
"VIDEOS 1200-1500-20260730T124530Z-1-001.zip","1447","Silicone Tampa Do Pé Da Cadeira Mudo Silicone Engrossado Mesa Mobiliário Pé Tampa","VIDEOS 1200-1500/VIDEO 1447/Silicone Tampa Do Pé Da Cadeira Mudo Silicone Engrossado Mesa Mobiliário Pé Tampa.mp4","8f4bcc2cf350182070b819f40299dc41c3919ab6f83406e3c768a64db722b3aa","ok","7,406","720","1280","720x1280","vertical","30","h264","aac","2","44100","1816663","1681776",""
"VIDEOS 1200-1500-20260730T124530Z-1-001.zip","1448","Escova De Banho Para Esfoliar Lava Costas Corpo Silicone Banda Massageadora Bucha Esfoliação Corpo Todo","VIDEOS 1200-1500/VIDEO 1448/Escova De Banho Para Esfoliar Lava Costas Corpo Silicone Banda Massageadora Bucha Esfoliação Corpo Todo.mp4","9abe8d50639d6d0540f07cb912c0ddc4365a08bb0894d99ba6cd019159a94016","ok","13,049","720","1280","720x1280","vertical","30","h264","aac","2","44100","1960796","3198304",""
"VIDEOS 1200-1500-20260730T124530Z-1-001.zip","1449","Top Alto Impacto Esportivo C Ziper Treino Academia Corrida","VIDEOS 1200-1500/VIDEO 1449/Top Alto Impacto Esportivo C Ziper Treino Academia Corrida.mp4","f35fb46f104dbfafd5ed370403cf352909f5139683eec89e98a3c87bf29a8a05","ok","10,262","720","1280","720x1280","vertical","30","h264","aac","2","44100","1613246","2069392",""
"VIDEOS 1200-1500-20260730T124530Z-1-001.zip","1450","[BRALMENCLA] Cute Lunch Box BPA-Free with Handle Microwaveable Bento Box for Picnic Kids Adults","VIDEOS 1200-1500/VIDEO 1450/[BRALMENCLA] Cute Lunch Box BPA-Free with Handle Microwaveable Bento Box for Picnic Kids Adults.mp4","90409cd5b6413b227862d3f2a20583915b31721ed2c80020b3637da53ff62ac5","ok","23,916","720","1280","720x1280","vertical","30","h264","aac","2","44100","2056401","6147611",""
"VIDEOS 1200-1500-20260730T124530Z-1-001.zip","1451","Mini Máquina De Lavar Portátil Ultrassônica Lavanderia Branco USB - Envio Rapido","VIDEOS 1200-1500/VIDEO 1451/Mini Máquina De Lavar Portátil Ultrassônica Lavanderia Branco USB - Envio Rapido.mp4","62e83ac34855c52d1e32be9c5a8902464a066d89f4bcab9e08848aa045f54330","ok","16,346","720","1280","720x1280","vertical","30","h264","aac","2","44100","1773704","3624121",""
"VIDEOS 1200-1500-20260730T124530Z-1-001.zip","1452","12 pçs portátil viagem janela porta de segurança alarme entrada defesa intruder alarme 100db lanterna para casa escritório apartamento hotel","VIDEOS 1200-1500/VIDEO 1452/12 pçs portátil viagem janela porta de segurança alarme entrada defesa intruder alarme 100db lanterna para casa escritório apartamento hotel.mp4","dbff039c6695221b2cf4ac83e8b3c737fe0d571d705897d175ef71c2d99e192e","ok","9,612","720","1280","720x1280","vertical","30","h264","aac","2","44100","1350589","1622733",""
"VIDEOS 1200-1500-20260730T124530Z-1-001.zip","1453","Gaveta Adesiva Auto-Adesivo Para ArmazenamentoSob A MesaEstojoChaveOrganizadorControle EscondidoCaixa De Espaço","VIDEOS 1200-1500/VIDEO 1453/Gaveta Adesiva Auto-Adesivo Para ArmazenamentoSob A MesaEstojoChaveOrganizadorControle EscondidoCaixa De Espaço.mp4","1e7003c3a5ca5c58537c241ce8f3f77fc5be1f1fd226f54108039d004b85b935","ok","11,864","720","1280","720x1280","vertical","30","h264","aac","2","44100","1228016","1821149",""
"VIDEOS 1200-1500-20260730T124530Z-1-001.zip","1454","capa para cadeira impermeável Engrossado Cadeira Cobre Jacquard À Prova D_água Estiramento Elastic Spandex Tampa Da De Jantar Cozinha Animais De Estimação Crianças Mobiliário Protector Covers Para","VIDEOS 1200-1500/VIDEO 1454/capa para cadeira impermeável Engrossado Cadeira Cobre Jacquard À Prova D_água Estiramento Elastic Spandex Tampa Da De Jantar Cozinha Animais De Estimação Crianças Mobiliário Protector Covers Para.mp4","a787b04426d5a7540787c9a131f256e74e404036b9f7839eeb7c2e3ac6a012ca","ok","8,428","720","1280","720x1280","vertical","30","h264","aac","2","44100","2082238","2193638",""
"VIDEOS 1200-1500-20260730T124530Z-1-001.zip","1455","3 PEÇAS Painel Placa Para Parede E Piso Chão Auto Adesivo 30cm x 30cm Impermeável Mármore Várias Estampas","VIDEOS 1200-1500/VIDEO 1455/3 PEÇAS Painel Placa Para Parede E Piso Chão Auto Adesivo 30cm x 30cm Impermeável Mármore Várias Estampas.mp4","82a0b74292d906b30b62b8cefe0299da1ab1a20447b841bfbddf6848370c2ffb","ok","13,118","720","1280","720x1280","vertical","30","h264","aac","2","44100","1267483","2078356",""
"VIDEOS 1200-1500-20260730T124530Z-1-001.zip","1456","Armários de sapato moderno corredor vertical armazenamento plástico sapato rack organizador entrada dobrável armários sala estar","VIDEOS 1200-1500/VIDEO 1456/Armários de sapato moderno corredor vertical armazenamento plástico sapato rack organizador entrada dobrável armários sala estar.mp4","e9400e1559f175ef0fb6f47f517959cecaafb9c613d25f6e0c952c49afb55850","ok","11,888","720","1280","720x1280","vertical","30","h264","aac","2","44100","1634183","2428397",""
"VIDEOS 1200-1500-20260730T124530Z-1-001.zip","1457","Joybos-esfregão giratório com balde, mão livre, aperto, separação automática, esfregões planos, limpeza do piso, almofadas de microfibra laváveis","VIDEOS 1200-1500/VIDEO 1457/Joybos-esfregão giratório com balde, mão livre, aperto, separação automática, esfregões planos, limpeza do piso, almofadas de microfibra laváveis.mp4","6db514fc9db341eeda81ded715f90f1aa647db9140f04aea050012c91eead9be","ok","5,827","720","1280","720x1280","vertical","30","h264","aac","2","44100","1875732","1366237",""
"VIDEOS 1200-1500-20260730T124530Z-1-001.zip","1458","Papel De Parede Adesivo Alumínio 3D Para Cozinha Pia Banheiro Lavável Com Textura 1mx61cm","VIDEOS 1200-1500/VIDEO 1458/Papel De Parede Adesivo Alumínio 3D Para Cozinha Pia Banheiro Lavável Com Textura 1mx61cm.mp4","02b99e6da5146bc97c0a4da8b55cd648d66a7293863d74a441c209173c90d531","ok","13,536","720","1280","720x1280","vertical","30","h264","aac","2","44100","2242565","3794420",""
"VIDEOS 1200-1500-20260730T124530Z-1-001.zip","1459","Escova Com Dentes De Silicone Para Cabelos e Massagem Corporal","VIDEOS 1200-1500/VIDEO 1459/Escova Com Dentes De Silicone Para Cabelos e Massagem Corporal.mp4","f899a1de061bba8f507e4a51305454fc3514eeca1308edb40de45ab2cf1db185","ok","10,077","720","1280","720x1280","vertical","30","h264","aac","2","44100","3000829","3779920",""
"VIDEOS 1200-1500-20260730T124530Z-1-001.zip","1460","Cortina Blackout Com Ventosas Para Janela Sala De Estar , Quarto , Cozinha , Escritório","VIDEOS 1200-1500/VIDEO 1460/Cortina Blackout Com Ventosas Para Janela Sala De Estar , Quarto , Cozinha , Escritório.mp4","3263d70dccf5219df1e2f43d92c9391f5ff60d6cdcc8ba2fd2a43068ad412315","ok","8,265","720","1280","720x1280","vertical","30","h264","aac","2","44100","2595437","2681411",""
"VIDEOS 1200-1500-20260730T124530Z-1-001.zip","1461","Prateleira Organizadora cozinha, sala, Banheiro, Nicho Revisteiro, temperos condimentos.","VIDEOS 1200-1500/VIDEO 1461/Prateleira Organizadora cozinha, sala, Banheiro, Nicho Revisteiro, temperos condimentos..mp4","52c7deda97194262476fdac019df4edbabdee547c97a896cf2e92529635cca49","ok","6,152","720","1280","720x1280","vertical","30","h264","aac","2","44100","1270488","977006",""
"VIDEOS 1200-1500-20260730T124530Z-1-001.zip","1462","Mini Microfone Estéreo Digital de 3,5mm para PC  Notebook Gravador de Celular","VIDEOS 1200-1500/VIDEO 1462/Mini Microfone Estéreo Digital de 3,5mm para PC  Notebook Gravador de Celular.mp4","39725a2e2fa4a73c194de2ed63518ffbbcba4abeb4d35467f6b67dd9bbee9367","ok","10,03","720","1280","720x1280","vertical","30","h264","aac","2","44100","1250464","1567770",""
"VIDEOS 1200-1500-20260730T124530Z-1-001.zip","1463","Adaptador de Tomada Articulado Benjamin Adaptador Universal Tomada 2 e 3 Polos Cinza Para Colocar atrás da Estante Sofá Rack","VIDEOS 1200-1500/VIDEO 1463/Adaptador de Tomada Articulado Benjamin Adaptador Universal Tomada 2 e 3 Polos Cinza Para Colocar atrás da Estante Sofá Rack.mp4","f058a0dc28142452af2d55264a367d67dde8db364c0478f428dcd864924ff047","ok","14,372","720","1280","720x1280","vertical","30","h264","aac","2","44100","1197397","2151124",""
"VIDEOS 1200-1500-20260730T124530Z-1-001.zip","1464","2 Peças Tampa Da Válvula Do Aro Pneu Roda Carro Luminosa Haste À Prova D_água E Poeira Adequado Para Acessórios Motocicleta","VIDEOS 1200-1500/VIDEO 1464/2 Peças Tampa Da Válvula Do Aro Pneu Roda Carro Luminosa Haste À Prova D_água E Poeira Adequado Para Acessórios Motocicleta.mp4","186c22bc376bdcedca1f6d875b2fcd9ed24d7c15b4a00303ab05a97aef315dff","ok","6,361","720","1280","720x1280","vertical","30","h264","aac","2","44100","1419824","1128938",""
"VIDEOS 1200-1500-20260730T124530Z-1-001.zip","1465","Original Duka Little Q Régua Eletrônica Fita Superfície Curva Régua De Medição Hd Tela Lcd Longa Espera Recarregável","VIDEOS 1200-1500/VIDEO 1465/Original Duka Little Q Régua Eletrônica Fita Superfície Curva Régua De Medição Hd Tela Lcd Longa Espera Recarregável.mp4","459b92f1def7860274f7047107e22ea27a55d2a76372f97a8bb12b9fc5325759","ok","9,101","720","1280","720x1280","vertical","30","h264","aac","2","44100","1148643","1306725",""
"VIDEOS 1200-1500-20260730T124530Z-1-001.zip","1466","Kit De Limpeza Do Limpador Para Airpods Pro 1 2 earbuds Escova Caneta Fones De Ouvido Bluetooth Caso De Ferramentas Huawei Samsung MI","VIDEOS 1200-1500/VIDEO 1466/Kit De Limpeza Do Limpador Para Airpods Pro 1 2 earbuds Escova Caneta Fones De Ouvido Bluetooth Caso De Ferramentas Huawei Samsung MI.mp4","2e5475746959b9aecf9b2aba1754e65ac5a99f7db2e49199fa7e1ba3629fbde2","ok","16,694","720","1280","720x1280","vertical","30","h264","aac","2","44100","1147531","2394611",""
"VIDEOS 1200-1500-20260730T124530Z-1-001.zip","1467","Torneira Cromada para Maquina de Lavar e Tanque 2 Saídas Abs Lavanderia 14v","VIDEOS 1200-1500/VIDEO 1467/Torneira Cromada para Maquina de Lavar e Tanque 2 Saídas Abs Lavanderia 14v.mp4","89fe5af4b9b65e30d957d7ceff8134ba7980917a4ef7f85d7b99958fcdfd8940","ok","12,097","720","1280","720x1280","vertical","30","h264","aac","2","44100","2180719","3297521",""
"VIDEOS 1200-1500-20260730T124530Z-1-001.zip","1468","Tela De Janela Substituta 5cmx 2m Remendo De Reparo Antimosquito","VIDEOS 1200-1500/VIDEO 1468/Tela De Janela Substituta 5cmx 2m Remendo De Reparo Antimosquito.mp4","e44a47a86147bf2c7324d14811c4b58a7c4b16a1e621a17071940a9ce1d1a761","ok","9,403","720","1280","720x1280","vertical","30","h264","aac","2","44100","3116282","3662801",""
"VIDEOS 1200-1500-20260730T124530Z-1-001.zip","1469","Rack Banheiro Estante Prateleira sobre vaso sanitario Metal Organizador Toalete Varanda","VIDEOS 1200-1500/VIDEO 1469/Rack Banheiro Estante Prateleira sobre vaso sanitario Metal Organizador Toalete Varanda.mp4","9162a24ca50017b613a98a51dd4b8d222ec95fdf7da8b743e1796a03744a3f46","ok","10,355","720","1280","720x1280","vertical","30","h264","aac","2","44100","1761243","2279709",""
"VIDEOS 1200-1500-20260730T124530Z-1-001.zip","1470","Organizador Porta Maquiagem Removível Com Gaveta Espelho Led","VIDEOS 1200-1500/VIDEO 1470/Organizador Porta Maquiagem Removível Com Gaveta Espelho Led.mp4","1899079f6b3107c95bb172a5a0c68bb3ea2557b03402c756ea60d385aa22b838","ok","7,337","720","1280","720x1280","vertical","30","h264","aac","2","44100","1612760","1479103",""
"VIDEOS 1200-1500-20260730T124530Z-1-001.zip","1471","Cleaning Cloths NanoScale Streak-Free Miracle Kitchen Housekeeping Home Care Supplies","VIDEOS 1200-1500/VIDEO 1471/Cleaning Cloths NanoScale Streak-Free Miracle Kitchen Housekeeping Home Care Supplies.mp4","1b8dc9a32678b5fd0865a9d75742e77aa9129e74b125ccfb0d90cf0f52d911fe","ok","12,12","720","1280","720x1280","vertical","30","h264","aac","2","44100","2099329","3180484",""
"VIDEOS 1200-1500-20260730T124530Z-1-001.zip","1472","Mini Máquina De Lavar Roupa 2.8L Portátil Dobrável Calcinha Para Casa Meias Roupas De Bebê Limpeza Viagem Presente De Feriado","VIDEOS 1200-1500/VIDEO 1472/Mini Máquina De Lavar Roupa 2.8L Portátil Dobrável Calcinha Para Casa Meias Roupas De Bebê Limpeza Viagem Presente De Feriado.mp4","4799e170160cde5ab57d3b489259b6de01d5d8940ab3758d3a485ec5c79a2a3f","ok","7,267","720","1280","720x1280","vertical","30","h264","aac","2","44100","1779583","1616529",""
"VIDEOS 1200-1500-20260730T124530Z-1-001.zip","1473","Papel De Parede Quente Para Quarto  Teto  Teto  Placa Auto-Adesivo Para Papel De Parede Decorativo","VIDEOS 1200-1500/VIDEO 1473/Papel De Parede Quente Para Quarto  Teto  Teto  Placa Auto-Adesivo Para Papel De Parede Decorativo.mp4","192a7856752ec7f6f02c1d5e4195ab6f964edf1909f6945efee3ed71249eb8ce","ok","11,121","720","1280","720x1280","vertical","30","h264","aac","2","44100","2770076","3850753",""
"VIDEOS 1200-1500-20260730T124530Z-1-001.zip","1474","Lrvi Tapete Semi-Circle Capacho De Porta Antiderrapante Com Estampa De Mármore Meia Lua Em Pvc,30X60Cm","VIDEOS 1200-1500/VIDEO 1474/Lrvi Tapete Semi-Circle Capacho De Porta Antiderrapante Com Estampa De Mármore Meia Lua Em Pvc,30X60Cm.mp4","846b1ad0513294c206f5e1ab31465bfdadefcb16463e2d8ffd9bc9e411f45145","ok","7,522","720","1280","720x1280","vertical","30","h264","aac","2","44100","2139533","2011696",""
"VIDEOS 1200-1500-20260730T124530Z-1-001.zip","1475","Formas De Silicone Para Geladinho E Sorvete Comtac Kids 4095","VIDEOS 1200-1500/VIDEO 1475/Formas De Silicone Para Geladinho E Sorvete Comtac Kids 4095.mp4","cd3c12dea201c9c1ebecbec66803c93e0b1b1a15c724ba8e849095740398da03","ok","7,197","720","1280","720x1280","vertical","30","h264","aac","2","44100","1558486","1402053",""
"VIDEOS 1200-1500-20260730T124530Z-1-001.zip","1476","Mosquiteiro Tipo Tenda Casal 1.5cm2.0cm 1.8cmX2.0cm","VIDEOS 1200-1500/VIDEO 1476/Mosquiteiro Tipo Tenda Casal 1.5cm2.0cm 1.8cmX2.0cm.mp4","b61066d892d9fb390f330bf8362ad10f61f69c7d558e9be7fdb1b0f61ce6e20e","ok","14,279","720","1280","720x1280","vertical","30","h264","aac","2","44100","1788404","3192079",""
"VIDEOS 1200-1500-20260730T124530Z-1-001.zip","1477","2 Unidades Almofada Protetora De Calcanhar Para Sapatos Auto-adesiva","VIDEOS 1200-1500/VIDEO 1477/2 Unidades Almofada Protetora De Calcanhar Para Sapatos Auto-adesiva.mp4","9c3cb3f370c9fa26851a1b4473c3f114780ee12e52e04cf218035937d3733b88","ok","6,895","720","1280","720x1280","vertical","30","h264","aac","2","44100","1882509","1622488",""
"VIDEOS 1200-1500-20260730T124530Z-1-001.zip","1478","Lousa Mágica Tela Lcd Tablet Infantil De Escrever E Desenhar 8.5 Polegadas e 10.5 Polegadas JORGER","VIDEOS 1200-1500/VIDEO 1478/Lousa Mágica Tela Lcd Tablet Infantil De Escrever E Desenhar 8.5 Polegadas e 10.5 Polegadas JORGER.mp4","8e70432e5bbc46d8d5a42925e265985326fa10f9c2f3334ff7f5bdcbd0a6f994","ok","17,739","720","1280","720x1280","vertical","30","h264","aac","2","44100","2199813","4877812",""
"VIDEOS 1200-1500-20260730T124530Z-1-001.zip","1479","50 M  Rolo Adesivo Decorativo De Azulejo  Piso À Prova D _Água","VIDEOS 1200-1500/VIDEO 1479/50 M  Rolo Adesivo Decorativo De Azulejo  Piso À Prova D _Água.mp4","5e2e6e7453169ce021ff0ee18668ae6ff95678da343bfafe36d25596555500c4","ok","12,491","720","1280","720x1280","vertical","30","h264","aac","2","44100","1343737","2098078",""
"VIDEOS 1200-1500-20260730T124530Z-1-001.zip","1480","Protetor De Sapato De Silicone Impermeável Para Chuva Clink","VIDEOS 1200-1500/VIDEO 1480/Protetor De Sapato De Silicone Impermeável Para Chuva Clink.mp4","61073b28c0aa6e9f958938a83f452e73099244715a16b77cf191ac0af01d11d1","ok","17,135","720","1280","720x1280","vertical","30","h264","aac","2","44100","2883701","6176528",""
"VIDEOS 1200-1500-20260730T124530Z-1-001.zip","1481","Capa Elástica Para Cozinha CadeirasLã Tecido Jacquard (1 pedaço)","VIDEOS 1200-1500/VIDEO 1481/Capa Elástica Para Cozinha CadeirasLã Tecido Jacquard (1 pedaço).mp4","583767fbf992c1fba4b24ec6f0103c44e356e12ce2830e9317e54a9a07f96dd1","ok","10,053","720","1280","720x1280","vertical","30","h264","aac","2","44100","1912424","2403201",""
"VIDEOS 1200-1500-20260730T124530Z-1-001.zip","1482","Massageador Elétrico Portatil Profissional Muscular Relaxamento Pistola Original Massagem Gun Academia","VIDEOS 1200-1500/VIDEO 1482/Massageador Elétrico Portatil Profissional Muscular Relaxamento Pistola Original Massagem Gun Academia.mp4","31a3ca8569c867f2580b93999cbb1f60bda08792c697bcd440cb0f6f321deacb","ok","9,496","720","1280","720x1280","vertical","30","h264","aac","2","44100","1304312","1548219",""
"VIDEOS 1200-1500-20260730T124530Z-1-001.zip","1483","Porta Comprimido Cápsula Remédio Digital C Alarme 4 espaços","VIDEOS 1200-1500/VIDEO 1483/Porta Comprimido Cápsula Remédio Digital C Alarme 4 espaços.mp4","de55e99720d90e3375837d06ef85a0c85c7a8fa4b456618f540957e932b0ff47","ok","8,892","720","1280","720x1280","vertical","30","h264","aac","2","44100","965174","1072792",""
"VIDEOS 1200-1500-20260730T124530Z-1-001.zip","1484","Nano Névoa Facial Elétrica Profissional Pulverizador De Vaporizador De Vaporizador Nano Névoa Spray","VIDEOS 1200-1500/VIDEO 1484/Nano Névoa Facial Elétrica Profissional Pulverizador De Vaporizador De Vaporizador Nano Névoa Spray.mp4","922cc153a5d6b64564dbe52c874e09a342adbd1be40e041c182cadb6cbc4898f","ok","12,584","720","1280","720x1280","vertical","30","h264","aac","2","44100","2078180","3268978",""
"VIDEOS 1200-1500-20260730T124530Z-1-001.zip","1485","Sapateira de Nivel, Prateleira Moderna para Organizacao","VIDEOS 1200-1500/VIDEO 1485/Sapateira de Nivel, Prateleira Moderna para Organizacao.mp4","0eb593d5a71ac1080653e9739c4be363b6c86fea81a654d5c38c8c61e7c8d788","ok","9,728","720","1280","720x1280","vertical","30","h264","aac","2","44100","1144515","1391731",""
"VIDEOS 1200-1500-20260730T124530Z-1-001.zip","1486","Banheira Spa Ofurô Dobrável Bend Infantil Adulto Grande 120L - Azul","VIDEOS 1200-1500/VIDEO 1486/Banheira Spa Ofurô Dobrável Bend Infantil Adulto Grande 120L - Azul.mp4","d8c974dbefb92e70b8510b3ad0f37bd5b1961d04c22277b4312149ad863dbc40","ok","8,869","720","1280","720x1280","vertical","30","h264","aac","2","44100","2443020","2708394",""
"VIDEOS 1200-1500-20260730T124530Z-1-001.zip","1487","Suporte de alumínio dobrável para celular, Mini Suporte de telefone invisível e ajustável","VIDEOS 1200-1500/VIDEO 1487/Suporte de alumínio dobrável para celular, Mini Suporte de telefone invisível e ajustável.mp4","f35db89384ba4a5271d52d03f16a8b1ca2c4b50e98282aaa9adb7d68010180e7","ok","9,008","720","1280","720x1280","vertical","30","h264","aac","2","44100","1114788","1255252",""
"VIDEOS 1200-1500-20260730T124530Z-1-001.zip","1488","1pç Copo Squeeze De Gelo De Verão Portátil Copo De Frozen Rápida Copo Slushy Slushie","VIDEOS 1200-1500/VIDEO 1488/1pç Copo Squeeze De Gelo De Verão Portátil Copo De Frozen Rápida Copo Slushy Slushie.mp4","aec295ed959751843b5c592daeec71952bba84858a2616ed2087290665045654","ok","15,649","720","1280","720x1280","vertical","30","h264","aac","2","44100","1057773","2069138",""
"VIDEOS 1200-1500-20260730T124530Z-1-001.zip","1489","Travesseiro De Casal Almofada Casal Novo Estilo Almofada de Pressão Memória Rebote Lento Almofada Anti-paralisia das Mãos","VIDEOS 1200-1500/VIDEO 1489/Travesseiro De Casal Almofada Casal Novo Estilo Almofada de Pressão Memória Rebote Lento Almofada Anti-paralisia das Mãos.mp4","6438062e4654a9e9802b0e41c3ad08785265ae1d0319a8bfbebbf66ee57b00e1","ok","8,451","720","1280","720x1280","vertical","30","h264","aac","2","44100","1239561","1309442",""
"VIDEOS 1200-1500-20260730T124530Z-1-001.zip","1490","Ralo De Chão De Aço Inoxidável Filtro De Malha Anti-CologColetor De Vazamento De CabeloBanheira","VIDEOS 1200-1500/VIDEO 1490/Ralo De Chão De Aço Inoxidável Filtro De Malha Anti-CologColetor De Vazamento De CabeloBanheira.mp4","1d2895cd053933e7782937e5ba7b1439930e32d988e07ddfda17710d1ae4470c","ok","14,674","720","1280","720x1280","vertical","30","h264","aac","2","44100","2310411","4237873",""
"VIDEOS 1200-1500-20260730T124530Z-1-001.zip","1491","Puxador De Metal Universal Com Zíper","VIDEOS 1200-1500/VIDEO 1491/Puxador De Metal Universal Com Zíper.mp4","1a94baacab43e1b521a1ae9c53184f28448a8a759c66726a520d4a3be7752141","ok","9,984","720","1280","720x1280","vertical","30","h264","aac","2","44100","1444050","1802175",""
"VIDEOS 1200-1500-20260730T124530Z-1-001.zip","1492","NEATHOME Prateleira Organizadora De Banheiro De Canto 2022 Sem Costura Dobrável Perfuração","VIDEOS 1200-1500/VIDEO 1492/NEATHOME Prateleira Organizadora De Banheiro De Canto 2022 Sem Costura Dobrável Perfuração.mp4","0f64308e45a3cc8dc316d4e1d2aafc902042b16b05d6b084f0db8628b9fea2dc","ok","12,445","720","1280","720x1280","vertical","30","h264","aac","2","44100","1552055","2414417",""
"VIDEOS 1200-1500-20260730T124530Z-1-001.zip","1493","ELEGANT 1 Rolo Linha De Aparar Parede De Canto DIY Cintura Baseboard 5 Mármore Grãos À Prova D_água Decoração De Casa Papel Corte Livre Adesivo","VIDEOS 1200-1500/VIDEO 1493/ELEGANT 1 Rolo Linha De Aparar Parede De Canto DIY Cintura Baseboard 5 Mármore Grãos À Prova D_água Decoração De Casa Papel Corte Livre Adesivo.mp4","87b4878fd5d60ec10420d714e17e562608b7b88c8f51cae790aebab8cfe9ce7c","ok","11,447","720","1280","720x1280","vertical","30","h264","aac","2","44100","1592060","2278040",""
"VIDEOS 1200-1500-20260730T124530Z-1-001.zip","1494","Suporte Porta Rolo Toalha Aluminio Filme Cozinha 3 X 1 Papel","VIDEOS 1200-1500/VIDEO 1494/Suporte Porta Rolo Toalha Aluminio Filme Cozinha 3 X 1 Papel.mp4","a6a72aa0e5ead005e8dfd75b65b209fc5ab8c49bd96bb91f285996581cbd13e1","ok","22,012","720","1280","720x1280","vertical","30","h264","aac","2","44100","1095105","3013184",""
"VIDEOS 1200-1500-20260730T124530Z-1-001.zip","1495","northvotescastsuper 12pcs Esponja Facial Puff Face Wash Comprimido Bastão De Limpeza Pele","VIDEOS 1200-1500/VIDEO 1495/northvotescastsuper 12pcs Esponja Facial Puff Face Wash Comprimido Bastão De Limpeza Pele.mp4","adc15b06067b43cde2dda80efddb0d010aeda780537b218e36dd946b6d889d63","ok","17,368","720","1280","720x1280","vertical","30","h264","aac","2","44100","1290828","2802388",""
"VIDEOS 1200-1500-20260730T124530Z-1-001.zip","1496","4pcs Divisória Para Partição De Geladeira De Armazenamento Combinação DIYOrganizador Divisor","VIDEOS 1200-1500/VIDEO 1496/4pcs Divisória Para Partição De Geladeira De Armazenamento Combinação DIYOrganizador Divisor.mp4","2cb375609c9806b091c5ba034ce1e4981c3a72ad7f10fb1f241831f8e83d0bda","ok","12,863","720","1280","720x1280","vertical","30","h264","aac","2","44100","1632811","2625357",""
"VIDEOS 1200-1500-20260730T124530Z-1-001.zip","1497","Prateleira de vaso sanitário sem socos na parede acima do artefato de armazenamento de vaso sanitário","VIDEOS 1200-1500/VIDEO 1497/Prateleira de vaso sanitário sem socos na parede acima do artefato de armazenamento de vaso sanitário.mp4","fc0072de3ef6dfa5cd1c5516423f29a9d2aad4831e9f9d482c73d9dc8cbef76d","ok","8,474","720","1280","720x1280","vertical","30","h264","aac","2","44100","1182938","1253028",""
"VIDEOS 1200-1500-20260730T124530Z-1-001.zip","1498","Prateleira Para Armazenar Armários DomésticosDe CozinhaCanto Em Camadas","VIDEOS 1200-1500/VIDEO 1498/Prateleira Para Armazenar Armários DomésticosDe CozinhaCanto Em Camadas.mp4","a0647b7506742e8254b2487277a9a905c0d48b10346d5f0ffb2e1a4d82a34c74","ok","12,259","720","1280","720x1280","vertical","30","h264","aac","2","44100","1905394","2919779",""
"VIDEOS 1200-1500-20260730T124530Z-1-001.zip","1499","Organizador MultiusoSaco Embalagem P-M-G Com ZíperOrganizador De Guarda Roupa Saco De Pó Multifuncional Com Impressão De Alça","VIDEOS 1200-1500/VIDEO 1499/Organizador MultiusoSaco Embalagem P-M-G Com ZíperOrganizador De Guarda Roupa Saco De Pó Multifuncional Com Impressão De Alça.mp4","99ec8d4805345547f0e161eb69792460586794bb9d27d6c66f75d6b0fa8ebb3b","ok","13,002","720","1280","720x1280","vertical","30","h264","aac","2","44100","1569951","2551564",""
"VIDEOS 1200-1500-20260730T124530Z-1-001.zip","1500","Mini Multifuncional Caixa De Armazenamento 60 W Cabo De Dados USB Carregamento Rápido Digital Gadget Eletrônico Conjunto De Cartões De Pino","VIDEOS 1200-1500/VIDEO 1500/Mini Multifuncional Caixa De Armazenamento 60 W Cabo De Dados USB Carregamento Rápido Digital Gadget Eletrônico Conjunto De Cartões De Pino.mp4","35b133f3878341ea684eeaa19d59e6d640fcd7a1b9b51ed4a7a5609f47b3bc02","ok","13,095","720","1280","720x1280","vertical","30","h264","aac","2","44100","1392714","2279699",""
"VIDEOS 1500-1800-20260730T124532Z-1-001.zip","1501","Papel De Parede Adesivo Alumínio 3D Para Cozinha Pia Banheiro Lavável Com Textura 1mx61cm","VIDEOS 1500-1800/VIDEO 1501/Papel De Parede Adesivo Alumínio 3D Para Cozinha Pia Banheiro Lavável Com Textura 1mx61cm.mp4","02b99e6da5146bc97c0a4da8b55cd648d66a7293863d74a441c209173c90d531","ok","13,536","720","1280","720x1280","vertical","30","h264","aac","2","44100","2242565","3794420",""
"VIDEOS 1500-1800-20260730T124532Z-1-001.zip","1502","Escova Com Dentes De Silicone Para Cabelos e Massagem Corporal","VIDEOS 1500-1800/VIDEO 1502/Escova Com Dentes De Silicone Para Cabelos e Massagem Corporal.mp4","f899a1de061bba8f507e4a51305454fc3514eeca1308edb40de45ab2cf1db185","ok","10,077","720","1280","720x1280","vertical","30","h264","aac","2","44100","3000829","3779920",""
"VIDEOS 1500-1800-20260730T124532Z-1-001.zip","1503","Original Duka Little Q Régua Eletrônica Fita Superfície Curva Régua De Medição Hd Tela Lcd Longa Espera Recarregável","VIDEOS 1500-1800/VIDEO 1503/Original Duka Little Q Régua Eletrônica Fita Superfície Curva Régua De Medição Hd Tela Lcd Longa Espera Recarregável.mp4","459b92f1def7860274f7047107e22ea27a55d2a76372f97a8bb12b9fc5325759","ok","9,101","720","1280","720x1280","vertical","30","h264","aac","2","44100","1148643","1306725",""
"VIDEOS 1500-1800-20260730T124532Z-1-001.zip","1504","Organizador Porta Maquiagem Removível Com Gaveta Espelho Led","VIDEOS 1500-1800/VIDEO 1504/Organizador Porta Maquiagem Removível Com Gaveta Espelho Led.mp4","1899079f6b3107c95bb172a5a0c68bb3ea2557b03402c756ea60d385aa22b838","ok","7,337","720","1280","720x1280","vertical","30","h264","aac","2","44100","1612760","1479103",""
"VIDEOS 1500-1800-20260730T124532Z-1-001.zip","1505","Lrvi Tapete Semi-Circle Capacho De Porta Antiderrapante Com Estampa De Mármore Meia Lua Em Pvc,30X60Cm","VIDEOS 1500-1800/VIDEO 1505/Lrvi Tapete Semi-Circle Capacho De Porta Antiderrapante Com Estampa De Mármore Meia Lua Em Pvc,30X60Cm.mp4","846b1ad0513294c206f5e1ab31465bfdadefcb16463e2d8ffd9bc9e411f45145","ok","7,522","720","1280","720x1280","vertical","30","h264","aac","2","44100","2139533","2011696",""
"VIDEOS 1500-1800-20260730T124532Z-1-001.zip","1506","Formas De Silicone Para Geladinho E Sorvete Comtac Kids 4095","VIDEOS 1500-1800/VIDEO 1506/Formas De Silicone Para Geladinho E Sorvete Comtac Kids 4095.mp4","cd3c12dea201c9c1ebecbec66803c93e0b1b1a15c724ba8e849095740398da03","ok","7,197","720","1280","720x1280","vertical","30","h264","aac","2","44100","1558486","1402053",""
"VIDEOS 1500-1800-20260730T124532Z-1-001.zip","1507","Mosquiteiro Tipo Tenda Casal 1.5cm2.0cm 1.8cmX2.0cm","VIDEOS 1500-1800/VIDEO 1507/Mosquiteiro Tipo Tenda Casal 1.5cm2.0cm 1.8cmX2.0cm.mp4","b61066d892d9fb390f330bf8362ad10f61f69c7d558e9be7fdb1b0f61ce6e20e","ok","14,279","720","1280","720x1280","vertical","30","h264","aac","2","44100","1788404","3192079",""
"VIDEOS 1500-1800-20260730T124532Z-1-001.zip","1508","Bolsa De Cintura Pacotes De Sacos De Desporto Para Corrida Caminhada Viagem","VIDEOS 1500-1800/VIDEO 1508/Bolsa De Cintura Pacotes De Sacos De Desporto Para Corrida Caminhada Viagem.mp4","a3592db47f7d7afb8cb26697290fe0609d25179c7fc3c898f22ad65359c06258","ok","21,779","720","1280","720x1280","vertical","30","h264","aac","2","44100","2710550","7379135",""
"VIDEOS 1500-1800-20260730T124532Z-1-001.zip","1509","Lousa Mágica Tela Lcd Tablet Infantil De Escrever E Desenhar 8.5 Polegadas e 10.5 Polegadas JORGER","VIDEOS 1500-1800/VIDEO 1509/Lousa Mágica Tela Lcd Tablet Infantil De Escrever E Desenhar 8.5 Polegadas e 10.5 Polegadas JORGER.mp4","8e70432e5bbc46d8d5a42925e265985326fa10f9c2f3334ff7f5bdcbd0a6f994","ok","17,739","720","1280","720x1280","vertical","30","h264","aac","2","44100","2199813","4877812",""
"VIDEOS 1500-1800-20260730T124532Z-1-001.zip","1510","50 M  Rolo Adesivo Decorativo De Azulejo  Piso À Prova D _Água","VIDEOS 1500-1800/VIDEO 1510/50 M  Rolo Adesivo Decorativo De Azulejo  Piso À Prova D _Água.mp4","5e2e6e7453169ce021ff0ee18668ae6ff95678da343bfafe36d25596555500c4","ok","12,491","720","1280","720x1280","vertical","30","h264","aac","2","44100","1343737","2098078",""
"VIDEOS 1500-1800-20260730T124532Z-1-001.zip","1512","Massageador Elétrico Portatil Profissional Muscular Relaxamento Pistola Original Massagem Gun Academia","VIDEOS 1500-1800/VIDEO 1512/Massageador Elétrico Portatil Profissional Muscular Relaxamento Pistola Original Massagem Gun Academia.mp4","31a3ca8569c867f2580b93999cbb1f60bda08792c697bcd440cb0f6f321deacb","ok","9,496","720","1280","720x1280","vertical","30","h264","aac","2","44100","1304312","1548219",""
"VIDEOS 1500-1800-20260730T124532Z-1-001.zip","1513","Nano Névoa Facial Elétrica Profissional Pulverizador De Vaporizador De Vaporizador Nano Névoa Spray","VIDEOS 1500-1800/VIDEO 1513/Nano Névoa Facial Elétrica Profissional Pulverizador De Vaporizador De Vaporizador Nano Névoa Spray.mp4","922cc153a5d6b64564dbe52c874e09a342adbd1be40e041c182cadb6cbc4898f","ok","12,584","720","1280","720x1280","vertical","30","h264","aac","2","44100","2078180","3268978",""
"VIDEOS 1500-1800-20260730T124532Z-1-001.zip","1514","1pç Copo Squeeze De Gelo De Verão Portátil Copo De Frozen Rápida Copo Slushy Slushie","VIDEOS 1500-1800/VIDEO 1514/1pç Copo Squeeze De Gelo De Verão Portátil Copo De Frozen Rápida Copo Slushy Slushie.mp4","aec295ed959751843b5c592daeec71952bba84858a2616ed2087290665045654","ok","15,649","720","1280","720x1280","vertical","30","h264","aac","2","44100","1057773","2069138",""
"VIDEOS 1500-1800-20260730T124532Z-1-001.zip","1515","Travesseiro De Casal Almofada Casal Novo Estilo Almofada de Pressão Memória Rebote Lento Almofada Anti-paralisia das Mãos","VIDEOS 1500-1800/VIDEO 1515/Travesseiro De Casal Almofada Casal Novo Estilo Almofada de Pressão Memória Rebote Lento Almofada Anti-paralisia das Mãos.mp4","6438062e4654a9e9802b0e41c3ad08785265ae1d0319a8bfbebbf66ee57b00e1","ok","8,451","720","1280","720x1280","vertical","30","h264","aac","2","44100","1239561","1309442",""
"VIDEOS 1500-1800-20260730T124532Z-1-001.zip","1516","Ralo De Chão De Aço Inoxidável Filtro De Malha Anti-CologColetor De Vazamento De CabeloBanheira","VIDEOS 1500-1800/VIDEO 1516/Ralo De Chão De Aço Inoxidável Filtro De Malha Anti-CologColetor De Vazamento De CabeloBanheira.mp4","1d2895cd053933e7782937e5ba7b1439930e32d988e07ddfda17710d1ae4470c","ok","14,674","720","1280","720x1280","vertical","30","h264","aac","2","44100","2310411","4237873",""
"VIDEOS 1500-1800-20260730T124532Z-1-001.zip","1517","NEATHOME Prateleira Organizadora De Banheiro De Canto 2022 Sem Costura Dobrável Perfuração","VIDEOS 1500-1800/VIDEO 1517/NEATHOME Prateleira Organizadora De Banheiro De Canto 2022 Sem Costura Dobrável Perfuração.mp4","0f64308e45a3cc8dc316d4e1d2aafc902042b16b05d6b084f0db8628b9fea2dc","ok","12,445","720","1280","720x1280","vertical","30","h264","aac","2","44100","1552055","2414417",""
"VIDEOS 1500-1800-20260730T124532Z-1-001.zip","1518","ELEGANT 1 Rolo Linha De Aparar Parede De Canto DIY Cintura Baseboard 5 Mármore Grãos À Prova D_água Decoração De Casa Papel Corte Livre Adesivo","VIDEOS 1500-1800/VIDEO 1518/ELEGANT 1 Rolo Linha De Aparar Parede De Canto DIY Cintura Baseboard 5 Mármore Grãos À Prova D_água Decoração De Casa Papel Corte Livre Adesivo.mp4","87b4878fd5d60ec10420d714e17e562608b7b88c8f51cae790aebab8cfe9ce7c","ok","11,447","720","1280","720x1280","vertical","30","h264","aac","2","44100","1592060","2278040",""
"VIDEOS 1500-1800-20260730T124532Z-1-001.zip","1519","Varal Retratil Ajustavel Pratico Banheiro Lavanderia 2,8 Metros Inox Seca Lsy02 Luuk Young","VIDEOS 1500-1800/VIDEO 1519/Varal Retratil Ajustavel Pratico Banheiro Lavanderia 2,8 Metros Inox Seca Lsy02 Luuk Young.mp4","9ba0c0429a7127d888410bf8c5ad7e57bb852c2cd6e4105a0888ec33ce005a9a","ok","7,197","720","1280","720x1280","vertical","30","h264","aac","2","44100","1383052","1244229",""
"VIDEOS 1500-1800-20260730T124532Z-1-001.zip","1520","HOTWIND Bluetooth-compatible Remote Control Type-C Charging Wireless Controller For Android IOS","VIDEOS 1500-1800/VIDEO 1520/HOTWIND Bluetooth-compatible Remote Control Type-C Charging Wireless Controller For Android IOS.mp4","9128851136620a9bab5a9ab157cfe5983d32c15cc90514ef7a583b00380ed22b","ok","10,262","720","1280","720x1280","vertical","30","h264","aac","2","44100","2119497","2718786",""
"VIDEOS 1500-1800-20260730T124532Z-1-001.zip","1521","Sharprepublic2 3-freg  Frigideira De Ovo Com Pedra Antiaderente  Frito  Ovo De Hamburguer  Panela Para Cozinha  Casa","VIDEOS 1500-1800/VIDEO 1521/Sharprepublic2 3-freg  Frigideira De Ovo Com Pedra Antiaderente  Frito  Ovo De Hamburguer  Panela Para Cozinha  Casa.mp4","aa75affe4bd6f4ae1de4ed62d4e9dca46e3dac5191d067b836c2ccc8eaa22eea","ok","10,75","720","1280","720x1280","vertical","30","h264","aac","2","44100","1758923","2363553",""
"VIDEOS 1500-1800-20260730T124532Z-1-001.zip","1522","cabide de armazenamento multi função de armazenamento bolsa de suspensão rack titular gancho saco de 360 graus de rotação organizador do armário","VIDEOS 1500-1800/VIDEO 1522/cabide de armazenamento multi função de armazenamento bolsa de suspensão rack titular gancho saco de 360 graus de rotação organizador do armário.mp4","68828ef8c80b9005d0c76801d6e583ef77006349d12a5f2c7f01b478b9ee89cf","ok","10,053","720","1280","720x1280","vertical","30","h264","aac","2","44100","1827053","2295921",""
"VIDEOS 1500-1800-20260730T124532Z-1-001.zip","1523","Farol Bike Lanterna Traseira LED USB Recarregável à Prova D_água Para Bicicleta","VIDEOS 1500-1800/VIDEO 1523/Farol Bike Lanterna Traseira LED USB Recarregável à Prova D_água Para Bicicleta.mp4","ec50523561e4afca5d239a8ac04151a488f51a6949f4ef3d17d1732eae70bdba","ok","14,813","720","1280","720x1280","vertical","30","h264","aac","2","44100","1692927","3134667",""
"VIDEOS 1500-1800-20260730T124532Z-1-001.zip","1524","Adaptador  Conversor De Viagem 4 Entradas Usb Tipo C Universal Us Uk Eu Au","VIDEOS 1500-1800/VIDEO 1524/Adaptador  Conversor De Viagem 4 Entradas Usb Tipo C Universal Us Uk Eu Au.mp4","16fb142186fc8327fb152133ce0c5ceddef10f1bd9109bf0c6fdb434970cf7c2","ok","11,539","720","1280","720x1280","vertical","30","h264","aac","2","44100","1343147","1937322",""
"VIDEOS 1500-1800-20260730T124532Z-1-001.zip","1525","suporte de plástico adesivo tipo prateleira- saz utilidades 14.5 x 13.5 x 33cm UNIDADE","VIDEOS 1500-1800/VIDEO 1525/suporte de plástico adesivo tipo prateleira- saz utilidades 14.5 x 13.5 x 33cm UNIDADE.mp4","d5b7634bce2586a61577b3d71e125970c4d070170db2cb825b078fc9ee40f255","ok","20,2","720","1280","720x1280","vertical","30","h264","aac","2","44100","1348724","3405530",""
"VIDEOS 1500-1800-20260730T124532Z-1-001.zip","1526","Joelheira Fitness Ajustável Esportiva Compressão Leve CorridaBike","VIDEOS 1500-1800/VIDEO 1526/Joelheira Fitness Ajustável Esportiva Compressão Leve CorridaBike.mp4","3abf3b7bcd5ca5f35e8d01e125ab6ff73af3de8eae6e082f2aa5201959c44bd0","ok","6,895","720","1280","720x1280","vertical","30","h264","aac","2","44100","1840066","1585907",""
"VIDEOS 1500-1800-20260730T124532Z-1-001.zip","1527","Escova De Silicone Vaso Sanitário Base Para Banheiro Privada Com Suporte","VIDEOS 1500-1800/VIDEO 1527/Escova De Silicone Vaso Sanitário Base Para Banheiro Privada Com Suporte.mp4","5fbc1898f7270e1a07b8cd70f8d4d9378b6e583dffdc42a9a609794d59480f51","ok","7,546","720","1280","720x1280","vertical","30","h264","aac","2","44100","1028829","970443",""
"VIDEOS 1500-1800-20260730T124532Z-1-001.zip","1528","Mini Suporte Prateleira Tv Para Monitor Receptor Antena Digital Plataforma Suporte Controle Modem Rack Grande","VIDEOS 1500-1800/VIDEO 1528/Mini Suporte Prateleira Tv Para Monitor Receptor Antena Digital Plataforma Suporte Controle Modem Rack Grande.mp4","cd7d05cdbbf21fd5ebeb6b1bb6cf57109cc592108ef5d9ec5ba84884fc20c5a3","ok","8,126","720","1280","720x1280","vertical","30","h264","aac","2","44100","1374329","1395975",""
"VIDEOS 1500-1800-20260730T124532Z-1-001.zip","1529","Saboneteira – Saboneteira de parede multicamadas giratória, caixa de armazenamento para banheiro, cozinha, geladeira, parede, organizador doméstico","VIDEOS 1500-1800/VIDEO 1529/Saboneteira – Saboneteira de parede multicamadas giratória, caixa de armazenamento para banheiro, cozinha, geladeira, parede, organizador doméstico.mp4","c2f22766bb02310131d34f275a0cf458f61eb93fdaef7e567827abbaa27e80f2","ok","11,748","720","1280","720x1280","vertical","30","h264","aac","2","44100","1635871","2402277",""
"VIDEOS 1500-1800-20260730T124532Z-1-001.zip","1530","SPA PORTATIL BANHEIRA INFLAVEL ADULTO TERMICA PORTATIL QUENTE PISCINA INFANTIL BANHEIRA BEBE PVC VIAGEM E CASA","VIDEOS 1500-1800/VIDEO 1530/SPA PORTATIL BANHEIRA INFLAVEL ADULTO TERMICA PORTATIL QUENTE PISCINA INFANTIL BANHEIRA BEBE PVC VIAGEM E CASA.mp4","c2e2c529a2e7235e53130cc5533e12fbe3fa15e8817abe8f4846cb09312d2fc0","ok","8,149","720","1280","720x1280","vertical","30","h264","aac","2","44100","1679566","1710848",""
"VIDEOS 1500-1800-20260730T124532Z-1-001.zip","1531","Sapateira Safira Branca","VIDEOS 1500-1800/VIDEO 1531/Sapateira Safira Branca.mp4","3cc3bfe7e4d95c7fd46ea6c3d007b99244b6796d38fac1964dcea8e69ab6a0a7","ok","6,245","720","1280","720x1280","vertical","30","h264","aac","2","44100","1380309","1077504",""
"VIDEOS 1500-1800-20260730T124532Z-1-001.zip","1532","Capa Puff Gigante Sem Enchimento 200x80 Pufe Suede","VIDEOS 1500-1800/VIDEO 1532/Capa Puff Gigante Sem Enchimento 200x80 Pufe Suede.mp4","34413ac2a94bc83a2b5c2f2ee289df0f98d3cbfeab5dddc26a4aa1afd902d4d9","ok","11,145","720","1280","720x1280","vertical","30","h264","aac","2","44100","778192","1084120",""
"VIDEOS 1500-1800-20260730T124532Z-1-001.zip","1533","Mochila Bolsa Maternidade Térmica que vira Berço Multifunções Impermeável","VIDEOS 1500-1800/VIDEO 1533/Mochila Bolsa Maternidade Térmica que vira Berço Multifunções Impermeável.mp4","85ebea4a96d1f8e670871079d9de47f2d1e331216742f8d4ced70e42137d9536","ok","13,42","720","1280","720x1280","vertical","30","h264","aac","2","44100","3055906","5126283",""
"VIDEOS 1500-1800-20260730T124532Z-1-001.zip","1534","Kit 5 Sacos A Vacuo 60x50 Organizador Toalhas Roupas","VIDEOS 1500-1800/VIDEO 1534/Kit 5 Sacos A Vacuo 60x50 Organizador Toalhas Roupas.mp4","df896f25d3b251b1558c16b73b4b5fb5e7b3e333993a134cac5e5c5eb088ce31","ok","19,899","720","1280","720x1280","vertical","30","h264","aac","2","44100","2026041","5039524",""
"VIDEOS 1500-1800-20260730T124532Z-1-001.zip","1535","Torneira Do Banheiro Com Flusher Conjunto De Bidet De Banheiro Conjunto De Spray De Bidet","VIDEOS 1500-1800/VIDEO 1535/Torneira Do Banheiro Com Flusher Conjunto De Bidet De Banheiro Conjunto De Spray De Bidet.mp4","df896f25d3b251b1558c16b73b4b5fb5e7b3e333993a134cac5e5c5eb088ce31","ok","19,899","720","1280","720x1280","vertical","30","h264","aac","2","44100","2026041","5039524",""
"VIDEOS 1500-1800-20260730T124532Z-1-001.zip","1536","Mini tubo de jardim portátil mangueira carretel carrinho com pistola de pulverização de água conjunto de armazenamento de casa agrícola jardim terno carrinho de lavagem de carro mangueira","VIDEOS 1500-1800/VIDEO 1536/Mini tubo de jardim portátil mangueira carretel carrinho com pistola de pulverização de água conjunto de armazenamento de casa agrícola jardim terno carrinho de lavagem de carro mangueira.mp4","597b7dea67a728357cdb95dd5695fb5addd1a76294a78bf45b9914935f2c3b44","ok","13,095","720","1280","720x1280","vertical","30","h264","aac","2","44100","1887200","3089111",""
"VIDEOS 1500-1800-20260730T124532Z-1-001.zip","1537","1 Par Piso Poeira Limpeza Mop Chinelos Loor Preguiçoso Pé Meias Mopping Sapatos Microfibra Dust Mops Tampa Absorvente Limpar Cobrir","VIDEOS 1500-1800/VIDEO 1537/1 Par Piso Poeira Limpeza Mop Chinelos Loor Preguiçoso Pé Meias Mopping Sapatos Microfibra Dust Mops Tampa Absorvente Limpar Cobrir.mp4","61ddebe87414f8cdf2d83cb4eba81a6f15687973211b2d2e410b05cd91cca7f9","ok","8,985","720","1280","720x1280","vertical","30","h264","aac","2","44100","2808942","3154793",""
"VIDEOS 1500-1800-20260730T124532Z-1-001.zip","1538","Dobrável cabide de roupas montagem na parede retrátil pano secagem rack interior & outdoor space saving alumínio lavandaria casa varal","VIDEOS 1500-1800/VIDEO 1538/Dobrável cabide de roupas montagem na parede retrátil pano secagem rack interior & outdoor space saving alumínio lavandaria casa varal.mp4","6f0de4880acfb856345cf59ec489a45de8a8817f28757fae4fdb9bc40a6685e8","ok","11,33","720","1280","720x1280","vertical","30","h264","aac","2","44100","2065883","2925807",""
"VIDEOS 1500-1800-20260730T124532Z-1-001.zip","1539","Criativo multi-função sapato rack crianças sapatos criança piso suporte pendurado prateleira sapatos de secagem cabide rack salvar espaço organizador","VIDEOS 1500-1800/VIDEO 1539/Criativo multi-função sapato rack crianças sapatos criança piso suporte pendurado prateleira sapatos de secagem cabide rack salvar espaço organizador.mp4","52883cffa2759324513183b76a72a8d333dc4784485c044d6cab007ed29e3758","ok","9,194","720","1280","720x1280","vertical","30","h264","aac","2","44100","2160082","2482475",""
"VIDEOS 1500-1800-20260730T124532Z-1-001.zip","1540","Auxiliar de Partida Multifuncional 12800mAh 12v Moto Carro KP-TC07A+","VIDEOS 1500-1800/VIDEO 1540/Auxiliar de Partida Multifuncional 12800mAh 12v Moto Carro KP-TC07A+.mp4","a4e0b0e5a511746791e289a9de6b65ad9d1c8da84a3501825b7b29799384482e","ok","14,767","720","1280","720x1280","vertical","30","h264","aac","2","44100","1653226","3051649",""
"VIDEOS 1500-1800-20260730T124532Z-1-001.zip","1541","Tapete Absorvente Antiderrapante Para BanheiroPorta De Entrada","VIDEOS 1500-1800/VIDEO 1541/Tapete Absorvente Antiderrapante Para BanheiroPorta De Entrada.mp4","5266df9751a32abbf369fc7039455198d3a1b11aec42a2955f3daee9202ff85d","ok","16,276","720","1280","720x1280","vertical","30","h264","aac","2","44100","1459257","2968860",""
"VIDEOS 1500-1800-20260730T124532Z-1-001.zip","1542","5 pces rubik cubo fezes combinação casa sofá pequeno banco de fezes empilhamento pode ser armazenado multi-função banco fezes cadeira","VIDEOS 1500-1800/VIDEO 1542/5 pces rubik cubo fezes combinação casa sofá pequeno banco de fezes empilhamento pode ser armazenado multi-função banco fezes cadeira.mp4","4e8ee8a91edcfc1235469162b71dfab0d852ae5d13f908714aa510932fa1b384","ok","13,606","720","1280","720x1280","vertical","30","h264","aac","2","44100","1998434","3398838",""
"VIDEOS 1500-1800-20260730T124532Z-1-001.zip","1544","Lata De Lixo De Parede Com Tampa Para Porta De Armário","VIDEOS 1500-1800/VIDEO 1544/Lata De Lixo De Parede Com Tampa Para Porta De Armário.mp4","2483b81572b24c47b191a9f02b37dde78e2ed7bd1454b4fa4dea90c086fdccf4","ok","19,666","720","1280","720x1280","vertical","30","h264","aac","2","44100","1572663","3866001",""
"VIDEOS 1500-1800-20260730T124532Z-1-001.zip","1545","Portátil Concentrado Moka Pot, Alto Borosilicato De Vidro, Mão Cafeteira, Aparelho De Aço Inoxidável, Household","VIDEOS 1500-1800/VIDEO 1545/Portátil Concentrado Moka Pot, Alto Borosilicato De Vidro, Mão Cafeteira, Aparelho De Aço Inoxidável, Household.mp4","7c4c4523a68d401552d2b8ab9ccfa2aeb215079a238727573f16c23a35b75042","ok","15,765","720","1280","720x1280","vertical","30","h264","aac","2","44100","1577044","3107764",""
"VIDEOS 1500-1800-20260730T124532Z-1-001.zip","1546","Caneta-tinteiro automática Oaso, Nib with a Bottle of Ink, 0,38mm","VIDEOS 1500-1800/VIDEO 1546/Caneta-tinteiro automática Oaso, Nib with a Bottle of Ink, 0,38mm.mp4","653ae8a27dccfa8a8c7c832ccc871c8e6772965c7d3ad3b4562241b98df99084","ok","11,33","720","1280","720x1280","vertical","30","h264","aac","2","44100","1196511","1694559",""
"VIDEOS 1500-1800-20260730T124532Z-1-001.zip","1547","Luminária de Mesa de LED 3D Criativa  Luz Noturna Decorativa urso","VIDEOS 1500-1800/VIDEO 1547/Luminária de Mesa de LED 3D Criativa  Luz Noturna Decorativa urso.mp4","324c5ca4eedb1ca8f08222ad5af66f6a79c3968130d90fc6f1747a90c0b1a32f","ok","13,652","720","1280","720x1280","vertical","30","h264","aac","2","44100","1710641","2919209",""
"VIDEOS 1500-1800-20260730T124532Z-1-001.zip","1548","OATSBASF Mini Portátil Magnético 3 Em 1 Chaveiro De Cabo De Carregamento Para Android Tipo CMicro USBIphone Lightning","VIDEOS 1500-1800/VIDEO 1548/OATSBASF Mini Portátil Magnético 3 Em 1 Chaveiro De Cabo De Carregamento Para Android Tipo CMicro USBIphone Lightning.mp4","bdf1174f84f28dc2dbe22f5504f8f368c0ac4beec2600420a259960ffd945e4c","ok","9,519","720","1280","720x1280","vertical","30","h264","aac","2","44100","1155059","1374377",""
"VIDEOS 1500-1800-20260730T124532Z-1-001.zip","1549","Animais de estimação bonitos dentro de 5kg outcropping para fora pet saco de lona portátil saco de armazenamento para animais de estimação","VIDEOS 1500-1800/VIDEO 1549/Animais de estimação bonitos dentro de 5kg outcropping para fora pet saco de lona portátil saco de armazenamento para animais de estimação.mp4","a92c2fccbab1bff255cdcd8ae355aac014a16f543303b9365bdcd4fbf95b784e","ok","8,173","720","1280","720x1280","vertical","30","h264","aac","2","44100","1741439","1779098",""
"VIDEOS 1500-1800-20260730T124532Z-1-001.zip","1550","Babyliss Sem Fio Modelador De Cachos Automático Profissional","VIDEOS 1500-1800/VIDEO 1550/Babyliss Sem Fio Modelador De Cachos Automático Profissional.mp4","da41519368fbc032b868fa16067d5c372d12092729c4104c91b52f573c027af9","ok","11,748","720","1280","720x1280","vertical","30","h264","aac","2","44100","1982136","2910768",""
"VIDEOS 1500-1800-20260730T124532Z-1-001.zip","1551","Mala de viagem dobrável leve de grande capacidade","VIDEOS 1500-1800/VIDEO 1551/Mala de viagem dobrável leve de grande capacidade.mp4","11446c64daf1d84a0916f2e3eefca40e15211c244db34ee67bd10fc47a56475e","ok","10,843","720","1280","720x1280","vertical","30","h264","aac","2","44100","1624491","2201795",""
"VIDEOS 1500-1800-20260730T124532Z-1-001.zip","1552","Rolo Removedor de pelos pet, Cachorro e gato Pet Rolo!","VIDEOS 1500-1800/VIDEO 1552/Rolo Removedor de pelos pet, Cachorro e gato Pet Rolo!.mp4","ac83b770aa39467dbb28866222ac62a276f319d5580ad88a62fc2e7d21e3d7d3","ok","13,002","720","1280","720x1280","vertical","30","h264","aac","2","44100","1634511","2656490",""
"VIDEOS 1500-1800-20260730T124532Z-1-001.zip","1553","Punch-Free Kitchen Spice Rack Organizer, único Rod, armazenamento de temperos rotativo, triagem prateleira, retrátil, 3 camadas, 1Pc","VIDEOS 1500-1800/VIDEO 1553/Punch-Free Kitchen Spice Rack Organizer, único Rod, armazenamento de temperos rotativo, triagem prateleira, retrátil, 3 camadas, 1Pc.mp4","7bddbe9f09e71fe07b9a9482d787d20b832674de6a147fce6cf01446add34bb9","ok","8,173","720","1280","720x1280","vertical","30","h264","aac","2","44100","1711583","1748597",""
"VIDEOS 1500-1800-20260730T124532Z-1-001.zip","1554","Churrasqueira Inox Maleta Dobrável Portátil Com Grelha Pequena Leve Carvão","VIDEOS 1500-1800/VIDEO 1554/Churrasqueira Inox Maleta Dobrável Portátil Com Grelha Pequena Leve Carvão.mp4","c864c8087917837c1b8f363c499caae23e374ac95739edad47bd580c066d3a38","ok","14,372","720","1280","720x1280","vertical","30","h264","aac","2","44100","2658889","4776695",""
"VIDEOS 1500-1800-20260730T124532Z-1-001.zip","1555","COM OFERTA Fita Antiderrapante Autoadesiva Pisos Escorregadios Escada Banheiro Rampas 50x5m BESTFER","VIDEOS 1500-1800/VIDEO 1555/COM OFERTA Fita Antiderrapante Autoadesiva Pisos Escorregadios Escada Banheiro Rampas 50x5m BESTFER.mp4","2bb41e7a1d355ef32226e6f57adebad3b4c033e32cc01c4dc6d9a7134205773b","ok","11,33","720","1280","720x1280","vertical","30","h264","aac","2","44100","1834897","2598673",""
"VIDEOS 1500-1800-20260730T124532Z-1-001.zip","1556","Caixa de armazenamento de armazenamento de armazenamento de armazenamento de armazenamento de armazenamento de armazenamento de plástico de dobramento transparente","VIDEOS 1500-1800/VIDEO 1556/Caixa de armazenamento de armazenamento de armazenamento de armazenamento de armazenamento de armazenamento de armazenamento de plástico de dobramento transparente.mp4","b3783822c445387fbc8cf2a97f83e696b0e408b3fc13ca54a4d686aa46520930","ok","14,14","720","1280","720x1280","vertical","30","h264","aac","2","44100","1278985","2260607",""
"VIDEOS 1500-1800-20260730T124532Z-1-001.zip","1557","Caixa de plástico dobrável para armazenamento de roupas, caixa de brinquedos, caixa de armazenamento para cosméticos e mesas de mesa","VIDEOS 1500-1800/VIDEO 1557/Caixa de plástico dobrável para armazenamento de roupas, caixa de brinquedos, caixa de armazenamento para cosméticos e mesas de mesa.mp4","b69b456084b02e39f6a3919c9c3dda43bbd56e368ddf07351307b34979cf10bf","ok","16,067","720","1280","720x1280","vertical","30","h264","aac","2","44100","2248297","4515424",""
"VIDEOS 1500-1800-20260730T124532Z-1-001.zip","1558","Copo Portátil Para Bebida Fria Com Suco De Tampa Gelo Gel","VIDEOS 1500-1800/VIDEO 1558/Copo Portátil Para Bebida Fria Com Suco De Tampa Gelo Gel.mp4","3790c35479bbcf5dfde3b0fe94520973fe172114a54414d2de762496054bb14a","ok","6,872","720","1280","720x1280","vertical","30","h264","aac","2","44100","1612833","1385424",""
"VIDEOS 1500-1800-20260730T124532Z-1-001.zip","1559","Gongyu Suicer Extrator De Suco De Imprensa FriaMáquina mokkom mk199 Extratores Frutas","VIDEOS 1500-1800/VIDEO 1559/Gongyu Suicer Extrator De Suco De Imprensa FriaMáquina mokkom mk199 Extratores Frutas.mp4","eb1fac75ab00479023b8d33e4c5c42f8fbf0b73c3d16fbc1ec91d9b389c272b4","ok","10,889","720","1280","720x1280","vertical","30","h264","aac","2","44100","1743263","2372800",""
"VIDEOS 1500-1800-20260730T124532Z-1-001.zip","1560","Capa De Sofa Capa De Almofada Jacquard À Prova D_água Sofá Em Forma De L De Canto De Assento Elástica De Cor Sólida Para Protetor De Mobiliário","VIDEOS 1500-1800/VIDEO 1560/Capa De Sofa Capa De Almofada Jacquard À Prova D_água Sofá Em Forma De L De Canto De Assento Elástica De Cor Sólida Para Protetor De Mobiliário.mp4","e533d62beb38f10a56464d8ba1b13e36c1a9c2ef41ad82d44a29b8eb29dee8e3","ok","11,145","720","1280","720x1280","vertical","30","h264","aac","2","44100","1538302","2143047",""
"VIDEOS 1500-1800-20260730T124532Z-1-001.zip","1561","Cremalheira plástica para o banheiro, prateleira ajustável do armazenamento do estilo nórdico para a economia do espaço, 123 camada, zh309","VIDEOS 1500-1800/VIDEO 1561/Cremalheira plástica para o banheiro, prateleira ajustável do armazenamento do estilo nórdico para a economia do espaço, 123 camada, zh309.mp4","d298f0252a306f44f3de7b728fdfecd3ad35a2e0cb240514c54b97b196a48c35","ok","12,073","720","1280","720x1280","vertical","30","h264","aac","2","44100","1294452","1953491",""
"VIDEOS 1500-1800-20260730T124532Z-1-001.zip","1562","Kit 4 Pinças Coloridas Designer Sobrancelha ProfissionalPessoal","VIDEOS 1500-1800/VIDEO 1562/Kit 4 Pinças Coloridas Designer Sobrancelha ProfissionalPessoal.mp4","642a38059e94bf8ebcd6fcb5e06a4695be6693a73b9559f658546b00ca34b5af","ok","8,962","720","1280","720x1280","vertical","30","h264","aac","2","44100","1831967","2052262",""
"VIDEOS 1500-1800-20260730T124532Z-1-001.zip","1563","Reparo p caixa de luz de tomada  interruptor 4x2","VIDEOS 1500-1800/VIDEO 1563/Reparo p caixa de luz de tomada  interruptor 4x2.mp4","68dc84e8cc2daf85f2922a19b758b54ca48aaa87bbe5ceeb72071449fa338e16","ok","8,173","720","1280","720x1280","vertical","30","h264","aac","2","44100","1680439","1716779",""
"VIDEOS 1500-1800-20260730T124532Z-1-001.zip","1564","Tela Mosquiteira Magnetica Para Janela Com Imã Anti Mosquitos 180x150","VIDEOS 1500-1800/VIDEO 1564/Tela Mosquiteira Magnetica Para Janela Com Imã Anti Mosquitos 180x150.mp4","b1483d23b4a697ba598cc516af3932d74ded8d2e622f53003302d61c91236ac5","ok","16,485","720","1280","720x1280","vertical","30","h264","aac","2","44100","2441809","5031654",""
"VIDEOS 1500-1800-20260730T124532Z-1-001.zip","1565","Prato de secagem rack rack titular organizador de armazenamento tigela placa escorredor condimento prateleira spice rack de armazenamento prateleira da cozinha","VIDEOS 1500-1800/VIDEO 1565/Prato de secagem rack rack titular organizador de armazenamento tigela placa escorredor condimento prateleira spice rack de armazenamento prateleira da cozinha.mp4","d0828b92c5121348757114b47acd85e93d22cc9549aa40e91846a4c654e06d64","ok","11,493","720","1280","720x1280","vertical","30","h264","aac","2","44100","1197561","1720447",""
"VIDEOS 1500-1800-20260730T124532Z-1-001.zip","1566","Joelheira Fitness Ajustável Esportiva Compressão Leve CorridaBike","VIDEOS 1500-1800/VIDEO 1566/Joelheira Fitness Ajustável Esportiva Compressão Leve CorridaBike.mp4","5f3111a2522658a9e826249e3c12f4b129e0de38295d43694fc58a80bcd0ff3f","ok","8,033","720","1280","720x1280","vertical","30","h264","aac","2","44100","2514058","2524429",""
"VIDEOS 1500-1800-20260730T124532Z-1-001.zip","1567","Papel Parede Adesivo Lousa Quadro Negro Preto Fosco Escrever 2M","VIDEOS 1500-1800/VIDEO 1567/Papel Parede Adesivo Lousa Quadro Negro Preto Fosco Escrever 2M.mp4","4d5f0a2fb1c421be517cf904a1dca815ef4c2a4473fdf0227bddb24e5622b2a0","ok","12,491","720","1280","720x1280","vertical","30","h264","aac","2","44100","1120928","1750190",""
"VIDEOS 1500-1800-20260730T124532Z-1-001.zip","1568","Tapete antiderrapante para área, tapete para proteção de piso, lavável e antiderrapante","VIDEOS 1500-1800/VIDEO 1568/Tapete antiderrapante para área, tapete para proteção de piso, lavável e antiderrapante.mp4","ad041e2bf566fe40ec045909da9d3c5d995c5c9558685225a83d702869af3f1b","ok","17,228","720","1280","720x1280","vertical","30","h264","aac","2","44100","2272787","4894447",""
"VIDEOS 1500-1800-20260730T124532Z-1-001.zip","1569","1 Pc Acolchoado Capa De Colchão À Prova D _Água Única Rainha King Size Liso Tingido Colchão Em Relevo Protetor Lençol Equipado","VIDEOS 1500-1800/VIDEO 1569/1 Pc Acolchoado Capa De Colchão À Prova D _Água Única Rainha King Size Liso Tingido Colchão Em Relevo Protetor Lençol Equipado.mp4","c5e53cc7f017f6c6dc72d8522fc8f1a475449defde6e5ffff468218815936111","ok","12,073","720","1280","720x1280","vertical","30","h264","aac","2","44100","1691575","2552799",""
"VIDEOS 1500-1800-20260730T124532Z-1-001.zip","1570","Conjunto de 30 Adesivos de Orelha de Bebê à D_água Protetores Auriculares","VIDEOS 1500-1800/VIDEO 1570/Conjunto de 30 Adesivos de Orelha de Bebê à D_água Protetores Auriculares.mp4","04893ca5b58a92fad7c4ad0fa1eb11e65fc5189db95d11e9fd089bce4bd6e933","ok","7,662","720","1280","720x1280","vertical","30","h264","aac","2","44100","2048912","1962346",""
"VIDEOS 1500-1800-20260730T124532Z-1-001.zip","1571","Secador De Sapatos Com Secagem Rápida E De Para SapatoInfantilAdulto","VIDEOS 1500-1800/VIDEO 1571/Secador De Sapatos Com Secagem Rápida E De Para SapatoInfantilAdulto.mp4","004cd8bce0d182807e966f028095c1de7c07950e358470e5f38e4459b1f2b815","ok","11,352","720","1280","720x1280","vertical","30","h264","aac","2","44100","1466023","2080287",""
"VIDEOS 1500-1800-20260730T124532Z-1-001.zip","1572","Tom Jerry Gato Fofo E Pingente De Boneca De Desenho AnimadoBag Ornamentos","VIDEOS 1500-1800/VIDEO 1572/Tom Jerry Gato Fofo E Pingente De Boneca De Desenho AnimadoBag Ornamentos.mp4","4c89a4a60826bb3ff6e78f25a47e98536196ef2c7aede79364132770317e2ead","ok","22,846","720","1280","720x1280","vertical","30","h264","aac","2","44100","1721862","4917209",""
"VIDEOS 1500-1800-20260730T124532Z-1-001.zip","1573","Botas femininas de cristal, sandálias Bling Bling, salto alto strass Stiletto, sapatos de dedo apontado, verão","VIDEOS 1500-1800/VIDEO 1573/Botas femininas de cristal, sandálias Bling Bling, salto alto strass Stiletto, sapatos de dedo apontado, verão.mp4","0dea7606dabeaccc228d233ed1f360cdfa4b503f5f182c49de18449800e13f2e","ok","6,71","720","1280","720x1280","vertical","30","h264","aac","2","44100","2630229","2206105",""
"VIDEOS 1500-1800-20260730T124532Z-1-001.zip","1574","Prateleira de cozinha multifuncional com porta do armário, armário de armazenamento de vários andares, forno microondas, panela","VIDEOS 1500-1800/VIDEO 1574/Prateleira de cozinha multifuncional com porta do armário, armário de armazenamento de vários andares, forno microondas, panela.mp4","dd90dad058c6eca44af9ed17cac1decd33495df081262aefc603ba5cba67f0ce","ok","8,474","720","1280","720x1280","vertical","30","h264","aac","2","44100","1281015","1356916",""
"VIDEOS 1500-1800-20260730T124532Z-1-001.zip","1575","Almofada Giro Fácil Perfetto Original Posicionamento Pessoa Acamada","VIDEOS 1500-1800/VIDEO 1575/Almofada Giro Fácil Perfetto Original Posicionamento Pessoa Acamada.mp4","0e4e26c68c0bb90632be9ef58ab3abc3a5f179895711a8ead769805c31e370f3","ok","13,072","720","1280","720x1280","vertical","30","h264","aac","2","44100","1856954","3034264",""
"VIDEOS 1500-1800-20260730T124532Z-1-001.zip","1576","Quadro De Corte Antibacteriano De Dupla Face Para De Frutas","VIDEOS 1500-1800/VIDEO 1576/Quadro De Corte Antibacteriano De Dupla Face Para De Frutas.mp4","82aff9ef8c0a7dbc47fbe79dd54c9368378f6bbd8f658ed8e6d57f7210a403f3","ok","14,906","720","1280","720x1280","vertical","30","h264","aac","2","44100","1730770","3224859",""
"VIDEOS 1500-1800-20260730T124532Z-1-001.zip","1577","Secador De Sapatos Com Secagem Rápida E De Para SapatoInfantilAdulto","VIDEOS 1500-1800/VIDEO 1577/Secador De Sapatos Com Secagem Rápida E De Para SapatoInfantilAdulto.mp4","004cd8bce0d182807e966f028095c1de7c07950e358470e5f38e4459b1f2b815","ok","11,352","720","1280","720x1280","vertical","30","h264","aac","2","44100","1466023","2080287",""
"VIDEOS 1500-1800-20260730T124532Z-1-001.zip","1578","Quatro chamas de metal à prova de vento ao ar livre churrasqueira isqueiros de charuto","VIDEOS 1500-1800/VIDEO 1578/Quatro chamas de metal à prova de vento ao ar livre churrasqueira isqueiros de charuto.mp4","bbbc2ac15cc935d1f470db94a3570c89223d076268ddff412004164a79f81c3c","ok","11,841","720","1280","720x1280","vertical","30","h264","aac","2","44100","1680793","2487784",""
"VIDEOS 1500-1800-20260730T124532Z-1-001.zip","1579","1Pcs Escova Giratória De Limpeza De Piso De Cozinha Fenda2 Em 1 Rígido De Cabo Longo Vassoura MágicaJanelas De Banheiro","VIDEOS 1500-1800/VIDEO 1579/1Pcs Escova Giratória De Limpeza De Piso De Cozinha Fenda2 Em 1 Rígido De Cabo Longo Vassoura MágicaJanelas De Banheiro.mp4","0de009c4f0e4b61c753b071de30a15b902c99c319281b8aafe7d0f8319f8d9f5","ok","12,793","720","1280","720x1280","vertical","30","h264","aac","2","44100","1259189","2013602",""
"VIDEOS 1500-1800-20260730T124532Z-1-001.zip","1580","LED ventilador de teto invisível com controle remoto, luz decorativa moderna, lâmina retrátil, pendurado lâmpada, Hom, 42","VIDEOS 1500-1800/VIDEO 1580/LED ventilador de teto invisível com controle remoto, luz decorativa moderna, lâmina retrátil, pendurado lâmpada, Hom, 42.mp4","324e5646729bc332d7847de053f0d90e4fb1c5ec2c50fbefe7f017e4b2ba6dbb","ok","7,731","720","1280","720x1280","vertical","30","h264","aac","2","44100","2132541","2060835",""
"VIDEOS 1500-1800-20260730T124532Z-1-001.zip","1581","BORREY Glass Teapot Set, Automatic Lazy Tea Set, magnético Rotação, Kungfu, resistente ao calor Bule Cristal Vidro, 6 Copos","VIDEOS 1500-1800/VIDEO 1581/BORREY Glass Teapot Set, Automatic Lazy Tea Set, magnético Rotação, Kungfu, resistente ao calor Bule Cristal Vidro, 6 Copos.mp4","c1944ad04fca9be238bd31d97d918b0cca875ae0ff4e166e542bddbf235be29a","ok","23,8","720","1280","720x1280","vertical","30","h264","aac","2","44100","1139189","3389089",""
"VIDEOS 1500-1800-20260730T124532Z-1-001.zip","1582","Wall Mounted Kitchen Shelf, Spice Rack, Multi-funcional Condiment Storage Box, Sem Perfuração, Tempero Box, Alta Capacidade, Novo, 2022","VIDEOS 1500-1800/VIDEO 1582/Wall Mounted Kitchen Shelf, Spice Rack, Multi-funcional Condiment Storage Box, Sem Perfuração, Tempero Box, Alta Capacidade, Novo, 2022.mp4","f22c8ecf7c3dd08f535d51e18b21c60ef9a8ff439d4f804de567b0261299556a","ok","17,832","720","1280","720x1280","vertical","30","h264","aac","2","44100","1584911","3532768",""
"VIDEOS 1500-1800-20260730T124532Z-1-001.zip","1583","Tampa Sanitária Universal EVA À Prova D_água","VIDEOS 1500-1800/VIDEO 1583/Tampa Sanitária Universal EVA À Prova D_água.mp4","7f8c0f617f1bfc18050619f44a21cdd09a6dc8a0ae2c99dc3f45884031b27c6b","ok","11,33","720","1280","720x1280","vertical","30","h264","aac","2","44100","1658552","2348925",""
"VIDEOS 1500-1800-20260730T124532Z-1-001.zip","1584","lyessybl 6 Pares De Protetores Auto-Adesivos Sola Alta De Salto Alto Antiderrapante","VIDEOS 1500-1800/VIDEO 1584/lyessybl 6 Pares De Protetores Auto-Adesivos Sola Alta De Salto Alto Antiderrapante.mp4","b02a3c2573262f54c25f1dc951f11bef4fce24ce03307604e07c564f5035086a","ok","7,197","720","1280","720x1280","vertical","30","h264","aac","2","44100","2285891","2056445",""
"VIDEOS 1500-1800-20260730T124532Z-1-001.zip","1585","Caixa De Medidor Elétrico Para Pintura Decorativa Sem Perfuração Poeira Moderna Minimalista Master Switch","VIDEOS 1500-1800/VIDEO 1585/Caixa De Medidor Elétrico Para Pintura Decorativa Sem Perfuração Poeira Moderna Minimalista Master Switch.mp4","2350fef4262c21ec69eb821892dcb3ad9cfd85743709c6318c3b4c90bdba7570","ok","9,008","720","1280","720x1280","vertical","30","h264","aac","2","44100","1853817","2087398",""
"VIDEOS 1500-1800-20260730T124532Z-1-001.zip","1586","Cooler 2x1 Cool Bar Branco 42 Latas Keter","VIDEOS 1500-1800/VIDEO 1586/Cooler 2x1 Cool Bar Branco 42 Latas Keter.mp4","37d80b2109641f38cd39f457b70950bf87ff0d228f6e864f473f213838083919","ok","11,33","720","1280","720x1280","vertical","30","h264","aac","2","44100","1375695","1948329",""
"VIDEOS 1500-1800-20260730T124532Z-1-001.zip","1587","Caixa de Plantação de Flores do Jardim Vasos Varanda Sulcos Vegetais Kit Caixa de Plantador, Calha de Plantação Emendada para Telhado e Jardim de Pátio","VIDEOS 1500-1800/VIDEO 1587/Caixa de Plantação de Flores do Jardim Vasos Varanda Sulcos Vegetais Kit Caixa de Plantador, Calha de Plantação Emendada para Telhado e Jardim de Pátio.mp4","3f946d31ce4e8d456bd6a66a6e72f7d44eb218bb086d51d864a48b045c54d899","ok","8,428","720","1280","720x1280","vertical","30","h264","aac","2","44100","2352341","2478192",""
"VIDEOS 1500-1800-20260730T124532Z-1-001.zip","1588","Cabide para Calças Organizador Múltiplo Inox 5 espaços","VIDEOS 1500-1800/VIDEO 1588/Cabide para Calças Organizador Múltiplo Inox 5 espaços.mp4","6d7d9ab307be5f57b4e07c16b74b27b2c68c5bb46b911ee58f34263e97daf9a8","ok","11,981","720","1280","720x1280","vertical","30","h264","aac","2","44100","1712046","2564004",""
"VIDEOS 1500-1800-20260730T124532Z-1-001.zip","1589","Novos Cadarços Fechadura Magnética Elástico Nenhuma Gravata Laços Tênis Cadarço Crianças Adulto Rainbow Lock One Size Fits All Shoes","VIDEOS 1500-1800/VIDEO 1589/Novos Cadarços Fechadura Magnética Elástico Nenhuma Gravata Laços Tênis Cadarço Crianças Adulto Rainbow Lock One Size Fits All Shoes.mp4","3866fd8304bcf75e9686277f1d476864da143dd58ce4050d91aab4fe790ad12d","ok","9,705","720","1280","720x1280","vertical","30","h264","aac","2","44100","2235251","2711640",""
"VIDEOS 1500-1800-20260730T124532Z-1-001.zip","1590","3 Cor Regulável Cat Eye Light Strip Desk Lamp LED Sensor De Movimento Luz Recarregável USB Cozinha Armário Roupeiro Lâmpada 203040 Cm","VIDEOS 1500-1800/VIDEO 1590/3 Cor Regulável Cat Eye Light Strip Desk Lamp LED Sensor De Movimento Luz Recarregável USB Cozinha Armário Roupeiro Lâmpada 203040 Cm.mp4","148dc727f7441c2e79a718509d96d0128d16425af2767da76b4b9dc956ba5890","ok","14,395","720","1280","720x1280","vertical","30","h264","aac","2","44100","1306682","2351212",""
"VIDEOS 1500-1800-20260730T124532Z-1-001.zip","1591","Rato de ar sem fio portátil inteligente mouse ferramenta apresentação mouse design criativo mouse para o escritório & casa cheerpod","VIDEOS 1500-1800/VIDEO 1591/Rato de ar sem fio portátil inteligente mouse ferramenta apresentação mouse design criativo mouse para o escritório & casa cheerpod.mp4","e5ce6cdf35bfd476d91fa66ed017b1d6b77965b7d22ac715f265b8906412b334","ok","9,542","720","1280","720x1280","vertical","30","h264","aac","2","44100","1135332","1354168",""
"VIDEOS 1500-1800-20260730T124532Z-1-001.zip","1592","Porta Cortina Box Varão Universal De Banheiro Se Estende de 1,10m até 2,00m Grande e Forte","VIDEOS 1500-1800/VIDEO 1592/Porta Cortina Box Varão Universal De Banheiro Se Estende de 1,10m até 2,00m Grande e Forte.mp4","63c4b46be1d2afbade3feffa078595c6cfda2dcc21b304ce0c44cba5ec2f5f6e","ok","7,104","720","1280","720x1280","vertical","30","h264","aac","2","44100","1384581","1229508",""
"VIDEOS 1500-1800-20260730T124532Z-1-001.zip","1593","Ita 1 Conjunto De Rack Ajustável De Armazenamento De Armário De Cozinha Pia Do Banheiro Rack De Armazenamento Rack Telescópica","VIDEOS 1500-1800/VIDEO 1593/Ita 1 Conjunto De Rack Ajustável De Armazenamento De Armário De Cozinha Pia Do Banheiro Rack De Armazenamento Rack Telescópica.mp4","6469adb0b901305dbd2a23b701610cfa7031be7ffc1355bd9f2260f93e440ebf","ok","9,008","720","1280","720x1280","vertical","30","h264","aac","2","44100","1421175","1600244",""
"VIDEOS 1500-1800-20260730T124532Z-1-001.zip","1594","Tábua de corte 2 em 1 Inox e Plástico antibacteriano com suporte vertical","VIDEOS 1500-1800/VIDEO 1594/Tábua de corte 2 em 1 Inox e Plástico antibacteriano com suporte vertical.mp4","d7f7ee961de94646364d829aff1d552a3be8dc6684fe9505c05b16c9c3fa30c9","ok","9,728","720","1280","720x1280","vertical","30","h264","aac","2","44100","1424615","1732333",""
"VIDEOS 1500-1800-20260730T124532Z-1-001.zip","1595","Soaiy sh19 gaming alto-falante bluetooth rgb para pc computador soundbar 3d surround 30 w de alta potência sem fio coluna portátil subwoofer boombox centro de música home theater áudio portátil pc","VIDEOS 1500-1800/VIDEO 1595/Soaiy sh19 gaming alto-falante bluetooth rgb para pc computador soundbar 3d surround 30 w de alta potência sem fio coluna portátil subwoofer boombox centro de música home theater áudio portátil pc.mp4","7b01d2810c7097587dbfc871011a75a69f486892e67267c51285cf089f937520","ok","12,166","720","1280","720x1280","vertical","30","h264","aac","2","44100","1707725","2597023",""
"VIDEOS 1500-1800-20260730T124532Z-1-001.zip","1596","Prateleira Suporte Ajustável Dvd Antena Monitor Roteador 21cm","VIDEOS 1500-1800/VIDEO 1596/Prateleira Suporte Ajustável Dvd Antena Monitor Roteador 21cm.mp4","9ff949dc22248cebf9ae6ac786d20d08c5dcd3e1cf2bec780ec17766cbd0a9b3","ok","10,796","720","1280","720x1280","vertical","30","h264","aac","2","44100","1291592","1743004",""
"VIDEOS 1500-1800-20260730T124532Z-1-001.zip","1597","Churrasqueira elétrica sem fumaça, 2 em 1, Forno de churrasco a carvão, panela para uso doméstico, uso ao ar livre, 3-4 pessoa","VIDEOS 1500-1800/VIDEO 1597/Churrasqueira elétrica sem fumaça, 2 em 1, Forno de churrasco a carvão, panela para uso doméstico, uso ao ar livre, 3-4 pessoa.mp4","8e69f0577c730f3dcef1c198cba0b26c5d79d9279fc67eff06aa27edbc2d35c2","ok","6,152","720","1280","720x1280","vertical","30","h264","aac","2","44100","2417973","1859422",""
"VIDEOS 1500-1800-20260730T124532Z-1-001.zip","1598","5PCS Escama De Peixe De Limpeza Pano De Microfibra Casa Anti-Graxa Super Absorvente Toalha Da Cozinha","VIDEOS 1500-1800/VIDEO 1598/5PCS Escama De Peixe De Limpeza Pano De Microfibra Casa Anti-Graxa Super Absorvente Toalha Da Cozinha.mp4","b41ed57c334eac56853b4a1011781375cf00bc73b5a4047c4015d2d87681c20e","ok","10,169","720","1280","720x1280","vertical","30","h264","aac","2","44100","2078919","2642567",""
"VIDEOS 1500-1800-20260730T124532Z-1-001.zip","1599","1pcs Cozinha Cable Wire Cord Organizer Winder Cable Management Clip para Air Fryer Eletrodomésticos de cozinha","VIDEOS 1500-1800/VIDEO 1599/1pcs Cozinha Cable Wire Cord Organizer Winder Cable Management Clip para Air Fryer Eletrodomésticos de cozinha.mp4","03495c8eb5003f43142b2ce3489b72f0ec490cb1456befeb8e274dadd0da215d","ok","12,166","720","1280","720x1280","vertical","30","h264","aac","2","44100","1373996","2089505",""
"VIDEOS 1500-1800-20260730T124532Z-1-001.zip","1600","Deepwhite - Creme De Reparo De Parede Mágica Universal Big Pack 250g","VIDEOS 1500-1800/VIDEO 1600/Deepwhite - Creme De Reparo De Parede Mágica Universal Big Pack 250g.mp4","ffb9896599bf9c876374c6f898130c512a972890eb390f2072f389f247b5f2ed","ok","9,96","720","1280","720x1280","vertical","30","h264","aac","2","44100","1583972","1972046",""
"VIDEOS 1500-1800-20260730T124532Z-1-001.zip","1601","Muleta de liga de alumínio engrossada com assento multi-funcional antiderrapante idosos bengala portátil dobrável ímã massagem fezes","VIDEOS 1500-1800/VIDEO 1601/Muleta de liga de alumínio engrossada com assento multi-funcional antiderrapante idosos bengala portátil dobrável ímã massagem fezes.mp4","c8e6aab2b7bd3268d2f67746480e066c5fc85c5ccc0f1ad1fa25767947be02c5","ok","10,077","720","1280","720x1280","vertical","30","h264","aac","2","44100","2389319","3009647",""
"VIDEOS 1500-1800-20260730T124532Z-1-001.zip","1602","Sofa Inflavel Preguicoso Camping Praia Saco De Dormir Cama Portatil de Acampamento","VIDEOS 1500-1800/VIDEO 1602/Sofa Inflavel Preguicoso Camping Praia Saco De Dormir Cama Portatil de Acampamento.mp4","3051d02fb872534f166a80d85129988d7c1f91732bb267f4ec218f317a9dbf2e","ok","15,255","720","1280","720x1280","vertical","30","h264","aac","2","44100","1949060","3716615",""
"VIDEOS 1500-1800-20260730T124532Z-1-001.zip","1603","À prova de óleo impermeável adesivos de parede decorações de cozinha antifouling e resistente a alta temperatura de alumínio papéis de parede casa filme","VIDEOS 1500-1800/VIDEO 1603/À prova de óleo impermeável adesivos de parede decorações de cozinha antifouling e resistente a alta temperatura de alumínio papéis de parede casa filme.mp4","667ab4d7aaa4ab76f5674123c844074418b235aa39c9d9c3a19fefaa705b3c90","ok","13,861","720","1280","720x1280","vertical","30","h264","aac","2","44100","1925695","3336508",""
"VIDEOS 1500-1800-20260730T124532Z-1-001.zip","1604","Original Fresh Juice Mini Liquidificador Portátil Elétrico Copo Liquidificador Portatil Recarregável USB Sem Fio Base","VIDEOS 1500-1800/VIDEO 1604/Original Fresh Juice Mini Liquidificador Portátil Elétrico Copo Liquidificador Portatil Recarregável USB Sem Fio Base.mp4","8d2f38dd51601f56f841de473ca50f64c3742a8ef40c212a008e4e63c30cb835","ok","10,587","720","1280","720x1280","vertical","30","h264","aac","2","44100","1288185","1704752",""
"VIDEOS 1500-1800-20260730T124532Z-1-001.zip","1605","Protetor De Sapato Calçado Silicone Impermeável Para Chuva Antiderrapante Capa Para Tênis","VIDEOS 1500-1800/VIDEO 1605/Protetor De Sapato Calçado Silicone Impermeável Para Chuva Antiderrapante Capa Para Tênis.mp4","171fa95d85376206f990ab54c41f33b534be8281e2e991f749fa8de7710f9eed","ok","14,372","720","1280","720x1280","vertical","30","h264","aac","2","44100","3070816","5516722",""
"VIDEOS 1500-1800-20260730T124532Z-1-001.zip","1606","Tapetes de Cozinha Jogo c 3 Peças Antiderrapante e Antibactérias, Antimofo","VIDEOS 1500-1800/VIDEO 1606/Tapetes de Cozinha Jogo c 3 Peças Antiderrapante e Antibactérias, Antimofo.mp4","8ac5c2c60225c6cc84ff2f5576206b244a48230a742b283922e089820104e0c7","ok","15,046","720","1280","720x1280","vertical","30","h264","aac","2","44100","1570423","2953574",""
"VIDEOS 1500-1800-20260730T124532Z-1-001.zip","1607","【 lua 】 Spring Batente Inovador De Portas Properly Hold Sua Cunha Aberta Da Porta","VIDEOS 1500-1800/VIDEO 1607/【 lua 】 Spring Batente Inovador De Portas Properly Hold Sua Cunha Aberta Da Porta.mp4","de4120c27d77679bb1a0cbdf3a242eff972d6ab3e9d9bc3245ed7efcedb471e7","ok","6,686","720","1280","720x1280","vertical","30","h264","aac","2","44100","1358864","1135671",""
"VIDEOS 1500-1800-20260730T124532Z-1-001.zip","1608","Rack De Armazenamento De Plástico para Gel De Banho, Acessórios Do Banheiro, Prateleiras Azuis, Toalha Shampoo Organizer","VIDEOS 1500-1800/VIDEO 1608/Rack De Armazenamento De Plástico para Gel De Banho, Acessórios Do Banheiro, Prateleiras Azuis, Toalha Shampoo Organizer.mp4","59f29d7cd6d52952a450af84a8dcbb6261bb12b25a50945792035655c609824e","ok","13,536","720","1280","720x1280","vertical","30","h264","aac","2","44100","1321484","2235951",""
"VIDEOS 1500-1800-20260730T124532Z-1-001.zip","1609","Almofada Massageadora Shiatsu terapia japonesa 847","VIDEOS 1500-1800/VIDEO 1609/Almofada Massageadora Shiatsu terapia japonesa 847.mp4","4c717c2001fce58b5abbca1b51b0d960270a7595ed23228cf063e65bda20aaf6","ok","6,338","720","1280","720x1280","vertical","30","h264","aac","2","44100","2043313","1618815",""
"VIDEOS 1500-1800-20260730T124532Z-1-001.zip","1610","Ajustável Organizador Do Armário De Armazenamento Prateleira Space-Saving Cozinha Roupeiro Prateleiras Titulares","VIDEOS 1500-1800/VIDEO 1610/Ajustável Organizador Do Armário De Armazenamento Prateleira Space-Saving Cozinha Roupeiro Prateleiras Titulares.mp4","b4c78b2ba9ce07ff91aa98fcf7a706cde46c3dc827baa4b2b19949266a61431e","ok","7,174","720","1280","720x1280","vertical","30","h264","aac","2","44100","1861596","1669387",""
"VIDEOS 1500-1800-20260730T124532Z-1-001.zip","1611","Deli . 8591A Mini Grampo De Metal Para Fichário De ArquivoDocumentosFerramenta Multifuncional","VIDEOS 1500-1800/VIDEO 1611/Deli . 8591A Mini Grampo De Metal Para Fichário De ArquivoDocumentosFerramenta Multifuncional.mp4","0cd720d942363af3c7fcc994db19374d4944e771b7cff1f82f342f2370a00490","ok","25,564","720","1280","720x1280","vertical","30","h264","aac","2","44100","1312588","4194375",""
"VIDEOS 1500-1800-20260730T124532Z-1-001.zip","1612","1Pc Quilted Embossed Mattress Protector Single Qieen King Size Sunflower Pattern Fittrf Sheet Mattress Cover","VIDEOS 1500-1800/VIDEO 1612/1Pc Quilted Embossed Mattress Protector Single Qieen King Size Sunflower Pattern Fittrf Sheet Mattress Cover.mp4","33221b65f5966ca93bf2b7996686c9b37230074c9aa2d35e0a58f6fa91f5a786","ok","11,493","720","1280","720x1280","vertical","30","h264","aac","2","44100","1877208","2696844",""
"VIDEOS 1500-1800-20260730T124532Z-1-001.zip","1613","Placa Reparo Consertar Dobradiça Armário Móveis Mdf","VIDEOS 1500-1800/VIDEO 1613/Placa Reparo Consertar Dobradiça Armário Móveis Mdf.mp4","8a4e9c0dcbc75b446ebd7ede4ae2f8f1992c827d0b578c6099eb1a2114c425cf","ok","9,31","720","1280","720x1280","vertical","30","h264","aac","2","44100","1384100","1610747",""
"VIDEOS 1500-1800-20260730T124532Z-1-001.zip","1614","Cabides 3d para roupas rack de secagem multi-port suporte multifuncional roupas sapatos de secagem rápida rotativo cabide organizador do armário","VIDEOS 1500-1800/VIDEO 1614/Cabides 3d para roupas rack de secagem multi-port suporte multifuncional roupas sapatos de secagem rápida rotativo cabide organizador do armário.mp4","b81c440edabcf462118d634cf876b4bbe7a2f00357e3f6eb0bc03c1add7e3cdc","ok","16,462","720","1280","720x1280","vertical","30","h264","aac","2","44100","1730076","3560065",""
"VIDEOS 1500-1800-20260730T124532Z-1-001.zip","1615","Capa Para Cadeira de Escritório Assento e Encosto - Várias Cores","VIDEOS 1500-1800/VIDEO 1615/Capa Para Cadeira de Escritório Assento e Encosto - Várias Cores.mp4","827c9670b6a521472509c178d78f44ef3eb045655cc691efeb1da57cfeb21ad1","ok","8,265","720","1280","720x1280","vertical","30","h264","aac","2","44100","1903667","1966727",""
"VIDEOS 1500-1800-20260730T124532Z-1-001.zip","1616","Kit 6 Cabides Dobrável Multiuso Adulto Infantil Organização Armário","VIDEOS 1500-1800/VIDEO 1616/Kit 6 Cabides Dobrável Multiuso Adulto Infantil Organização Armário.mp4","0e5030e4fbea273b6f0daca5797d97365f6360ca78b056d471e8a55e0dc7ab72","ok","10,889","720","1280","720x1280","vertical","30","h264","aac","2","44100","2073146","2821811",""
"VIDEOS 1500-1800-20260730T124532Z-1-001.zip","1617","(YBO) Kit De Aparelho Elétrico Portátil Para Trança De Torção","VIDEOS 1500-1800/VIDEO 1617/(YBO) Kit De Aparelho Elétrico Portátil Para Trança De Torção.mp4","73facf845c38877668bef1e0d05c62f61928d9a2a89d2a90c1828b4639dca455","ok","6,57","720","1280","720x1280","vertical","30","h264","aac","2","44100","1536063","1261492",""
"VIDEOS 1500-1800-20260730T124532Z-1-001.zip","1618","Escova De Dentes Adulto Com Três Cabeças  3 Lados  Escova De Dentes Ultrafina Com Cerdas Macias","VIDEOS 1500-1800/VIDEO 1618/Escova De Dentes Adulto Com Três Cabeças  3 Lados  Escova De Dentes Ultrafina Com Cerdas Macias.mp4","3e5a79e8d3e980b944a8b95b85007f9b572b0973f9b492ef95b6ce1a949add79","ok","14,488","720","1280","720x1280","vertical","30","h264","aac","2","44100","1451612","2628871",""
"VIDEOS 1500-1800-20260730T124532Z-1-001.zip","1619","10 Pares De Óculos Redondos Antiderrapantes De SiliconePrevenir O Escorregamento Dos Retentor EsportivoGancho De Orelha Para PernasCapa Redonda","VIDEOS 1500-1800/VIDEO 1619/10 Pares De Óculos Redondos Antiderrapantes De SiliconePrevenir O Escorregamento Dos Retentor EsportivoGancho De Orelha Para PernasCapa Redonda.mp4","d5f0397af63e499a474beca82b1f2e25b5f37283c9bb7ed4e44839868d2011bb","ok","7,406","720","1280","720x1280","vertical","30","h264","aac","2","44100","1337044","1237769",""
"VIDEOS 1500-1800-20260730T124532Z-1-001.zip","1620","Chuveiro elétrico spray de água, brinquedos kawaii, caracol, urso, robô, modelo, aspersor para crianças, bebê, banheiro, torneira","VIDEOS 1500-1800/VIDEO 1620/Chuveiro elétrico spray de água, brinquedos kawaii, caracol, urso, robô, modelo, aspersor para crianças, bebê, banheiro, torneira.mp4","f7ba8beb6fa813249d4c0b0400fd3a70f5a297bbbd5314cb59d284f5083a6538","ok","7,012","720","1280","720x1280","vertical","30","h264","aac","2","44100","1597536","1400241",""
"VIDEOS 1500-1800-20260730T124532Z-1-001.zip","1621","Conjunto Lavanderia Cesto Organizador Portátil Viena triplo Branco","VIDEOS 1500-1800/VIDEO 1621/Conjunto Lavanderia Cesto Organizador Portátil Viena triplo Branco.mp4","381c9d542ec2dc8dcaac209e32b2fa128ca2200c92b2a32d37d6c4384f648b86","ok","9,194","720","1280","720x1280","vertical","30","h264","aac","2","44100","1843163","2118256",""
"VIDEOS 1500-1800-20260730T124532Z-1-001.zip","1622","10m Super Fita Adesiva Dupla Face Nano MáGica LaváVel ReutilizáVel Transparente ImpermeáVel Fita Dupla Face Para Prender Tapetes","VIDEOS 1500-1800/VIDEO 1622/10m Super Fita Adesiva Dupla Face Nano MáGica LaváVel ReutilizáVel Transparente ImpermeáVel Fita Dupla Face Para Prender Tapetes.mp4","e7e2eca06617802a427146d3991c2d03d257da12291f14ea4d48546608e8b628","ok","17,762","720","1280","720x1280","vertical","30","h264","aac","2","44100","1661066","3687982",""
"VIDEOS 1500-1800-20260730T124532Z-1-001.zip","1623","MIUI-Extrator de Imprensa Fria, Juicer Lento, Sem Filtro, Lavagem Fácil, Máquina Elétrica Juicer De Frutas, Calibre Grande, Modle-Prime, Parafuso 7LV","VIDEOS 1500-1800/VIDEO 1623/MIUI-Extrator de Imprensa Fria, Juicer Lento, Sem Filtro, Lavagem Fácil, Máquina Elétrica Juicer De Frutas, Calibre Grande, Modle-Prime, Parafuso 7LV.mp4","6387d03b81e5432f904836791c32922f2db3a7498eb1f488030e3d0b9e4f5e59","ok","18,273","720","1280","720x1280","vertical","30","h264","aac","2","44100","1443451","3297023",""
"VIDEOS 1500-1800-20260730T124532Z-1-001.zip","1624","MIUI-Extrator de Imprensa Fria, Juicer Lento, Sem Filtro, Lavagem Fácil, Máquina Elétrica Juicer De Frutas, Calibre Grande, Modle-Prime, Parafuso 7LV","VIDEOS 1500-1800/VIDEO 1624/MIUI-Extrator de Imprensa Fria, Juicer Lento, Sem Filtro, Lavagem Fácil, Máquina Elétrica Juicer De Frutas, Calibre Grande, Modle-Prime, Parafuso 7LV.mp4","6387d03b81e5432f904836791c32922f2db3a7498eb1f488030e3d0b9e4f5e59","ok","18,273","720","1280","720x1280","vertical","30","h264","aac","2","44100","1443451","3297023",""
"VIDEOS 1500-1800-20260730T124532Z-1-001.zip","1625","Corretor de postura Esponja macia ajustável em altura Proteção para os olhos Corretor de postura de escritório Antiderrapante para uso doméstico","VIDEOS 1500-1800/VIDEO 1625/Corretor de postura Esponja macia ajustável em altura Proteção para os olhos Corretor de postura de escritório Antiderrapante para uso doméstico.mp4","323ab97dd46a091b78546e4ae67739f2d7463e5215f60ead360fa87db19a821f","ok","7,429","720","1280","720x1280","vertical","30","h264","aac","2","44100","1659286","1540855",""
"VIDEOS 1500-1800-20260730T124532Z-1-001.zip","1626","Meia-Calça P-4GG Térmica Forrada Peluciada Translúcida Inverno Quente Plus size Legging","VIDEOS 1500-1800/VIDEO 1626/Meia-Calça P-4GG Térmica Forrada Peluciada Translúcida Inverno Quente Plus size Legging.mp4","7994539445b4a06f88597d73e81c5a7e828f03c48bdf01279f8a9ca1ea4677ef","ok","15,44","720","1280","720x1280","vertical","30","h264","aac","2","44100","1302379","2513592",""
"VIDEOS 1500-1800-20260730T124532Z-1-001.zip","1627","Colmeia OrganizadorDe ArmárioCaixa De Armazenamento Dobrável Para Meias","VIDEOS 1500-1800/VIDEO 1627/Colmeia OrganizadorDe ArmárioCaixa De Armazenamento Dobrável Para Meias.mp4","275d8c2662082b3625bc4d4638926b5964b16278c8b15eb824d8c7070fbc4b48","ok","15,673","720","1280","720x1280","vertical","30","h264","aac","2","44100","1806596","3539349",""
"VIDEOS 1500-1800-20260730T124532Z-1-001.zip","1628","Universal Leopard Car Phone Holder, Ajustável Dashboard Mount Clip, Telefone inteligente móvel, GPS Stand Bracket, Todo o telefone","VIDEOS 1500-1800/VIDEO 1628/Universal Leopard Car Phone Holder, Ajustável Dashboard Mount Clip, Telefone inteligente móvel, GPS Stand Bracket, Todo o telefone.mp4","d3474598f632755a39e4448257d75773c75335a646f00912088a7be3cdfa3e63","ok","9,937","720","1280","720x1280","vertical","30","h264","aac","2","44100","1608703","1998211",""
"VIDEOS 1500-1800-20260730T124532Z-1-001.zip","1629","Triturador Picador E Fatiador De Alho Por Pressão Cozinha","VIDEOS 1500-1800/VIDEO 1629/Triturador Picador E Fatiador De Alho Por Pressão Cozinha.mp4","507a76807ad869b431b52c6a87e8dbbe31cb4e8abcb0fb22c9b88714c957ee9c","ok","7,801","720","1280","720x1280","vertical","30","h264","aac","2","44100","1426259","1390781",""
"VIDEOS 1500-1800-20260730T124532Z-1-001.zip","1630","CLISPEED Sapatos de Viagem Saco de Classificação de Sapato Bolsa de Sapatos de Viagem Titular Sacos de Sapatos à Prova de Poeira para O Escritório de Viagens Em Casa","VIDEOS 1500-1800/VIDEO 1630/CLISPEED Sapatos de Viagem Saco de Classificação de Sapato Bolsa de Sapatos de Viagem Titular Sacos de Sapatos à Prova de Poeira para O Escritório de Viagens Em Casa.mp4","e74b9a9aec2cd690a61d343aba682e5872aabda87bafbd8f0ea81da1e50efbda","ok","6,895","720","1280","720x1280","vertical","30","h264","aac","2","44100","1795016","1547080",""
"VIDEOS 1500-1800-20260730T124532Z-1-001.zip","1631","Pau De Selfie Sem Fio Compatível Com Bluetooth Tripé Dobrável LED Para Celular Android Live","VIDEOS 1500-1800/VIDEO 1631/Pau De Selfie Sem Fio Compatível Com Bluetooth Tripé Dobrável LED Para Celular Android Live.mp4","3853e067c3e31cf28197b5e6c2bb0dcbf0c9119562ea9e709ac0a5a99a2cc1f9","ok","13,745","720","1280","720x1280","vertical","30","h264","aac","2","44100","3081406","5294242",""
"VIDEOS 1500-1800-20260730T124532Z-1-001.zip","1632","12 unidadescadarços de silicone redondos sem laços de sapato elástico especial","VIDEOS 1500-1800/VIDEO 1632/12 unidadescadarços de silicone redondos sem laços de sapato elástico especial.mp4","0acd10e6a5601ac2b22a8fe56a336ee6fec6e1bc4a375924ed999267a75231fd","ok","11,609","720","1280","720x1280","vertical","30","h264","aac","2","44100","2281158","3310246",""
"VIDEOS 1500-1800-20260730T124532Z-1-001.zip","1633","Novo design de espaço pessoal, maneira rápida e fácil de resfriar o ar condicionado, refrigerador para mesa de casa e escritório","VIDEOS 1500-1800/VIDEO 1633/Novo design de espaço pessoal, maneira rápida e fácil de resfriar o ar condicionado, refrigerador para mesa de casa e escritório.mp4","273ad3a8a787814da14778a8dbc18b38f3a7d5cfbfb075930c21fd8ed46e5625","ok","13,42","720","1280","720x1280","vertical","30","h264","aac","2","44100","1270997","2132098",""
"VIDEOS 1500-1800-20260730T124532Z-1-001.zip","1634","Cesto Suspenso Multi-Camada Para Guarda-RoupaOrganizador Organização","VIDEOS 1500-1800/VIDEO 1634/Cesto Suspenso Multi-Camada Para Guarda-RoupaOrganizador Organização.mp4","9dad55037578e55394964ffc176836b3b1a788a3c2b7beddcc0c72c3bfb6ba35","ok","9,496","720","1280","720x1280","vertical","30","h264","aac","2","44100","2043009","2425052",""
"VIDEOS 1500-1800-20260730T124532Z-1-001.zip","1635","Kit 4 Protetor De Silicone Para Borda e Quina De Mesa","VIDEOS 1500-1800/VIDEO 1635/Kit 4 Protetor De Silicone Para Borda e Quina De Mesa.mp4","9cdf008b977134bf4296c018c34deca70101f450e0fcac5c5edd15a119817aad","ok","15,765","720","1280","720x1280","vertical","30","h264","aac","2","44100","1631945","3215953",""
"VIDEOS 1500-1800-20260730T124532Z-1-001.zip","1636","Pickles jar dispensador seco e molhado pickles e azeitonas ampulheta jar recipiente para cozinha em casa que faz o separador de suco 2022","VIDEOS 1500-1800/VIDEO 1636/Pickles jar dispensador seco e molhado pickles e azeitonas ampulheta jar recipiente para cozinha em casa que faz o separador de suco 2022.mp4","c88cfbed49155c6543f5a0917d542596bbae7ae82edbf5e2f9d74f2f7b8df6a8","ok","10,123","720","1280","720x1280","vertical","30","h264","aac","2","44100","2634743","3333938",""
"VIDEOS 1500-1800-20260730T124532Z-1-001.zip","1637","3 Em 1 Retrátil Usb Micro Tipo C Cabo De Carga Usb Powerbank Para O Telefone Inteligente Com Suporte Do Telefone Cabo De Carregamento De Dados","VIDEOS 1500-1800/VIDEO 1637/3 Em 1 Retrátil Usb Micro Tipo C Cabo De Carga Usb Powerbank Para O Telefone Inteligente Com Suporte Do Telefone Cabo De Carregamento De Dados.mp4","2597870f3398e4fc9121149b235c4de1f03c75fcafb86371bd3bae7b46b74ad0","ok","20,038","720","1280","720x1280","vertical","30","h264","aac","2","44100","1303651","3265320",""
"VIDEOS 1500-1800-20260730T124532Z-1-001.zip","1638","Descontaminação separação mop handhold mop secagem rápida um arrasto limpo molhado e seco duplo-uso preguiçoso esfregar mop rotativo","VIDEOS 1500-1800/VIDEO 1638/Descontaminação separação mop handhold mop secagem rápida um arrasto limpo molhado e seco duplo-uso preguiçoso esfregar mop rotativo.mp4","bb0604ba021fe7f93426a0bbe31cbbeca3f4b53f1c5f30e1890fb1e0d90775f2","ok","26,818","720","1280","720x1280","vertical","30","h264","aac","2","44100","1538114","5156145",""
"VIDEOS 1500-1800-20260730T124532Z-1-001.zip","1639","Kit 04 Peças Suporte Pé Para Maquina de Lavar Lava Louças Geladeira Fogão Sofá Mesa e Muito Mais","VIDEOS 1500-1800/VIDEO 1639/Kit 04 Peças Suporte Pé Para Maquina de Lavar Lava Louças Geladeira Fogão Sofá Mesa e Muito Mais.mp4","696db9a6116eb9bdd85f4a8a3d2bb662636a6fc80356139ba88c81fcca1c41b9","ok","11,493","720","1280","720x1280","vertical","30","h264","aac","2","44100","1273781","1829947",""
"VIDEOS 1500-1800-20260730T124532Z-1-001.zip","1640","Suporte De Escova De Dentes Invertido De Adsorção Magnética Duplo Espremedor De Pasta De Dente Automático Rack De Armazenamento Acessórios De Banheiro","VIDEOS 1500-1800/VIDEO 1640/Suporte De Escova De Dentes Invertido De Adsorção Magnética Duplo Espremedor De Pasta De Dente Automático Rack De Armazenamento Acessórios De Banheiro.mp4","1f77d3e97e306f201bfd529411c7053b687a063db5fbcc9a6852b18b80cd15ff","ok","18,807","720","1280","720x1280","vertical","30","h264","aac","2","44100","1434554","3372458",""
"VIDEOS 1500-1800-20260730T124532Z-1-001.zip","1641","Mini Máquina De Lavar Roupa Turbo Portátil Dobrável Lavadora Ultra-Sônica Com Secadora De Baldes Para MeiasInteriorBra","VIDEOS 1500-1800/VIDEO 1641/Mini Máquina De Lavar Roupa Turbo Portátil Dobrável Lavadora Ultra-Sônica Com Secadora De Baldes Para MeiasInteriorBra.mp4","c71f99178a897bc02e69b0d82373e3dcf5294be6b5d95023c3048d2e816e9404","ok","7,94","720","1280","720x1280","vertical","30","h264","aac","2","44100","1445574","1434733",""
"VIDEOS 1500-1800-20260730T124532Z-1-001.zip","1642","Aspersor De 15 Furos Tubo De Alumínio De Plástico Para Jardim Gramado","VIDEOS 1500-1800/VIDEO 1642/Aspersor De 15 Furos Tubo De Alumínio De Plástico Para Jardim Gramado.mp4","edccf66c544c2b67b442c33c4b8366220be9434dbfd945f81841b5342167877b","ok","7,499","720","1280","720x1280","vertical","30","h264","aac","2","44100","1580127","1481172",""
"VIDEOS 1500-1800-20260730T124532Z-1-001.zip","1643","Bico Torneira Chuveirinho Outlet Gourmet Arejador Abs Inox","VIDEOS 1500-1800/VIDEO 1643/Bico Torneira Chuveirinho Outlet Gourmet Arejador Abs Inox.mp4","b392c6622046b2ac33a788eeb394d338002875a69adfcd5a72c66507c2833af7","ok","13,467","720","1280","720x1280","vertical","30","h264","aac","2","44100","1966063","3309622",""
"VIDEOS 1500-1800-20260730T124532Z-1-001.zip","1644","northvotescastsuper 12pcs Esponja Facial Puff Face Wash Comprimido Bastão De Limpeza Pele","VIDEOS 1500-1800/VIDEO 1644/northvotescastsuper 12pcs Esponja Facial Puff Face Wash Comprimido Bastão De Limpeza Pele.mp4","f5181eb3921f53bae360fc81d89783d26b10bf0cd164f3f07bbcfc5eb63a8fef","ok","11,067","720","1280","720x1280","vertical","30","h264","","0","0","1684513","2330314",""
"VIDEOS 1500-1800-20260730T124532Z-1-001.zip","1645","Rack Banheiro Estante Prateleira sobre vaso sanitario Metal Organizador Toalete Varanda","VIDEOS 1500-1800/VIDEO 1645/Rack Banheiro Estante Prateleira sobre vaso sanitario Metal Organizador Toalete Varanda.mp4","1d9e82568e90b4c0383a79408805dfa63710432f66faed2fbc1c80524a97335c","ok","14,767","720","1280","720x1280","vertical","30","h264","aac","2","44100","1185817","2188871",""
"VIDEOS 1500-1800-20260730T124532Z-1-001.zip","1646","Underwear Caixa De Armazenamento De Parede Montado Calcinha Meias Organizador 6 Células Claro Roupeiro Destacável","VIDEOS 1500-1800/VIDEO 1646/Underwear Caixa De Armazenamento De Parede Montado Calcinha Meias Organizador 6 Células Claro Roupeiro Destacável.mp4","df965b980a3556e0c598fd21d7cfc2803919553d48815543b97b094ef7a21cc0","ok","10,077","720","1280","720x1280","vertical","30","h264","aac","2","44100","1491119","1878251",""
"VIDEOS 1500-1800-20260730T124532Z-1-001.zip","1647","Sacola 3 em 1 com Carrinho Reutilizavel de Nailon, cRodinhas, pCompras","VIDEOS 1500-1800/VIDEO 1647/Sacola 3 em 1 com Carrinho Reutilizavel de Nailon, cRodinhas, pCompras.mp4","7abdd3dc061ee9e513b5cd3f84da5bfea9089df03d65d5d846910ca829178fad","ok","20,061","720","1280","720x1280","vertical","30","h264","aac","2","44100","2990542","7499160",""
"VIDEOS 1500-1800-20260730T124532Z-1-001.zip","1648","Proteção solar para janela carro, cortina protetora contra vento, sol, insetos para criança","VIDEOS 1500-1800/VIDEO 1648/Proteção solar para janela carro, cortina protetora contra vento, sol, insetos para criança.mp4","580f1698efc67d2d48447e9bfbaad361be3806f82487124c4d85153c779fdd68","ok","13,978","720","1280","720x1280","vertical","30","h264","aac","2","44100","1332388","2328016",""
"VIDEOS 1500-1800-20260730T124532Z-1-001.zip","1649","Universal Multifuncional Mini Chave, Torque Ajustável, Reparo de Carro Aberto, Spanner Tool, 14 em 1, 12 , 916, 58 , 1116, 34","VIDEOS 1500-1800/VIDEO 1649/Universal Multifuncional Mini Chave, Torque Ajustável, Reparo de Carro Aberto, Spanner Tool, 14 em 1, 12 , 916, 58 , 1116, 34.mp4","09696815ec350ed80d2d2c8e52c5698494fa1589e3423baa4ffdb58a7f75e909","ok","10,889","720","1280","720x1280","vertical","30","h264","aac","2","44100","1613545","2196237",""
"VIDEOS 1500-1800-20260730T124532Z-1-001.zip","1650","Gatling multi-função máquina de corte de vegetais raspagem de fio triturador slicer cozinha doméstica ralador de batata artefato picador de cozinha elétrico espremedor de alho moedor de carne mini","VIDEOS 1500-1800/VIDEO 1650/Gatling multi-função máquina de corte de vegetais raspagem de fio triturador slicer cozinha doméstica ralador de batata artefato picador de cozinha elétrico espremedor de alho moedor de carne mini.mp4","da812fccbc94770c2713c85972aff38a5a03d9fd87a9db4e42da78b89bb21b85","ok","7,708","720","1280","720x1280","vertical","30","h264","aac","2","44100","1974110","1902055",""
"VIDEOS 1500-1800-20260730T124532Z-1-001.zip","1651","Máquina de passar roupa portátil máquina de passar roupa a vapor pequena portátil mini ferro de passar roupa","VIDEOS 1500-1800/VIDEO 1651/Máquina de passar roupa portátil máquina de passar roupa a vapor pequena portátil mini ferro de passar roupa.mp4","8277413da7c2f478d5ebe45196da982c119e090e692d8e4fdd585465ba0d2d98","ok","9,844","720","1280","720x1280","vertical","30","h264","aac","2","44100","1067393","1313428",""
"VIDEOS 1500-1800-20260730T124532Z-1-001.zip","1652","J&M CC & BB Cream Para Base , Clareador Maquiagem Corretivo Hidratante Natural Com Controle De Óleo Cosméticos","VIDEOS 1500-1800/VIDEO 1652/J&M CC & BB Cream Para Base , Clareador Maquiagem Corretivo Hidratante Natural Com Controle De Óleo Cosméticos.mp4","0a73680b60432cacf4968a8ea0619dd27e3e703f1100f6deddbaaf84951eeb82","ok","23,057","720","1280","720x1280","vertical","30","h264","aac","2","44100","1516155","4369751",""
"VIDEOS 1500-1800-20260730T124532Z-1-001.zip","1653","Colchão De Durável Elevador Ergonômico Cunha Ferramenta De Substituição De Lençol De Aliviar A Dor Nas Costas Ajuda À Mudança De Cama","VIDEOS 1500-1800/VIDEO 1653/Colchão De Durável Elevador Ergonômico Cunha Ferramenta De Substituição De Lençol De Aliviar A Dor Nas Costas Ajuda À Mudança De Cama.mp4","f19378543755672b3afaac9d127ddd8a2d6ab1242d7bc72ebe8dcf8ab7dbd23d","ok","10,936","720","1280","720x1280","vertical","30","h264","aac","2","44100","1538276","2102824",""
"VIDEOS 1500-1800-20260730T124532Z-1-001.zip","1654","Torneira de cozinha dobrável de parede Torneira de enchimento de pote Torneira de pia de furo único Girar o Bico Dobrável Latão de ouro cromado","VIDEOS 1500-1800/VIDEO 1654/Torneira de cozinha dobrável de parede Torneira de enchimento de pote Torneira de pia de furo único Girar o Bico Dobrável Latão de ouro cromado.mp4","987c4c338f24637b9617122ee849a27c6a84b7ab10cfdbad9390c4e3358b63af","ok","8,498","720","1280","720x1280","vertical","30","h264","aac","2","44100","1232287","1308997",""
"VIDEOS 1500-1800-20260730T124532Z-1-001.zip","1655","Walsunte Suporte Para CarroTelefone Móvel Criativo Popular Mouse","VIDEOS 1500-1800/VIDEO 1655/Walsunte Suporte Para CarroTelefone Móvel Criativo Popular Mouse.mp4","4493ae64981089f5e08517941a6beb583b704621b24931f6b113c2fdbe1c9d7d","ok","13,211","720","1280","720x1280","vertical","30","h264","aac","2","44100","2132610","3521739",""
"VIDEOS 1500-1800-20260730T124532Z-1-001.zip","1656","Mesa Lateral de Apoio Industrial com Rodízio Fit Yescasa","VIDEOS 1500-1800/VIDEO 1656/Mesa Lateral de Apoio Industrial com Rodízio Fit Yescasa.mp4","2a3800157e5ab9b5e7305076542a08bd289758c7f83badfc7c345069b3e19dc2","ok","7,755","720","1280","720x1280","vertical","30","h264","aac","2","44100","1494444","1448677",""
"VIDEOS 1500-1800-20260730T124532Z-1-001.zip","1657","Cama de mesa ajustável de madeira portátil mesa dobrável notebook mesa do computador para o sofá da escrita para o estudante cama dormitório","VIDEOS 1500-1800/VIDEO 1657/Cama de mesa ajustável de madeira portátil mesa dobrável notebook mesa do computador para o sofá da escrita para o estudante cama dormitório.mp4","dc78e2063930bb73011b6a39cda625952b2811cb40be2fefac74d79a4176d7b9","ok","15,255","720","1280","720x1280","vertical","30","h264","aac","2","44100","1424335","2716029",""
"VIDEOS 1500-1800-20260730T124532Z-1-001.zip","1658","【 ★】 ★ Papel De Parede De Pintura Máquina De Impressão Rolo【 Nota】","VIDEOS 1500-1800/VIDEO 1658/【 ★】 ★ Papel De Parede De Pintura Máquina De Impressão Rolo【 Nota】.mp4","516c42a5c7d27d19e64381a95a7415ec5b0439d3a1bb0aa047b3775c76558d2a","ok","13,118","720","1280","720x1280","vertical","30","h264","aac","2","44100","1558399","2555386",""
"VIDEOS 1500-1800-20260730T124532Z-1-001.zip","1659","Quadro de alumínio shimano 3 velocidade mãe bebê triciclo sem taga carrinho bicicleta turismo","VIDEOS 1500-1800/VIDEO 1659/Quadro de alumínio shimano 3 velocidade mãe bebê triciclo sem taga carrinho bicicleta turismo.mp4","682d0eba7b6a45ef3906a8c1ed25465bb84e3e56c540817597ce09db24220242","ok","7,313","720","1280","720x1280","vertical","30","h264","aac","2","44100","3144992","2874916",""
"VIDEOS 1500-1800-20260730T124532Z-1-001.zip","1660","Mini Máquina De Lavar Portátil Ultrassônica Lavanderia Branco USB - Envio Rapido","VIDEOS 1500-1800/VIDEO 1660/Mini Máquina De Lavar Portátil Ultrassônica Lavanderia Branco USB - Envio Rapido.mp4","09c44fb4b347099c2e00a2d702ef0ac826fe40dbcd8d4fd15b70f098dc3483db","ok","10,169","720","1280","720x1280","vertical","30","h264","aac","2","44100","1949764","2478394",""
"VIDEOS 1500-1800-20260730T124532Z-1-001.zip","1661","(Em Estoque) Garrafa De Plástico Com Spray Fácil De Espuma E Efeito Multifuncional Para Limpeza Doméstica","VIDEOS 1500-1800/VIDEO 1661/(Em Estoque) Garrafa De Plástico Com Spray Fácil De Espuma E Efeito Multifuncional Para Limpeza Doméstica.mp4","efac31f3000c96a2bbe14cbe4dfa49a4fe43480b274ff42dd4f36354c089f9d3","ok","14,93","720","1280","720x1280","vertical","30","h264","aac","2","44100","1927389","3596990",""
"VIDEOS 1500-1800-20260730T124532Z-1-001.zip","1662","Mini Coador Filtro De Café Monodose 50unpac Individual","VIDEOS 1500-1800/VIDEO 1662/Mini Coador Filtro De Café Monodose 50unpac Individual.mp4","7dfb6b98cbbe39e5c1476c951abeb5f7ac405eeb9e8db24357dca3895c350bca","ok","42,004","720","1280","720x1280","vertical","30","h264","aac","2","44100","1852524","9726680",""
"VIDEOS 1500-1800-20260730T124532Z-1-001.zip","1663","Tuya Smart Door Lock com Câmera de Vigilância, Wi-Fi, Sem Fio, Impressão Digital, Senha, App Desbloqueio, Fechaduras Eletrônicas Digitais","VIDEOS 1500-1800/VIDEO 1663/Tuya Smart Door Lock com Câmera de Vigilância, Wi-Fi, Sem Fio, Impressão Digital, Senha, App Desbloqueio, Fechaduras Eletrônicas Digitais.mp4","047acf92f8ccba3afbbd12b4789ce427a1a614bbc8cfc3593e3f24030541633a","ok","10,657","720","1280","720x1280","vertical","30","h264","aac","2","44100","1616731","2153688",""
"VIDEOS 1500-1800-20260730T124532Z-1-001.zip","1664","Protetor de Webcam Tampa Câmera Notebook e Celulares Anti-espião Envio Rápido","VIDEOS 1500-1800/VIDEO 1664/Protetor de Webcam Tampa Câmera Notebook e Celulares Anti-espião Envio Rápido.mp4","114bc847d0ad68f3b0bbfe448d8f18b8df102baa2e2c7e6ac4b657bf2862a956","ok","6,012","720","1280","720x1280","vertical","30","h264","aac","2","44100","1143878","859625",""
"VIDEOS 1500-1800-20260730T124532Z-1-001.zip","1665","Adesivo Lousa Quadro Negro, Preto Fosco, 2 Metros x 45 cm","VIDEOS 1500-1800/VIDEO 1665/Adesivo Lousa Quadro Negro, Preto Fosco, 2 Metros x 45 cm.mp4","eb268ff692322707fbb06daf1a6e68a479e8850970cd6ad221ff21933464f10b","ok","9,728","720","1280","720x1280","vertical","30","h264","aac","2","44100","1202581","1462339",""
"VIDEOS 1500-1800-20260730T124532Z-1-001.zip","1666","Travesseiro Encosto De Cabeça Para Assento De Carro","VIDEOS 1500-1800/VIDEO 1666/Travesseiro Encosto De Cabeça Para Assento De Carro.mp4","e41087cf11dfc2947a740431228f42a378dd307a8785ea5a5ba91b5f5138d215","ok","11,191","720","1280","720x1280","vertical","30","h264","aac","2","44100","1367069","1912359",""
"VIDEOS 1500-1800-20260730T124532Z-1-001.zip","1667","Heflash gudeso Controlador De Vídeo De Argamento Bluetooth Clicker Acionador Remoto Para Smartphones","VIDEOS 1500-1800/VIDEO 1667/Heflash gudeso Controlador De Vídeo De Argamento Bluetooth Clicker Acionador Remoto Para Smartphones.mp4","ddd657f4bb8e37c68cbbb82115bd7ef300bb27e82478d3b1ff77bc8542b84fe9","ok","15,951","720","1280","720x1280","vertical","30","h264","aac","2","44100","1282848","2557840",""
"VIDEOS 1500-1800-20260730T124532Z-1-001.zip","1668","Chantsingheart Suporte De Ferro Para Plantas De Jardim Varanda Vaso De Flores Redondos  Grade De Cerca","VIDEOS 1500-1800/VIDEO 1668/Chantsingheart Suporte De Ferro Para Plantas De Jardim Varanda Vaso De Flores Redondos  Grade De Cerca.mp4","7ddfb797696fb37d176499f46567e52b1a248f425d36554d63cf459838a8dbe8","ok","9,982","720","1280","720x1280","vertical","30","h264","aac","2","44100","2315334","2888958",""
"VIDEOS 1500-1800-20260730T124532Z-1-001.zip","1669","Ralo Click Inteligente 10x10 Cm Inox Banheiro Veda Cheiro 4.9 ou 15x15 Cm Ralo Ideal Click","VIDEOS 1500-1800/VIDEO 1669/Ralo Click Inteligente 10x10 Cm Inox Banheiro Veda Cheiro 4.9 ou 15x15 Cm Ralo Ideal Click.mp4","c69311b9ff15335a1f49fe2bfc35b62f652a0b4fe4d0d96d17d02c297baae303","ok","9,123","720","1280","720x1280","vertical","30","h264","aac","2","44100","1150732","1312267",""
"VIDEOS 1500-1800-20260730T124532Z-1-001.zip","1670","Escorredor Retrátil Ajustável e Extensível Multifuncional para Pia de Cozinha em Inox e Plástico ABS Super Resistente para Lavar Alimentos e Louças - Cor Preto","VIDEOS 1500-1800/VIDEO 1670/Escorredor Retrátil Ajustável e Extensível Multifuncional para Pia de Cozinha em Inox e Plástico ABS Super Resistente para Lavar Alimentos e Louças - Cor Preto.mp4","abd8490cbc637e62e8d24dc7d12c3a0db00226246718a41870851f9f461a871a","ok","8,173","720","1280","720x1280","vertical","30","h264","aac","2","44100","2088490","2133654",""
"VIDEOS 1500-1800-20260730T124532Z-1-001.zip","1671","Expansível Armário Prateleira Space Saver Racks Para Armário De Cozinha Roupeiro","VIDEOS 1500-1800/VIDEO 1671/Expansível Armário Prateleira Space Saver Racks Para Armário De Cozinha Roupeiro.mp4","46355319fa06e9a1b18a95abd6267787a89302224d9e44d22d33aadd1290689f","ok","13,42","720","1280","720x1280","vertical","30","h264","aac","2","44100","1465902","2459051",""
"VIDEOS 1500-1800-20260730T124532Z-1-001.zip","1672","Banheira Spa Ofurô Dobrável Bend Infantil Adulto Grande 120L - Azul","VIDEOS 1500-1800/VIDEO 1672/Banheira Spa Ofurô Dobrável Bend Infantil Adulto Grande 120L - Azul.mp4","631b339df9f586e91b59cbf9ba5a5a3ef3e3438ffd32848a241ab7c211c04f58","ok","15,185","720","1280","720x1280","vertical","30","h264","aac","2","44100","1545192","2932969",""
"VIDEOS 1500-1800-20260730T124532Z-1-001.zip","1673","Aquecedor de pés USB para aquecer os pés no inverno","VIDEOS 1500-1800/VIDEO 1673/Aquecedor de pés USB para aquecer os pés no inverno.mp4","8b6546249e88959b1f58e8e2c24d93412af24cac83c47e2cc34d4bbe1e6f8fc9","ok","7,662","720","1280","720x1280","vertical","30","h264","aac","2","44100","1742507","1668887",""
"VIDEOS 1500-1800-20260730T124532Z-1-001.zip","1674","DescascadorApontador Decorativo Cortador De Legumes e Frutas Plástico - Pepino e Cenouro ( vários legumes e frutas )","VIDEOS 1500-1800/VIDEO 1674/DescascadorApontador Decorativo Cortador De Legumes e Frutas Plástico - Pepino e Cenouro ( vários legumes e frutas ).mp4","b111f0d5c46bce3382d68d60b68f642a303f4717ae6966cdd22992f14518e407","ok","11,029","720","1280","720x1280","vertical","30","h264","aac","2","44100","1554799","2143485",""
"VIDEOS 1500-1800-20260730T124532Z-1-001.zip","1675","Adaptador 5 em 1 usb android, leitor de cartão sd, micro usbc, 8 pinos para iphone, laptop, tipo-c otg cartão tf, conversor triângulo divisor","VIDEOS 1500-1800/VIDEO 1675/Adaptador 5 em 1 usb android, leitor de cartão sd, micro usbc, 8 pinos para iphone, laptop, tipo-c otg cartão tf, conversor triângulo divisor.mp4","8624df7abc8709be08606d0338ca13e319365ad9d1ceec69f869e10a08ca0dde","ok","8,474","720","1280","720x1280","vertical","30","h264","aac","2","44100","1024857","1085580",""
"VIDEOS 1500-1800-20260730T124532Z-1-001.zip","1676","Escova Sanitária De Parede Com Cabo Longo Flexível Formato De PatoAcessório De BanheiroMulticolorido","VIDEOS 1500-1800/VIDEO 1676/Escova Sanitária De Parede Com Cabo Longo Flexível Formato De PatoAcessório De BanheiroMulticolorido.mp4","f97f96748d169955d4fadd859c89b851cc51087bb3cce8c6cba4ab5fd8d758e2","ok","12,329","720","1280","720x1280","vertical","30","h264","aac","2","44100","1204404","1856138",""
"VIDEOS 1500-1800-20260730T124532Z-1-001.zip","1677","Pano De Veludo Coral De Dupla FaceNão GrudadaToalha De PratoCozinhaEngrossarAbsorventeLimpeza","VIDEOS 1500-1800/VIDEO 1677/Pano De Veludo Coral De Dupla FaceNão GrudadaToalha De PratoCozinhaEngrossarAbsorventeLimpeza.mp4","3625540d4248e9996fc4186b6dfbe43d15c0c56358be62134b44a62d09c3ce5c","ok","24,101","720","1280","720x1280","vertical","30","h264","aac","2","44100","1732008","5217891",""
"VIDEOS 1500-1800-20260730T124532Z-1-001.zip","1678","Tigela Inflável Shampoo , Bandeja De Lavagem De Cabelo Portátil Para Cama E , Leve Pia Idosos , Deficientes Mulheres Grávidas , Lejuries , Camaridge , HandicapZOE","VIDEOS 1500-1800/VIDEO 1678/Tigela Inflável Shampoo , Bandeja De Lavagem De Cabelo Portátil Para Cama E , Leve Pia Idosos , Deficientes Mulheres Grávidas , Lejuries , Camaridge , HandicapZOE.mp4","fe70af9a9bd3fd8bb35ec5ea6978335e93c6bf5a59a102de69afb31b449e7b2e","ok","11,423","720","1280","720x1280","vertical","30","h264","aac","2","44100","1228169","1753673",""
"VIDEOS 1500-1800-20260730T124532Z-1-001.zip","1679","Suporte De Geladeira  Maquina De Lavar E Fogão Inox Com Rodinhas","VIDEOS 1500-1800/VIDEO 1679/Suporte De Geladeira  Maquina De Lavar E Fogão Inox Com Rodinhas.mp4","9fb62dea055bec4f4d50123248cfa015b3f3c98fde4c2f62adfa1666edfbbdae","ok","9,705","720","1280","720x1280","vertical","30","h264","aac","2","44100","1529616","1855616",""
"VIDEOS 1500-1800-20260730T124532Z-1-001.zip","1680","Bolsa De Viagem Multifuncional dobravel De Grande Capacidade Impermeável","VIDEOS 1500-1800/VIDEO 1680/Bolsa De Viagem Multifuncional dobravel De Grande Capacidade Impermeável.mp4","a2317a93f1ac0726bbeb6e3eefa1bf7a78b24b023a03a56b9ce33560e246a8ef","ok","21,872","720","1280","720x1280","vertical","30","h264","aac","2","44100","1880727","5141909",""
"VIDEOS 1500-1800-20260730T124532Z-1-001.zip","1681","Espaguete Tubo Termo Retrátil Isolante Kit 200220328408508pçs","VIDEOS 1500-1800/VIDEO 1681/Espaguete Tubo Termo Retrátil Isolante Kit 200220328408508pçs.mp4","c9310054a32012c7bf1f67bd88b961f7a18c2e16fe9a89843a2f3b7678accc2f","ok","18,598","720","1280","720x1280","vertical","30","h264","aac","2","44100","1645326","3824973",""
"VIDEOS 1500-1800-20260730T124532Z-1-001.zip","1682","Mesa Maleta Dobrável Com 4 Cadeiras Dobrável Alumínio Camping Praia Jardim","VIDEOS 1500-1800/VIDEO 1682/Mesa Maleta Dobrável Com 4 Cadeiras Dobrável Alumínio Camping Praia Jardim.mp4","3f4d9ea6ec156e39a50519e00ae97715aaff65fc3a337e78dfe13e0b5b6259bc","ok","8,428","720","1280","720x1280","vertical","30","h264","aac","2","44100","1889553","1990645",""
"VIDEOS 1500-1800-20260730T124532Z-1-001.zip","1683","Cadeado Segredo ，Anti-ferrugem, Com 8 Botaos,Cadeado Cego , Senha Fixo, Operação Simples","VIDEOS 1500-1800/VIDEO 1683/Cadeado Segredo ，Anti-ferrugem, Com 8 Botaos,Cadeado Cego , Senha Fixo, Operação Simples.mp4","6b6bd1841744535c142d09b5c80e06b2c04372b352b7f388cd104e15d65a7a36","ok","6,895","720","1280","720x1280","vertical","30","h264","aac","2","44100","1725095","1486817",""
"VIDEOS 1500-1800-20260730T124532Z-1-001.zip","1684","Abongsea 50 Pçs Capa De Plástico Pe Para Assento Do Vaso Sanitário Descartável Para Viagem","VIDEOS 1500-1800/VIDEO 1684/Abongsea 50 Pçs Capa De Plástico Pe Para Assento Do Vaso Sanitário Descartável Para Viagem.mp4","c1ebcada55be78513e5432786dc0476a5bd1f5678e4ecab3049ebea36a9fbd14","ok","10,378","720","1280","720x1280","vertical","30","h264","aac","2","44100","1705009","2211823",""
"VIDEOS 1500-1800-20260730T124532Z-1-001.zip","1685","1Pc Stainless Steel Pop-Up Bounce Core  Basin Plug-in Drain Filter  Shower Sink Strainer","VIDEOS 1500-1800/VIDEO 1685/1Pc Stainless Steel Pop-Up Bounce Core  Basin Plug-in Drain Filter  Shower Sink Strainer.mp4","7fcef4603f8d3be3349801beac5f6f4ce5c694ff1f58a4beffca4cab7fe69547","ok","19,736","720","1280","720x1280","vertical","30","h264","aac","2","44100","1063269","2623087",""
"VIDEOS 1500-1800-20260730T124532Z-1-001.zip","1686","【WithBetter】 Soda Coke Tap Saver Upside Down Drinking Water Dispenser Party Drink Machines 【BR】","VIDEOS 1500-1800/VIDEO 1686/【WithBetter】 Soda Coke Tap Saver Upside Down Drinking Water Dispenser Party Drink Machines 【BR】.mp4","fff0b105df44a11dc973c7c2ec21d547d8caa468fb17c23a4edbee4cf21e5fae","ok","9,403","720","1280","720x1280","vertical","30","h264","aac","2","44100","1492074","1753747",""
"VIDEOS 1500-1800-20260730T124532Z-1-001.zip","1687","kool Wall Dispensador Manual De Sabonete Em Gel Para Mãos Montado Recipientes Líquido , Shampoo , Condicionadores , Showe","VIDEOS 1500-1800/VIDEO 1687/kool Wall Dispensador Manual De Sabonete Em Gel Para Mãos Montado Recipientes Líquido , Shampoo , Condicionadores , Showe.mp4","f22ef4594172287d84353b170b615015dc8977ce1ebfc0ba3f35e70b8ee68acb","ok","15,394","720","1280","720x1280","vertical","30","h264","aac","2","44100","1689787","3251573",""
"VIDEOS 1500-1800-20260730T124532Z-1-001.zip","1688","Flat Mop com Torneirinha Rodo Magico Esfregão com Balde com 2 Refil","VIDEOS 1500-1800/VIDEO 1688/Flat Mop com Torneirinha Rodo Magico Esfregão com Balde com 2 Refil.mp4","290d917780ed41f537f522a6e6d2e8b7646f98aa8839c9a83534ea45aa426bc2","ok","17,344","720","1280","720x1280","vertical","30","h264","aac","2","44100","1500510","3253107",""
"VIDEOS 1500-1800-20260730T124532Z-1-001.zip","1689","Suporte Multiuso 6 Ganchos 2 Ventosas Forte Parede Azulejo","VIDEOS 1500-1800/VIDEO 1689/Suporte Multiuso 6 Ganchos 2 Ventosas Forte Parede Azulejo.mp4","a2631d7a0835c64e9e4d03a5d7deae2e134ae5b056ec89042b55cc3c577fc60e","ok","14,21","720","1280","720x1280","vertical","30","h264","aac","2","44100","783661","1391979",""
"VIDEOS 1500-1800-20260730T124532Z-1-001.zip","1690","Escova Lava Louça Dispenser Recipiente porta detergente pratica limpeza pesada","VIDEOS 1500-1800/VIDEO 1690/Escova Lava Louça Dispenser Recipiente porta detergente pratica limpeza pesada.mp4","fd4b0ca13b6cb1e6e6df37690086da5ef08df3b0f29ce31ae1e5389b3ae44006","ok","17,739","720","1280","720x1280","vertical","30","h264","aac","2","44100","2014492","4466886",""
"VIDEOS 1500-1800-20260730T124532Z-1-001.zip","1691","Foldable Portable Shopping Bag Travel Storage Bag Shoulder Bag Large Thickened Grocery Bag","VIDEOS 1500-1800/VIDEO 1691/Foldable Portable Shopping Bag Travel Storage Bag Shoulder Bag Large Thickened Grocery Bag.mp4","936665752d230ba55dde8f083cf140c56030bad6280c63fa45797685bda551db","ok","17,832","720","1280","720x1280","vertical","30","h264","aac","2","44100","1918212","4275696",""
"VIDEOS 1500-1800-20260730T124532Z-1-001.zip","1692","Cobertor Travesseiro 2 Em 1 Almofada Travesseiro","VIDEOS 1500-1800/VIDEO 1692/Cobertor Travesseiro 2 Em 1 Almofada Travesseiro.mp4","e45fce43e253bd54f34a66179b37a4bef8a6ce2ceac9660d7e0ea19a8db7f8f3","ok","8,265","720","1280","720x1280","vertical","30","h264","aac","2","44100","2107759","2177579",""
"VIDEOS 1500-1800-20260730T124532Z-1-001.zip","1693","1 UNI-Cabide Para Armário Gancho Suporte Com 5 Ganchos Universal 24x10cmx2,5cm","VIDEOS 1500-1800/VIDEO 1693/1 UNI-Cabide Para Armário Gancho Suporte Com 5 Ganchos Universal 24x10cmx2,5cm.mp4","601d6a839b856df9b4803ae2fb7180f5bd7d06d996e4354895f28f98af48f999","ok","8,869","720","1280","720x1280","vertical","30","h264","aac","2","44100","1365440","1513762",""
"VIDEOS 1500-1800-20260730T124532Z-1-001.zip","1694","12 Unidades  Pacote Cadarços Esportivos Preguiçosos Portátil Colorido Criativo Elástico Popular Casual Conveniente Silicone","VIDEOS 1500-1800/VIDEO 1694/12 Unidades  Pacote Cadarços Esportivos Preguiçosos Portátil Colorido Criativo Elástico Popular Casual Conveniente Silicone.mp4","ff13fc766c92baefd99baf338aa3e9935a53ee22d1784652860df5af1c7354a6","ok","13,443","720","1280","720x1280","vertical","30","h264","aac","2","44100","2211933","3716878",""
"VIDEOS 1500-1800-20260730T124532Z-1-001.zip","1695","Mini Máquina De Lavar Roupa 2.8L Portátil Dobrável Calcinha Para Casa Meias Roupas De Bebê Limpeza Viagem Presente De Feriado","VIDEOS 1500-1800/VIDEO 1695/Mini Máquina De Lavar Roupa 2.8L Portátil Dobrável Calcinha Para Casa Meias Roupas De Bebê Limpeza Viagem Presente De Feriado.mp4","bf9815a576362a5923e1e4a1744ea3d5b3a27eb09dfa72436be4fdce1e3350ea","ok","13,629","720","1280","720x1280","vertical","30","h264","aac","2","44100","1549591","2639922",""
"VIDEOS 1500-1800-20260730T124532Z-1-001.zip","1696","Conjunto De Assento Sanitário Descartável Não Tecido Capa De Vaso Impermeável Portátil Para Mulheres Grávidas","VIDEOS 1500-1800/VIDEO 1696/Conjunto De Assento Sanitário Descartável Não Tecido Capa De Vaso Impermeável Portátil Para Mulheres Grávidas.mp4","e4bb2e4b4df1834a2ecde1c77648cad6c8f84930c2577da75f8446baf20c0259","ok","11,145","720","1280","720x1280","vertical","30","h264","aac","2","44100","1491412","2077724",""
"VIDEOS 1500-1800-20260730T124532Z-1-001.zip","1697","Ventilador De Parede Dobrável 4 Em 1 Mesa Portátil Circular 1500mAh Telescópica Com 4 Velocidades Mini Teto Lâmpada","VIDEOS 1500-1800/VIDEO 1697/Ventilador De Parede Dobrável 4 Em 1 Mesa Portátil Circular 1500mAh Telescópica Com 4 Velocidades Mini Teto Lâmpada.mp4","f9c92ae6c58a46336a3de73789c824a73c5e2c918f76de9aa88ef02c62579ab2","ok","17,205","720","1280","720x1280","vertical","30","h264","aac","2","44100","1792129","3854198",""
"VIDEOS 1500-1800-20260730T124532Z-1-001.zip","1698","Necessaire Bolsa Organizadora Sapato Viagem Porta Toalha","VIDEOS 1500-1800/VIDEO 1698/Necessaire Bolsa Organizadora Sapato Viagem Porta Toalha.mp4","cd1a26c816724458e1eb1c850dfdbad1077ddedfb487f2828fd16e3e82fe1551","ok","15,092","720","1280","720x1280","vertical","30","h264","aac","2","44100","1726121","3256329",""
"VIDEOS 1500-1800-20260730T124532Z-1-001.zip","1699","Capa De Almofada Florida Estampada Elástica Para SofáSala De EstarDecoração De Casa","VIDEOS 1500-1800/VIDEO 1699/Capa De Almofada Florida Estampada Elástica Para SofáSala De EstarDecoração De Casa.mp4","8333f31c2ad1627af871ecbf863bb6bcfb79fa51804e238c96a20e8031083d2e","ok","8,985","720","1280","720x1280","vertical","30","h264","aac","2","44100","1950390","2190532",""
"VIDEOS 1500-1800-20260730T124532Z-1-001.zip","1700","Suporte De Escovas Com Copos Para Enxague E Dispenser De Creme Dental","VIDEOS 1500-1800/VIDEO 1700/Suporte De Escovas Com Copos Para Enxague E Dispenser De Creme Dental.mp4","75d6a5f957a0ff6181598d7945a619f2af3bc7b29c31c67384c9221e8f5f8a49","ok","7,035","720","1280","720x1280","vertical","30","h264","aac","2","44100","1408093","1238242",""
"VIDEOS 1500-1800-20260730T124532Z-1-001.zip","1701","Debulhador Descascador Ralador Espiga Milho Reservatorio Redondo 400ml","VIDEOS 1500-1800/VIDEO 1701/Debulhador Descascador Ralador Espiga Milho Reservatorio Redondo 400ml.mp4","645628b96b5e3bd19c8d6ff884a6c564b7f5b2687f80cb16c5a3c9de98706344","ok","10,239","720","1280","720x1280","vertical","30","h264","aac","2","44100","2213495","2832998",""
"VIDEOS 1500-1800-20260730T124532Z-1-001.zip","1702","SUER Fechador Magnético De Porta De Cozinha Com Armário De Parafuso Decoração De Casa Adesivo Sem Furos","VIDEOS 1500-1800/VIDEO 1702/SUER Fechador Magnético De Porta De Cozinha Com Armário De Parafuso Decoração De Casa Adesivo Sem Furos.mp4","946b0cc96f7c76502ab17ad24c0f745cb0b1b5a6f850dc48fabd7b60c2ffdd53","ok","9,984","720","1280","720x1280","vertical","30","h264","aac","2","44100","2091493","2610184",""
"VIDEOS 1500-1800-20260730T124532Z-1-001.zip","1703","Suporte Organizador Plástico De Parede Para Armazenar Sacolas De Mantã Q3W7","VIDEOS 1500-1800/VIDEO 1703/Suporte Organizador Plástico De Parede Para Armazenar Sacolas De Mantã Q3W7.mp4","7b3a4f6fe0698624e0cb251b8ca255b1b00d64ab4a4db957072cbe4c778e749c","ok","16,067","720","1280","720x1280","vertical","30","h264","aac","2","44100","2466508","4953674",""
"VIDEOS 1500-1800-20260730T124532Z-1-001.zip","1704","Kit Soldador Sem Fio De Solda Elétrica Vip Portátil 5v 8w Usb","VIDEOS 1500-1800/VIDEO 1704/Kit Soldador Sem Fio De Solda Elétrica Vip Portátil 5v 8w Usb.mp4","e4fb38f8d51fec1788c119f17375fefaffbbcb3ae93bf6748787b4f07e1a63c2","ok","12,7","720","1280","720x1280","vertical","30","h264","aac","2","44100","1445423","2294610",""
"VIDEOS 1500-1800-20260730T124532Z-1-001.zip","1705","Potinho Pote Prato Mágico Giratório 360° Infantil Gyro Bowl","VIDEOS 1500-1800/VIDEO 1705/Potinho Pote Prato Mágico Giratório 360° Infantil Gyro Bowl.mp4","7fcc67d092dd111315b393541d1dea952abf5b21ab33abe163a755a08a02546b","ok","8,567","720","1280","720x1280","vertical","30","h264","aac","2","44100","1770475","1895958",""
"VIDEOS 1500-1800-20260730T124532Z-1-001.zip","1706","Luminária Led Sensor Presença (somente no escuro) Recarregável com cabo Usb Armario ou Guarda-roupa , Carca De Liga De Alumínio Específico Utilizado Na Área Da Aeronáutica.","VIDEOS 1500-1800/VIDEO 1706/Luminária Led Sensor Presença (somente no escuro) Recarregável com cabo Usb Armario ou Guarda-roupa , Carca De Liga De Alumínio Específico Utilizado Na Área Da Aeronáutica..mp4","5d196740923d5b7e119da340b4802fb671a4722f07534b9fe6019d7bb650caa1","ok","7,731","720","1280","720x1280","vertical","30","h264","aac","2","44100","1736690","1678294",""
"VIDEOS 1500-1800-20260730T124532Z-1-001.zip","1707","YIFEI Ventilador de Dobramento Chegam Novas Hand Held Leques Viajar cap verão Chapéu de Sol boné de Pano de Bambu Fã Dança Floral Da Menina Das Mulheres","VIDEOS 1500-1800/VIDEO 1707/YIFEI Ventilador de Dobramento Chegam Novas Hand Held Leques Viajar cap verão Chapéu de Sol boné de Pano de Bambu Fã Dança Floral Da Menina Das Mulheres.mp4","7bcf40e3ef5f84bb95fa84902df6669b0cad7d7300a03832eb6358b9245979a4","ok","10,169","1080","1920","1080x1920","vertical","30","h264","aac","2","44100","4267729","5424818",""
"VIDEOS 1500-1800-20260730T124532Z-1-001.zip","1708","Bolsa Tiracolo  De Mão De Tecido De Cor Lisa Com Um Ombro","VIDEOS 1500-1800/VIDEO 1708/Bolsa Tiracolo  De Mão De Tecido De Cor Lisa Com Um Ombro.mp4","8c6795036537770ef613c6fd3b0aeec0010ded9db95c3ac501f96b8dbd522ae3","ok","10,262","1080","1920","1080x1920","vertical","30","h264","aac","2","44100","2858472","3666706",""
"VIDEOS 1500-1800-20260730T124532Z-1-001.zip","1709","Rolo de Papel de Parede Adesivo Estampado em Madeira Decoração e Reforma - XL3041-XL3049","VIDEOS 1500-1800/VIDEO 1709/Rolo de Papel de Parede Adesivo Estampado em Madeira Decoração e Reforma - XL3041-XL3049.mp4","09f8266fe5420fc3aaed4051f0f093241288a8a2ee00e5848676714bb92c9929","ok","10,68","1080","1920","1080x1920","vertical","30","h264","aac","2","44100","3297741","4402485",""
"VIDEOS 1500-1800-20260730T124532Z-1-001.zip","1710","250G Pomada universal Para Reparo De Parede Agrupantes Bonitos Selantes Paredes Peeling Grafite Gap Ferramenta De Construção Creme","VIDEOS 1500-1800/VIDEO 1710/250G Pomada universal Para Reparo De Parede Agrupantes Bonitos Selantes Paredes Peeling Grafite Gap Ferramenta De Construção Creme.mp4","67462fb87d6a092bbfd0a6f368340769619bb832236c9e6ba7c79ecfcfcc1487","ok","10,077","1080","1920","1080x1920","vertical","30","h264","aac","2","44100","1776055","2237164",""
"VIDEOS 1500-1800-20260730T124532Z-1-001.zip","1711","Novo Estilo Moda , Estoque Pronto Para Embarque Gratuito Caixa De Armazenamento De Louça De Mesa De Dupla Camada Com Pratos De Tampa Cozinha Rack De Drenagem De Prateleira Armário Plástico","VIDEOS 1500-1800/VIDEO 1711/Novo Estilo Moda , Estoque Pronto Para Embarque Gratuito Caixa De Armazenamento De Louça De Mesa De Dupla Camada Com Pratos De Tampa Cozinha Rack De Drenagem De Prateleira Armário Plástico.mp4","c8b86fb6cc1ba5341a4da5eb2103a5e68ecc6be2cb7a596e36963d7b5d381b1d","ok","17,832","1080","1920","1080x1920","vertical","30","h264","aac","2","44100","2467265","5499534",""
"VIDEOS 1500-1800-20260730T124532Z-1-001.zip","1712","Frigideira de dupla face, sanduíche de luz removível, panela de cozimento, sanduíche de café da manhã, Panini Press Grill com cabo de madeira para bacon de ovo de queijo todos os dias","VIDEOS 1500-1800/VIDEO 1712/Frigideira de dupla face, sanduíche de luz removível, panela de cozimento, sanduíche de café da manhã, Panini Press Grill com cabo de madeira para bacon de ovo de queijo todos os dias.mp4","9b263b16b4c043f0862b5ff73da8bcd205deea3da631bbdd21d7e095cd89a85d","ok","25,82","1080","1920","1080x1920","vertical","30","h264","aac","2","44100","1911544","6169511",""
"VIDEOS 1500-1800-20260730T124532Z-1-001.zip","1713","Primavera Verão Outono Sapatos De Bebê Soft-Soled Baby Toddler Meninas Interior Meias De Malha","VIDEOS 1500-1800/VIDEO 1713/Primavera Verão Outono Sapatos De Bebê Soft-Soled Baby Toddler Meninas Interior Meias De Malha.mp4","ad432bf99cc2cbb5fe6e81d1b3674468f757bde0025e688836258b2dd96380d2","ok","10,262","1080","1920","1080x1920","vertical","30","h264","aac","2","44100","2619305","3359914",""
"VIDEOS 1500-1800-20260730T124532Z-1-001.zip","1714","lotsofgood-Rede De Lona Portátil Conveniente Para O Exterior Sem Suporte Multi-Funcional Prática De Camping Swing Sleep","VIDEOS 1500-1800/VIDEO 1714/lotsofgood-Rede De Lona Portátil Conveniente Para O Exterior Sem Suporte Multi-Funcional Prática De Camping Swing Sleep.mp4","802a5f9fdc116426388c56433f62bdd922bb06630329843857fecf18c2b5390e","ok","10,727","1080","1920","1080x1920","vertical","30","h264","aac","2","44100","3324711","4458023",""
"VIDEOS 1500-1800-20260730T124532Z-1-001.zip","1715","[7 Cores] Mochila De Basquetebol Esportiva Ginásio Armazenamento Grande Capacidade Ombros De Viagem Futebol Vôlei","VIDEOS 1500-1800/VIDEO 1715/[7 Cores] Mochila De Basquetebol Esportiva Ginásio Armazenamento Grande Capacidade Ombros De Viagem Futebol Vôlei.mp4","2927626f0002282b1e2c0325d7f411da3e92c09be9a1e02a48bb9cf1a6c840d6","ok","14,604","1080","1920","1080x1920","vertical","30","h264","aac","2","44100","2718193","4962062",""
"VIDEOS 1500-1800-20260730T124532Z-1-001.zip","1716","Armário De Calçados Simples Ferramenta Manual Criativa Multicamadas Porta De Banheiro Dormitório Plástico De Prateleira","VIDEOS 1500-1800/VIDEO 1716/Armário De Calçados Simples Ferramenta Manual Criativa Multicamadas Porta De Banheiro Dormitório Plástico De Prateleira.mp4","0a07e6eb541cf849112cdc6fe82061f86b7f1185b053d7aafc2e7920e7f459c4","ok","22,267","1080","1920","1080x1920","vertical","30","h264","aac","2","44100","1762972","4907013",""
"VIDEOS 1500-1800-20260730T124532Z-1-001.zip","1717","1 Pcs Nail Art Graffiti Pen Black White UV Gel Polonês Design Dot Pintura Detalhe Caneta Prego Desenho Escovas DIY Ferramentas Da Arte Do","VIDEOS 1500-1800/VIDEO 1717/1 Pcs Nail Art Graffiti Pen Black White UV Gel Polonês Design Dot Pintura Detalhe Caneta Prego Desenho Escovas DIY Ferramentas Da Arte Do.mp4","09989e2098c7e3aa8a14d7fb6afa7d4986676a4acc128c74134eadc3f5de70ed","ok","16,183","1080","1920","1080x1920","vertical","30","h264","aac","2","44100","2041415","4129529",""
"VIDEOS 1500-1800-20260730T124532Z-1-001.zip","1718","5D Conjunto De Adesivos Branqueadores Dentes Adesivo Branqueador Dental","VIDEOS 1500-1800/VIDEO 1718/5D Conjunto De Adesivos Branqueadores Dentes Adesivo Branqueador Dental.mp4","09989e2098c7e3aa8a14d7fb6afa7d4986676a4acc128c74134eadc3f5de70ed","ok","16,183","1080","1920","1080x1920","vertical","30","h264","aac","2","44100","2041415","4129529",""
"VIDEOS 1500-1800-20260730T124532Z-1-001.zip","1719","Aspirador Portátil Recarregável Para Carro Sem Fio Mini Casa","VIDEOS 1500-1800/VIDEO 1719/Aspirador Portátil Recarregável Para Carro Sem Fio Mini Casa.mp4","9509d8004d5c617974f88c3c94f5d99c9d84afcc11dc304e8251dda0b8215664","ok","8,219","1080","1920","1080x1920","vertical","30","h264","aac","2","44100","1675048","1720903",""
"VIDEOS 1500-1800-20260730T124532Z-1-001.zip","1720","Cinto de correção de postura de volta ajustável mulheres homens evitar afrouxamento aliviar a dor postura correias clavícula suporte cinta","VIDEOS 1500-1800/VIDEO 1720/Cinto de correção de postura de volta ajustável mulheres homens evitar afrouxamento aliviar a dor postura correias clavícula suporte cinta.mp4","d91001957e591703c64633f45bbe44d152c481426b8e4d2831dc15facf537a31","ok","10,053","1080","1920","1080x1920","vertical","30","h264","aac","2","44100","2324871","2921492",""
"VIDEOS 1500-1800-20260730T124532Z-1-001.zip","1721","Porta Cortina Box Varão Bastão Banheiro de Extensível Universal Ajustável","VIDEOS 1500-1800/VIDEO 1721/Porta Cortina Box Varão Bastão Banheiro de Extensível Universal Ajustável.mp4","62bfd310a91df1b34d23263e8de5db845e10eb86d06c8ccf33e5046c400ca260","ok","14,07","1080","1920","1080x1920","vertical","30","h264","aac","2","44100","2554725","4493124",""
"VIDEOS 1500-1800-20260730T124532Z-1-001.zip","1722","Unihu Testador Medidor De Pilhas Com Capacidade Da Bateria 1,5v LCD Mostrador Digital Teste Rápido Ferramentas","VIDEOS 1500-1800/VIDEO 1722/Unihu Testador Medidor De Pilhas Com Capacidade Da Bateria 1,5v LCD Mostrador Digital Teste Rápido Ferramentas.mp4","356de352978191396b44f187391accb786bbd1ae758032a4df2a27c31465cc8e","ok","14,279","1080","1920","1080x1920","vertical","30","h264","aac","2","44100","2782332","4966115",""
"VIDEOS 1500-1800-20260730T124532Z-1-001.zip","1723","Rede Tela Mosquiteiro Protetora de Alimentos Abre Fecha Ideal para Café Bolo Comidas Contra Moscas Mosquitos","VIDEOS 1500-1800/VIDEO 1723/Rede Tela Mosquiteiro Protetora de Alimentos Abre Fecha Ideal para Café Bolo Comidas Contra Moscas Mosquitos.mp4","103d6f4e48cad76b56f3e8cdc2346b396654c710425a07a8d23ef8345704647b","ok","18,064","1080","1920","1080x1920","vertical","30","h264","aac","2","44100","3858373","8712208",""
"VIDEOS 1500-1800-20260730T124532Z-1-001.zip","1724","(Atualização) Ventilador De Pescoço Dobrável Botão De Toque Portátil Refrigeração Máscara Com USB 360 Graus Neckband Saídas De Ar 5000Mah Recarregável","VIDEOS 1500-1800/VIDEO 1724/(Atualização) Ventilador De Pescoço Dobrável Botão De Toque Portátil Refrigeração Máscara Com USB 360 Graus Neckband Saídas De Ar 5000Mah Recarregável.mp4","3c7c57437151e9d54f2d11cfeddb14f6c0fe9bcc0ce75bb4b507b31fe4317555","ok","15,789","1080","1920","1080x1920","vertical","30","h264","aac","2","44100","3381502","6673817",""
"VIDEOS 1500-1800-20260730T124532Z-1-001.zip","1725","Caixa De Armazenamento Extra Grande Capacidade Organizadora De Roupas Domésticas Dormitório Estudantil Dobrável De Livros","VIDEOS 1500-1800/VIDEO 1725/Caixa De Armazenamento Extra Grande Capacidade Organizadora De Roupas Domésticas Dormitório Estudantil Dobrável De Livros.mp4","de923f314571e719b38d185b5c266a404588ef922e96955b8956ed96d883a84c","ok","16,276","1080","1920","1080x1920","vertical","30","h264","aac","2","44100","3398260","6913762",""
"VIDEOS 1500-1800-20260730T124532Z-1-001.zip","1726","Descascador Multifuncional Automático De Frutas Para Descascar Ferramenta","VIDEOS 1500-1800/VIDEO 1726/Descascador Multifuncional Automático De Frutas Para Descascar Ferramenta.mp4","3f980df783740e2cbdbb5ff1b730ae214516ac2139c9456fdfe85f07971d5675","ok","12,05","1080","1920","1080x1920","vertical","30","h264","aac","2","44100","2017256","3038492",""
"VIDEOS 1500-1800-20260730T124532Z-1-001.zip","1727","Rack de armazenamento para banheiro, Rack de armazenamento para banheiro, Rack de armazenamento, Caixa Organizadora, Instalação Livre, Luz, Luxo","VIDEOS 1500-1800/VIDEO 1727/Rack de armazenamento para banheiro, Rack de armazenamento para banheiro, Rack de armazenamento, Caixa Organizadora, Instalação Livre, Luz, Luxo.mp4","70781a6bc65bb315c43f9047c2b4ab9885355f97e71a3242a76d9868a5da5117","ok","15,58","1080","1920","1080x1920","vertical","30","h264","aac","2","44100","2943827","5733105",""
"VIDEOS 1500-1800-20260730T124532Z-1-001.zip","1728","Ventosa Suporte Do Telefone Móvel Carro Titular Console Central Mecânica De Fixação De Navegação Braço Tiro Grande Caminhão","VIDEOS 1500-1800/VIDEO 1728/Ventosa Suporte Do Telefone Móvel Carro Titular Console Central Mecânica De Fixação De Navegação Braço Tiro Grande Caminhão.mp4","9a194b459a398677b4ba0315adf6189f752d56f42f47417961fabd025c9efc80","ok","16,042","1080","1920","1080x1920","vertical","30","h264","aac","2","48000","1838313","3686278",""
"VIDEOS 1500-1800-20260730T124532Z-1-001.zip","1729","Bolsa esportiva bolsa de armazenamento de grande capacidade MarisaStore","VIDEOS 1500-1800/VIDEO 1729/Bolsa esportiva bolsa de armazenamento de grande capacidade MarisaStore.mp4","defdd3ccf15d7860e80c0b2352faa2f2fd7a8c1f13921782e2bf9dab4f5bebfb","ok","15,231","1080","1920","1080x1920","vertical","30","h264","aac","2","44100","2599376","4948887",""
"VIDEOS 1500-1800-20260730T124532Z-1-001.zip","1730","Dispensador de água com aquecimento instantâneo, 1600w, 3s, bomba elétrica de aquecimento rápido, balde para viagem, dispensador de garrafa 220v","VIDEOS 1500-1800/VIDEO 1730/Dispensador de água com aquecimento instantâneo, 1600w, 3s, bomba elétrica de aquecimento rápido, balde para viagem, dispensador de garrafa 220v.mp4","e43cc557afc91aaef53523f2328e464911707d96057163b505fdc065ab4eda9e","ok","8,985","1080","1920","1080x1920","vertical","30","h264","aac","2","44100","1749742","1965179",""
"VIDEOS 1500-1800-20260730T124532Z-1-001.zip","1731","Calça Pantalona Feminina Com Bolso Cintura Alta Moda Super Envio! ! 00005555","VIDEOS 1500-1800/VIDEO 1731/Calça Pantalona Feminina Com Bolso Cintura Alta Moda Super Envio! ! 00005555.mp4","f51d9b7fb2dade2d0922e52d8ea4aa110691378f2eb042c558a8a412edc98fbf","ok","7,546","1080","1920","1080x1920","vertical","30","h264","aac","2","44100","2878757","2715388",""
"VIDEOS 1500-1800-20260730T124532Z-1-001.zip","1732","SUEBR Ferramentas De Limpeza De Panelas De Ferro Fundido Chainmail","VIDEOS 1500-1800/VIDEO 1732/SUEBR Ferramentas De Limpeza De Panelas De Ferro Fundido Chainmail.mp4","b2a017f180e4cff9a9ab48caa2ecdbe907e7db957ab44f60d7cacbf733ac3266","ok","14,047","1080","1920","1080x1920","vertical","30","h264","aac","2","44100","4074378","7154100",""
"VIDEOS 1500-1800-20260730T124532Z-1-001.zip","1733","Chave De Catraca De Rotação De 360 GrausTrabalho De CarroCruzHexagonalEfeforço","VIDEOS 1500-1800/VIDEO 1733/Chave De Catraca De Rotação De 360 GrausTrabalho De CarroCruzHexagonalEfeforço.mp4","e6d9b04248c06dab74bdc0485015b3e84f4d82b01b4228339b7244cfe5bfd8c6","ok","11,029","1080","1920","1080x1920","vertical","30","h264","aac","2","44100","3266707","4503564",""
"VIDEOS 1500-1800-20260730T124532Z-1-001.zip","1734","Influenciador Mesmo EstiloDobrávelSem Fundo MosquiteiroCapa Portátil Para EstudanteSuspenso InferiorSimples Instalação","VIDEOS 1500-1800/VIDEO 1734/Influenciador Mesmo EstiloDobrávelSem Fundo MosquiteiroCapa Portátil Para EstudanteSuspenso InferiorSimples Instalação.mp4","5a140c4517a0457cc92a94195605fefa62189c76fa4919e0c18bf2e886fa6fbf","ok","12,445","1080","1920","1080x1920","vertical","30","h264","aac","2","44100","1849122","2876541",""
"VIDEOS 1500-1800-20260730T124532Z-1-001.zip","1735","Capa de Puff Redondo Grande Suede Medida 1.40x20 Diâmetro Sem Enchimento","VIDEOS 1500-1800/VIDEO 1735/Capa de Puff Redondo Grande Suede Medida 1.40x20 Diâmetro Sem Enchimento.mp4","068346c6271b04876e923de8a3ffdb9f5c9f4b7cf50fdcbdd60020cc97130888","ok","15,115","1080","1920","1080x1920","vertical","30","h264","aac","2","44100","1270404","2400271",""
"VIDEOS 1500-1800-20260730T124532Z-1-001.zip","1736","Tapete Para Box Retangular Massagem Pés Relaxante Banheiro Antiderrapante Com Ventosa","VIDEOS 1500-1800/VIDEO 1736/Tapete Para Box Retangular Massagem Pés Relaxante Banheiro Antiderrapante Com Ventosa.mp4","0ec5b64482d64ef007628983d91eac2e5706ef682cd82fdb565b868fc18e6896","ok","15,649","1080","1920","1080x1920","vertical","30","h264","aac","2","44100","2422416","4738550",""
"VIDEOS 1500-1800-20260730T124532Z-1-001.zip","1737","Rack De Secagem De Pratos De Pia Com Placa De Esgoto Drenagem E Bandeja Conjunto De Bandejas De Grande Capacidade Armazenamento De Cozinha","VIDEOS 1500-1800/VIDEO 1737/Rack De Secagem De Pratos De Pia Com Placa De Esgoto Drenagem E Bandeja Conjunto De Bandejas De Grande Capacidade Armazenamento De Cozinha.mp4","0ade3b400b85a19ac0d26bb6083b240d1788dabc3b4421aae8c0225fdec59966","ok","13,861","1080","1920","1080x1920","vertical","30","h264","aac","2","44100","1787324","3096763",""
"VIDEOS 1500-1800-20260730T124532Z-1-001.zip","1738","Lençol de Transferência Para Pessoas Acamadas E Com Mobilidade Reduzida LongeviTech 1,37x0,97m","VIDEOS 1500-1800/VIDEO 1738/Lençol de Transferência Para Pessoas Acamadas E Com Mobilidade Reduzida LongeviTech 1,37x0,97m.mp4","4be63b1752e844e7c3e0b236915088a5836a5a15d1a0fee225631c3735d8a398","ok","14,906","1080","1920","1080x1920","vertical","30","h264","aac","2","44100","2212297","4122063",""
"VIDEOS 1500-1800-20260730T124532Z-1-001.zip","1739","[Destaque] 10Pcsset Princesa Mononoke Blue Green Tree Spirits Micro Landscape Figure Ornament Mini Briquetes Luminosos Elf Garden Decoração Alienígena","VIDEOS 1500-1800/VIDEO 1739/[Destaque] 10Pcsset Princesa Mononoke Blue Green Tree Spirits Micro Landscape Figure Ornament Mini Briquetes Luminosos Elf Garden Decoração Alienígena.mp4","faff78f2a6ee4482b7e9a5078b59ceabfc51289eba185fae4869a99413f4c34c","ok","11,238","1080","1920","1080x1920","vertical","30","h264","aac","2","44100","1667748","2342770",""
"VIDEOS 1500-1800-20260730T124532Z-1-001.zip","1740","36Pcs Fita Adesiva Sem Medo Feminina De Dupla Face Para Roupas E CorpoCor Transparente Todas As Sombras De Pele","VIDEOS 1500-1800/VIDEO 1740/36Pcs Fita Adesiva Sem Medo Feminina De Dupla Face Para Roupas E CorpoCor Transparente Todas As Sombras De Pele.mp4","cb6e234388318b1c86abc2ac3102282b612716d43ff3a37b670f812d4d4f1ca0","ok","14,558","1080","1920","1080x1920","vertical","30","h264","aac","2","44100","2398469","4364614",""
"VIDEOS 1500-1800-20260730T124532Z-1-001.zip","1741","UPSTOP Hair Remover Balls Alta Qualidade Para Roupas Sofá Cama Limpador Multifuncional Removedor De Lintura","VIDEOS 1500-1800/VIDEO 1741/UPSTOP Hair Remover Balls Alta Qualidade Para Roupas Sofá Cama Limpador Multifuncional Removedor De Lintura.mp4","143a220396e9520ffb2efdbca52bb3682a21226317209ec4e9f9516cfd28d9dd","ok","13,56","1080","1920","1080x1920","vertical","30","h264","aac","2","44100","1501253","2544625",""
"VIDEOS 1500-1800-20260730T124532Z-1-001.zip","1742","Colchão inflável do agregado familiar cama inflável única grossa cama de almofada de ar de dupla camada bomba elétrica embutida","VIDEOS 1500-1800/VIDEO 1742/Colchão inflável do agregado familiar cama inflável única grossa cama de almofada de ar de dupla camada bomba elétrica embutida.mp4","fbe7b419851ebe6e950b45adc28890174bf7d3b007d597cec555baae19c1b83c","ok","38,428","1080","1920","1080x1920","vertical","30","h264","aac","2","44100","1627029","7815434",""
"VIDEOS 1500-1800-20260730T124532Z-1-001.zip","1743","Kit 3 Mantas Asfáltica Aluminizadas Auto Adesiva - 90cm X 10m","VIDEOS 1500-1800/VIDEO 1743/Kit 3 Mantas Asfáltica Aluminizadas Auto Adesiva - 90cm X 10m.mp4","cb8601ad868db3ed7c86558ee4a12091a180a330fa805dd31a04abfa3a0d5483","ok","16,601","1080","1920","1080x1920","vertical","30","h264","aac","2","44100","3333540","6917513",""
"VIDEOS 1500-1800-20260730T124532Z-1-001.zip","1744","Cogumelo Umidificador De Ar De Chuva Difusor De Fragrância De Luz Nocturna Colorida Para Casa","VIDEOS 1500-1800/VIDEO 1744/Cogumelo Umidificador De Ar De Chuva Difusor De Fragrância De Luz Nocturna Colorida Para Casa.mp4","26c1e35f3a68f85d18928339322b460f7ea104e5ce127b33eed8e637307198f8","ok","8,219","1080","1920","1080x1920","vertical","30","h264","aac","2","44100","2026841","2082326",""
"VIDEOS 1500-1800-20260730T124532Z-1-001.zip","1745","Máscara Anti-Rugas Com Ácido Hialurônico Elevação Microcristalino Beleza Nasolabial Dobras Adesivos Remoção De","VIDEOS 1500-1800/VIDEO 1745/Máscara Anti-Rugas Com Ácido Hialurônico Elevação Microcristalino Beleza Nasolabial Dobras Adesivos Remoção De.mp4","59a76642ba5f5f84657e16be3f2de1ace5016966c9494209507693f42607e0d3","ok","10,936","1080","1920","1080x1920","vertical","30","h264","aac","2","44100","2039202","2787590",""
"VIDEOS 1500-1800-20260730T124532Z-1-001.zip","1746","COZINHA Tampa De Furo Reservado Prático Exterior Separável Painel Snap-on Capas Decorativas De Arame De Parede","VIDEOS 1500-1800/VIDEO 1746/COZINHA Tampa De Furo Reservado Prático Exterior Separável Painel Snap-on Capas Decorativas De Arame De Parede.mp4","f632e10356252e92b7699ce8e69a327706cd2763366340e1dd0347b272c3a007","ok","8,637","1080","1920","1080x1920","vertical","30","h264","aac","2","44100","1903129","2054666",""
"VIDEOS 1500-1800-20260730T124532Z-1-001.zip","1747","Brinquedo Comedouro Interativo Cães Quebra Cabeça Pet Nfe","VIDEOS 1500-1800/VIDEO 1747/Brinquedo Comedouro Interativo Cães Quebra Cabeça Pet Nfe.mp4","7d61f2a3cb4f69e2c7e0ee79d43f377dfb48ed0e1daffca1d2d84f18f15d6a59","ok","7,964","1080","1920","1080x1920","vertical","30","h264","aac","2","44100","2122289","2112739",""
"VIDEOS 1500-1800-20260730T124532Z-1-001.zip","1748","🔥hot sale🔥100200CM Espelho Acrílico Adesivos De Parede Retângulo Autoadesivo DIY Banheiro À Prova D_água Na Arte","VIDEOS 1500-1800/VIDEO 1748/🔥hot sale🔥100200CM Espelho Acrílico Adesivos De Parede Retângulo Autoadesivo DIY Banheiro À Prova D_água Na Arte.mp4","16d2a26bbb6f54311b596a1f90121bb44404c466c17e27ede246255cc92279bb","ok","11,861","1080","1920","1080x1920","vertical","30","h264","aac","2","48000","2975919","4412173",""
"VIDEOS 1500-1800-20260730T124532Z-1-001.zip","1749","Purificador De Água Da Torneira Modo De Saída Dupla Doméstica","VIDEOS 1500-1800/VIDEO 1749/Purificador De Água Da Torneira Modo De Saída Dupla Doméstica.mp4","5d16ce6bbc8c9921587a54d59e3a34e476cb3012e995a4a60c317bcaf8818b46","ok","18,204","1080","1920","1080x1920","vertical","30","h264","aac","2","44100","1826353","4155868",""
"VIDEOS 1500-1800-20260730T124532Z-1-001.zip","1750","Bolsa De Nylon Para Homens Laptop Bolsas Transversal Multifuncional De Ombro Mensageiro","VIDEOS 1500-1800/VIDEO 1750/Bolsa De Nylon Para Homens Laptop Bolsas Transversal Multifuncional De Ombro Mensageiro.mp4","2dfb0036499f20a70324a3fcd4795e9a3797cc2b78db6b6e6189a071b4ff04a7","ok","19,754","1080","1920","1080x1920","vertical","30","h264","aac","2","48000","2976723","7350274",""
"VIDEOS 1500-1800-20260730T124532Z-1-001.zip","1751","Divirta a Criançada com a Tampa de Pasta de dente Pensador - Imagine a Surpresa no Banheiro - Pasta Dental","VIDEOS 1500-1800/VIDEO 1751/Divirta a Criançada com a Tampa de Pasta de dente Pensador - Imagine a Surpresa no Banheiro - Pasta Dental.mp4","31077dc777d7dd5d9381f6ce74d77c85955c45259845fb182705a847abf8a62c","ok","11,47","1080","1920","1080x1920","vertical","30","h264","aac","2","44100","1333311","1911636",""
"VIDEOS 1500-1800-20260730T124532Z-1-001.zip","1752","Fita Adesiva Para Vedação De JanelaPortaControle InternoResistente Ao SomIsolamento Anti Vazamentos Ar","VIDEOS 1500-1800/VIDEO 1752/Fita Adesiva Para Vedação De JanelaPortaControle InternoResistente Ao SomIsolamento Anti Vazamentos Ar.mp4","ea0542331f9c914af787ec816cf9770f61b3389af2deb57d64ac0356732b2634","ok","10,448","720","1280","720x1280","vertical","30","h264","aac","2","44100","1315055","1717463",""
"VIDEOS 1500-1800-20260730T124532Z-1-001.zip","1753","HANDBAG Lavador De Lentes De Contato Ferramentas De Limpeza Manual Para Cactos","VIDEOS 1500-1800/VIDEO 1753/HANDBAG Lavador De Lentes De Contato Ferramentas De Limpeza Manual Para Cactos.mp4","639c54b7372283181ca42ca02003a49d31d9cd9999970ee109520db2963ece7c","ok","11,284","720","1280","720x1280","vertical","30","h264","aac","2","44100","1180134","1664580",""
"VIDEOS 1500-1800-20260730T124532Z-1-001.zip","1754","Fritadeira Philco Air Fryer 2 em 1 Oven 11L PFR2000P 127V","VIDEOS 1500-1800/VIDEO 1754/Fritadeira Philco Air Fryer 2 em 1 Oven 11L PFR2000P 127V.mp4","6b32b9d5dc6aa1b312678ee3cb8bea844d4323c2f313c52dee1db94c2a1aad3a","ok","10,75","1080","1920","1080x1920","vertical","30","h264","aac","2","44100","2624402","3526541",""
"VIDEOS 1500-1800-20260730T124532Z-1-001.zip","1755","porta-bebéscanguru porta-bebés","VIDEOS 1500-1800/VIDEO 1755/porta-bebéscanguru porta-bebés.mp4","83e1040283bf83451ae4e43f0c88c4a6675395f8d2ba5ddec135e7b3dffe8010","ok","9,566","1080","1920","1080x1920","vertical","30","h264","aac","2","44100","3301077","3947264",""
"VIDEOS 1500-1800-20260730T124532Z-1-001.zip","1756","Decalque para o carro Decalque Reflector de Luz do Capô, para o Vingador Decalque do Homem de Ferro Decalque do Homem de Ferro Decalque do Carro Auto Auto Auto Auto Auto Auto Auto Auto Auto Auto Au","VIDEOS 1500-1800/VIDEO 1756/Decalque para o carro Decalque Reflector de Luz do Capô, para o Vingador Decalque do Homem de Ferro Decalque do Homem de Ferro Decalque do Carro Auto Auto Auto Auto Auto Auto Auto Auto Auto Auto Au.mp4","e47d026b83617334aa9c72e0e5f51b9c4105b2fc069d6999606c76d0da3f5be3","ok","11,33","1080","1920","1080x1920","vertical","30","h264","aac","2","44100","1518610","2150732",""
"VIDEOS 1500-1800-20260730T124532Z-1-001.zip","1757","Colher De Silicone De Apertar Pasta De Arroz Frutas E Legumes Purê De Vegetais Biberão De Alimentação De BebêGarrafa De Remédios","VIDEOS 1500-1800/VIDEO 1757/Colher De Silicone De Apertar Pasta De Arroz Frutas E Legumes Purê De Vegetais Biberão De Alimentação De BebêGarrafa De Remédios.mp4","2cef5c6c54abb551930e1c82de4bec06468ad1dbbbb846ba2e29638553df093d","ok","14,976","1080","1920","1080x1920","vertical","30","h264","aac","2","44100","1692681","3168699",""
"VIDEOS 1500-1800-20260730T124532Z-1-001.zip","1758","TATUAGEM TEMPORÁRIA  TATUAGENS  TATTOO  SEXY SHOP  BORBOLETA ( cartela 19)","VIDEOS 1500-1800/VIDEO 1758/TATUAGEM TEMPORÁRIA  TATUAGENS  TATTOO  SEXY SHOP  BORBOLETA ( cartela 19).mp4","7f36e1008928b0de0c7913b8056d360730cd580c1207af462871462d2ba7f9cc","ok","13,49","720","1280","720x1280","vertical","30","h264","aac","2","44100","1267779","2137794",""
"VIDEOS 1500-1800-20260730T124532Z-1-001.zip","1759","Cortador De Unha Anti-Splash Fingernail Clipper Com Bandeja Colecionável De Aço Inoxidável SHOPSBC1199","VIDEOS 1500-1800/VIDEO 1759/Cortador De Unha Anti-Splash Fingernail Clipper Com Bandeja Colecionável De Aço Inoxidável SHOPSBC1199.mp4","97d1534e7412f8e94c503aff76906ecd4b2a2d54d86b94f6f67ae3ca20831fe1","ok","20,897","1080","1920","1080x1920","vertical","30","h264","aac","2","44100","1565587","4089511",""
"VIDEOS 1500-1800-20260730T124532Z-1-001.zip","1760","10 Peças  Jogo Corretor De Unha Encravadas Para Unhas Encravadas","VIDEOS 1500-1800/VIDEO 1760/10 Peças  Jogo Corretor De Unha Encravadas Para Unhas Encravadas.mp4","9d870e95cfe679dff80f3e06d9562ff931ebf2c03b1c2899bed40518197a4273","ok","11,261","720","1280","720x1280","vertical","30","h264","aac","2","44100","1135460","1598303",""
"VIDEOS 1500-1800-20260730T124532Z-1-001.zip","1761","Pente De Pêssego Coração Dupla FaceEscova De BarbearCabelo Para IniciantesAparador De FaixasCuidados PessoaisFerramentas De BarbeiroCorte & Faixa Fina Fino","VIDEOS 1500-1800/VIDEO 1761/Pente De Pêssego Coração Dupla FaceEscova De BarbearCabelo Para IniciantesAparador De FaixasCuidados PessoaisFerramentas De BarbeiroCorte & Faixa Fina Fino.mp4","387c28b99619b7ce51cce1954a7f9f8a991492b11ca1b67f5e361d8306a246fa","ok","8,01","1080","1920","1080x1920","vertical","30","h264","aac","2","44100","1988240","1990726",""
"VIDEOS 1500-1800-20260730T124532Z-1-001.zip","1762","1 Rolo 5M Papel De Parede Autoadesivo 3D De Espuma Espessada Adesivo À Prova D_água Esfoliante De Umidade Decoração De Casa","VIDEOS 1500-1800/VIDEO 1762/1 Rolo 5M Papel De Parede Autoadesivo 3D De Espuma Espessada Adesivo À Prova D_água Esfoliante De Umidade Decoração De Casa.mp4","854583c2bc30107f09c664477167634f2bdf2bade3cb69331a0045c927700a94","ok","19,016","1080","1920","1080x1920","vertical","30","h264","aac","2","44100","2511527","5969900",""
"VIDEOS 1500-1800-20260730T124532Z-1-001.zip","1763","Colchão Cama Inflável Carro Veícular Viagem Super Resistente","VIDEOS 1500-1800/VIDEO 1763/Colchão Cama Inflável Carro Veícular Viagem Super Resistente.mp4","bdabc604d56d9007ca2ef6c6e9b607a485db594a34da9551a9e82fc4ff8d763e","ok","14,906","1080","1920","1080x1920","vertical","30","h264","aac","2","44100","2516415","4688712",""
"VIDEOS 1500-1800-20260730T124532Z-1-001.zip","1764","Mini tábua de engomar dobrável, desktop, multifuncional, suporte para uso doméstico e em viagens, novo, venda quente","VIDEOS 1500-1800/VIDEO 1764/Mini tábua de engomar dobrável, desktop, multifuncional, suporte para uso doméstico e em viagens, novo, venda quente.mp4","5873313959dec1d47eee19d394f735ae18a8820b497fd09bc2b0ea9a0b5df592","ok","4,991","1080","1920","1080x1920","vertical","30","h264","aac","2","44100","1726518","1077132",""
"VIDEOS 1500-1800-20260730T124532Z-1-001.zip","1765","Nova Bolsa De Couro De Um Ombro Da Moda Quadrada Pequena kf224","VIDEOS 1500-1800/VIDEO 1765/Nova Bolsa De Couro De Um Ombro Da Moda Quadrada Pequena kf224.mp4","c1a69b70f8de09a0fda5b7189c5b8358db5996fbb90230077efcbc1fad0375c2","ok","5,827","1080","1920","1080x1920","vertical","30","h264","aac","2","44100","2323262","1692206",""
"VIDEOS 1500-1800-20260730T124532Z-1-001.zip","1766","Torneira e Pia 8 Em 1 Multifuncional Ferramenta De Chave De Instalação","VIDEOS 1500-1800/VIDEO 1766/Torneira e Pia 8 Em 1 Multifuncional Ferramenta De Chave De Instalação.mp4","c17870e26933a5d53aac65e9317011e98bdfcc66f83717c38252b46edce606d1","ok","10,053","1080","1920","1080x1920","vertical","30","h264","aac","2","44100","2461574","3093276",""
"VIDEOS 1500-1800-20260730T124532Z-1-001.zip","1767","Mochila Com Tudo Estilosa Feminina Armazenamento Dobrável Bolsa Esportiva De Curta Distância Academia Separação Úmida De Natação Lazer Bordada Na Moda","VIDEOS 1500-1800/VIDEO 1767/Mochila Com Tudo Estilosa Feminina Armazenamento Dobrável Bolsa Esportiva De Curta Distância Academia Separação Úmida De Natação Lazer Bordada Na Moda.mp4","534307105a94f73e6b92816b23b292b6f1cfabae887b7e60bdfbf125aa8063da","ok","12,422","1080","1920","1080x1920","vertical","30","h264","aac","2","44100","2721022","4225067",""
"VIDEOS 1500-1800-20260730T124532Z-1-001.zip","1768","Konka Instrumento De Remoção De Ácaros Sem Fio Home Cama Especial De Grande Sucção Pequeno Aspirador Esterilização Para Artefato De Ácaro , Além De Completa","VIDEOS 1500-1800/VIDEO 1768/Konka Instrumento De Remoção De Ácaros Sem Fio Home Cama Especial De Grande Sucção Pequeno Aspirador Esterilização Para Artefato De Ácaro , Além De Completa.mp4","0e39ee1ff7aadd4d54fcb0d64122215d6a50628a20b31ee341ea1478e96e130a","ok","10,703","1080","1920","1080x1920","vertical","30","h264","aac","2","44100","2540259","3398550",""
"VIDEOS 1500-1800-20260730T124532Z-1-001.zip","1769","Escova De Limpeza Esfregão 2 Em 1 Vassoura Rodo Chão Cozinha Banheiro","VIDEOS 1500-1800/VIDEO 1769/Escova De Limpeza Esfregão 2 Em 1 Vassoura Rodo Chão Cozinha Banheiro.mp4","25e958f4d25cd3004d8375940cf6a844ab041259e9de91e97f8dc381cb1c2f7b","ok","13,234","1080","1920","1080x1920","vertical","30","h264","aac","2","44100","2049805","3390891",""
"VIDEOS 1500-1800-20260730T124532Z-1-001.zip","1770","Infusor De Chá Aço Inoxidável Coador Filtro ErvasMini Infusor De Chá E Ervas Inox Peneira Coador Corrente Bolinha","VIDEOS 1500-1800/VIDEO 1770/Infusor De Chá Aço Inoxidável Coador Filtro ErvasMini Infusor De Chá E Ervas Inox Peneira Coador Corrente Bolinha.mp4","2adef64d42a7d9785388a1c08baade45af139a2bb009d83e9cf4b00bb0f8d896","ok","9,96","1080","1920","1080x1920","vertical","30","h264","aac","2","44100","2087363","2598767",""
"VIDEOS 1500-1800-20260730T124532Z-1-001.zip","1771","Bolhas De Sabão 69 Buracos Pistola Máquina Elétrica gatling Bolha Arma Forma Foguete Ventilador Automático Com Luz Para As Crianças Brinquedos De Banho De Presente 17HB","VIDEOS 1500-1800/VIDEO 1771/Bolhas De Sabão 69 Buracos Pistola Máquina Elétrica gatling Bolha Arma Forma Foguete Ventilador Automático Com Luz Para As Crianças Brinquedos De Banho De Presente 17HB.mp4","00be3281ac783421ecb8388cb72b76a40ca62e7a9ac64dd849ab8e514ccf7a2d","ok","14,07","1080","1920","1080x1920","vertical","30","h264","aac","2","44100","4512394","7936173",""
"VIDEOS 1500-1800-20260730T124532Z-1-001.zip","1772","Quarto Quarentena Cerca de Segurança Do Bebê Cama Na Cama Kid Protetor de Dormir Guardrail Anti-Queda Segurança Rail Side Cerca de Proteção","VIDEOS 1500-1800/VIDEO 1772/Quarto Quarentena Cerca de Segurança Do Bebê Cama Na Cama Kid Protetor de Dormir Guardrail Anti-Queda Segurança Rail Side Cerca de Proteção.mp4","76f685db8812c129db9a0ccd94ad854a1d909bab7945fb3248fe0d36605f606f","ok","9,728","1080","1920","1080x1920","vertical","30","h264","aac","2","44100","2670086","3246825",""
"VIDEOS 1500-1800-20260730T124532Z-1-001.zip","1773","Painel Adesivo Quadro Nichos 3d Vasos 3 Peças","VIDEOS 1500-1800/VIDEO 1773/Painel Adesivo Quadro Nichos 3d Vasos 3 Peças.mp4","0073619274c65157d18eb7ec2d501e12a94e315fec159598c78e7dd1c0287886","ok","13,908","720","1280","720x1280","vertical","30","h264","aac","2","44100","1149501","1998408",""
"VIDEOS 1500-1800-20260730T124532Z-1-001.zip","1774","10pçs Adesivos Absorventes Descartáveis InvisívelDesodorante Não Tecido De Algodão Para AxilasCuidados","VIDEOS 1500-1800/VIDEO 1774/10pçs Adesivos Absorventes Descartáveis InvisívelDesodorante Não Tecido De Algodão Para AxilasCuidados.mp4","a82f887a746c713dbd1cb5a9504b1611653a6c805e9e423b8042a553dd1972b1","ok","10,495","720","1280","720x1280","vertical","30","h264","aac","2","44100","1336812","1753731",""
"VIDEOS 1500-1800-20260730T124532Z-1-001.zip","1775","Mop Limpador Multiuso Spin & Go Pro Polishop","VIDEOS 1500-1800/VIDEO 1775/Mop Limpador Multiuso Spin & Go Pro Polishop.mp4","00dce260800ba94b20a44beac8e22d2b2e9112f70a68638557735a5ad3a26073","ok","10,378","1080","1920","1080x1920","vertical","30","h264","aac","2","44100","2491306","3231848",""
"VIDEOS 1500-1800-20260730T124532Z-1-001.zip","1776","Papel De Parede 3D Placa Adesivo Espuma Autocolante Tijolo Madeira Pedra Canjiquinha Impermeável Alto Relevo 30cmx30cm","VIDEOS 1500-1800/VIDEO 1776/Papel De Parede 3D Placa Adesivo Espuma Autocolante Tijolo Madeira Pedra Canjiquinha Impermeável Alto Relevo 30cmx30cm.mp4","57c38816eccc99865c683855c594996ff63c5392371433a794a606831f56cd2e","ok","23,451","1080","1920","1080x1920","vertical","30","h264","aac","2","44100","1745175","5115764",""
"VIDEOS 1500-1800-20260730T124532Z-1-001.zip","1777","Alívio Do Estresse Brinquedo Porquinho De Com Ressalto Criativo Pele Rosa Adequado Para Adultos E Crianças","VIDEOS 1500-1800/VIDEO 1777/Alívio Do Estresse Brinquedo Porquinho De Com Ressalto Criativo Pele Rosa Adequado Para Adultos E Crianças.mp4","0fb82f03b51111de78bb72f08406dbc218d2bdfb3a5df62fb20b4292ebe730d6","ok","6,268","1080","1920","1080x1920","vertical","30","h264","aac","2","44100","3180222","2491704",""
"VIDEOS 1500-1800-20260730T124532Z-1-001.zip","1778","LED Luz Sensor Noturna Movimento USB Sem Fio Iluminação Luzes","VIDEOS 1500-1800/VIDEO 1778/LED Luz Sensor Noturna Movimento USB Sem Fio Iluminação Luzes.mp4","9681da3e286e7e2517d976a3c8bbbf0f1d912183aef78cc61122d5dccacc3267","ok","14,767","1080","1920","1080x1920","vertical","30","h264","aac","2","44100","1557721","2875359",""
"VIDEOS 1500-1800-20260730T124532Z-1-001.zip","1779","Desentupidor De Pia Privada Vaso Encanamento Bomba Pressão","VIDEOS 1500-1800/VIDEO 1779/Desentupidor De Pia Privada Vaso Encanamento Bomba Pressão.mp4","42d47b0e19c58b08780b741b8c765e80cff4e41463dd3187fa9649e63f41c102","ok","8,823","720","1280","720x1280","vertical","30","h264","aac","2","44100","1174040","1294820",""
"VIDEOS 1500-1800-20260730T124532Z-1-001.zip","1780","Levitação magnética flutuante 3d flor imortal led eletrônico anti-gravidade luz da noite decoração para casa presente de aniversário","VIDEOS 1500-1800/VIDEO 1780/Levitação magnética flutuante 3d flor imortal led eletrônico anti-gravidade luz da noite decoração para casa presente de aniversário.mp4","fe916013155fb76a777b7688b62789974690b7f019938ac2bc0bb410051e5eba","ok","10,053","1080","1920","1080x1920","vertical","30","h264","aac","2","44100","2372413","2981234",""
"VIDEOS 1500-1800-20260730T124532Z-1-001.zip","1781","Motocicleta Elétrica Infantil Carro Elétrico de Três Rodas 1-6 Anos de Idade Carro de Brinquedo Infantil Com Música Kids Ride-On Toys Scooter","VIDEOS 1500-1800/VIDEO 1781/Motocicleta Elétrica Infantil Carro Elétrico de Três Rodas 1-6 Anos de Idade Carro de Brinquedo Infantil Com Música Kids Ride-On Toys Scooter.mp4","d30d976e8dd21267e56aef50edcf411cc8ca648783bb7a9aec2cdf48ee91d054","ok","7,755","720","1280","720x1280","vertical","30","h264","aac","2","44100","2298394","2228006",""
"VIDEOS 1500-1800-20260730T124532Z-1-001.zip","1782","1 Espelhos para Retrovisor Convexo Auxiliar Carro e Moto carro projetando-se da zona cega auxiliar do motor externo de 5 cm de centro universal alvo","VIDEOS 1500-1800/VIDEO 1782/1 Espelhos para Retrovisor Convexo Auxiliar Carro e Moto carro projetando-se da zona cega auxiliar do motor externo de 5 cm de centro universal alvo.mp4","9a7937138b09424f0d0c20063a89a893595f3da36b8176c38f78af14f8618ec5","ok","17,878","1080","1920","1080x1920","vertical","30","h264","aac","2","44100","2220029","4961212",""
"VIDEOS 1500-1800-20260730T124532Z-1-001.zip","1783","Airpods 12 airpods pro fone de ouvido sem fio Bluetooth capa protetora caixa de sapatos e bolsas da moda","VIDEOS 1500-1800/VIDEO 1783/Airpods 12 airpods pro fone de ouvido sem fio Bluetooth capa protetora caixa de sapatos e bolsas da moda.mp4","1d0bcb5a3536f7ba6bbdcde58ecc227f2ef02d775cc7265c2eee3078c1836552","ok","11,121","1080","1920","1080x1920","vertical","30","h264","aac","2","44100","1603696","2229338",""
"VIDEOS 1500-1800-20260730T124532Z-1-001.zip","1784","kit Toppik Aplicador E Cabelo Fibra Disfarce Careca","VIDEOS 1500-1800/VIDEO 1784/kit Toppik Aplicador E Cabelo Fibra Disfarce Careca.mp4","250fe8ad4ed3d2af79fd290af22b7c38cf346109a2f5f89a128d18c1069592b8","ok","19,991","1080","1920","1080x1920","vertical","30","h264","aac","2","44100","1884672","4709561",""
"VIDEOS 1500-1800-20260730T124532Z-1-001.zip","1785","Chave Inglesa De Duas Pontas Ajustável Multifuncional Universal Para Reparo","VIDEOS 1500-1800/VIDEO 1785/Chave Inglesa De Duas Pontas Ajustável Multifuncional Universal Para Reparo.mp4","d92c75124a8209cdbc42763f7e3fc91e99e9782672a0b2c268d6a07ea56b442e","ok","24,775","720","1280","720x1280","vertical","30","h264","aac","2","44100","1374516","4256705",""
"VIDEOS 1500-1800-20260730T124532Z-1-001.zip","1786","CANECA CÔNICA COM COLHER CUNHADA PRESENTE LEMBRANÇA CUNHADA CANECA PERSONALIZADA","VIDEOS 1500-1800/VIDEO 1786/CANECA CÔNICA COM COLHER CUNHADA PRESENTE LEMBRANÇA CUNHADA CANECA PERSONALIZADA.mp4","5d9211a8a2d1ceef44492bd9d276b8c1744e31ce6cd207353c41409476bf47b5","ok","6,965","1080","1920","1080x1920","vertical","30","h264","aac","2","44100","1282688","1116741",""
"VIDEOS 1500-1800-20260730T124532Z-1-001.zip","1787","Garrafa Squeeze Fosco Térmica Aço Inox Com Copo Stainless Steel Top","VIDEOS 1500-1800/VIDEO 1787/Garrafa Squeeze Fosco Térmica Aço Inox Com Copo Stainless Steel Top.mp4","e5df1b96fc7b43ee6b800e5395af5b40fe6cf0fcd8161ce3f19b155947830b0c","ok","14,999","1080","1920","1080x1920","vertical","30","h264","aac","2","44100","2805816","5260556",""
"VIDEOS 1500-1800-20260730T124532Z-1-001.zip","1788","Espremedor Amassador Triturador De Alho Manual Cozinha Inox","VIDEOS 1500-1800/VIDEO 1788/Espremedor Amassador Triturador De Alho Manual Cozinha Inox.mp4","986610a4ba2b9a40934ab643df4f4cd88ce1a445f7a6a3360c75bf4edab91a5e","ok","7,871","1080","1920","1080x1920","vertical","30","h264","aac","2","44100","2744381","2700128",""
"VIDEOS 1500-1800-20260730T124532Z-1-001.zip","1789","Varal De Parede Retrátil Fio Aço Inoxidável Suporta Até 20kg","VIDEOS 1500-1800/VIDEO 1789/Varal De Parede Retrátil Fio Aço Inoxidável Suporta Até 20kg.mp4","a85e1a7a7c99ab4ca8112a44fbbdda751098f136c9172fdd396146f9ae983dbd","ok","21,594","1080","1920","1080x1920","vertical","30","h264","aac","2","44100","1850578","4995174",""
"VIDEOS 1500-1800-20260730T124532Z-1-001.zip","1790","Adaprox Fingerbot O Menor Robô Smart LifeTUYAAPP Braços Mecânicos Inteligentes Trabalhar Com Alexa Google Assistant","VIDEOS 1500-1800/VIDEO 1790/Adaprox Fingerbot O Menor Robô Smart LifeTUYAAPP Braços Mecânicos Inteligentes Trabalhar Com Alexa Google Assistant.mp4","ca0c0407a100490a9f4497596a33226e225b3ba11d544c46d397d9e77ee5d4fc","ok","11,725","720","1280","720x1280","vertical","30","h264","aac","2","44100","914953","1340978",""
"VIDEOS 1500-1800-20260730T124532Z-1-001.zip","1791","Unha Postiça Bailarina e Stiletto Unhas Postiças Natural ou Transparente  Curvatura (c) Longa com 24 Estileto Unhas de Gato Coloridas","VIDEOS 1500-1800/VIDEO 1791/Unha Postiça Bailarina e Stiletto Unhas Postiças Natural ou Transparente  Curvatura (c) Longa com 24 Estileto Unhas de Gato Coloridas.mp4","c33ebaced14f2b511b1ed2f94d7d7aff3c92c1265c08dba8dfd293ab2b035b04","ok","11,121","1080","1920","1080x1920","vertical","30","h264","aac","2","44100","1274201","1771299",""
"VIDEOS 1500-1800-20260730T124532Z-1-001.zip","1792","Luvas De Limpeza De Pó Em Escala De Peixe 1020pcs Fibra De Cozinha Reutilizáveis Ferramentas","VIDEOS 1500-1800/VIDEO 1792/Luvas De Limpeza De Pó Em Escala De Peixe 1020pcs Fibra De Cozinha Reutilizáveis Ferramentas.mp4","98ea08bab44d7101755257bca301b831b06f3f4d3ac0647b5fe7532bf52c6ad4","ok","12,399","720","1280","720x1280","vertical","30","h264","aac","2","44100","1417453","2196876",""
"VIDEOS 1500-1800-20260730T124532Z-1-001.zip","1793","(WTED) 1 Conjunto De Brincos Mostruário Caixa Em Forma De Cabide Acrílico Suporte Para De Mesa","VIDEOS 1500-1800/VIDEO 1793/(WTED) 1 Conjunto De Brincos Mostruário Caixa Em Forma De Cabide Acrílico Suporte Para De Mesa.mp4","21b9b5f35de4c88fad9f74fe70880852d42dcdb2643197dc9bbbbbf5de9dfc7e","ok","12,027","1080","1920","1080x1920","vertical","30","h264","aac","2","44100","1994487","2998462",""
"VIDEOS 1500-1800-20260730T124532Z-1-001.zip","1794","Placa Ripado 30x30cm  kit 22 peças (2m²)  10 Cores  Anti-impacto  Decoração de parede","VIDEOS 1500-1800/VIDEO 1794/Placa Ripado 30x30cm  kit 22 peças (2m²)  10 Cores  Anti-impacto  Decoração de parede.mp4","14c0573add9fcb8c0eb2bbbcab7dbc47217d3dfd4a63c9ffbce0820627bfbb85","ok","17,275","1080","1920","1080x1920","vertical","30","h264","aac","2","44100","1808538","3905313",""
"VIDEOS 1500-1800-20260730T124532Z-1-001.zip","1795","Grade De Idoso Cama Apoio De Segurança Proteção","VIDEOS 1500-1800/VIDEO 1795/Grade De Idoso Cama Apoio De Segurança Proteção.mp4","d69f8368c3205119760e2a5e28b0982fd0aae19624c221375f8a42e3f75f90c2","ok","7,22","1080","1920","1080x1920","vertical","30","h264","aac","2","44100","1854116","1673340",""
"VIDEOS 1500-1800-20260730T124532Z-1-001.zip","1796","Escova de limpeza Multiuso Com Dispenser multifuncional escova de sapato cheia de líquido tipo prensa Para Casa Em Banheiro Cozinha Limpeza Multiuso","VIDEOS 1500-1800/VIDEO 1796/Escova de limpeza Multiuso Com Dispenser multifuncional escova de sapato cheia de líquido tipo prensa Para Casa Em Banheiro Cozinha Limpeza Multiuso.mp4","e79e76af9b8b319a76de3a74b2e75bd18aa1481d7baf188b13d031c3e9d07b59","ok","17,159","1080","1920","1080x1920","vertical","30","h264","aac","2","44100","2104784","4514499",""
"VIDEOS 1500-1800-20260730T124532Z-1-001.zip","1797","Pressão Fogão indução gás Abertura rotativa e fechamento Alívio pressão à prova de explosão Panela pressão aço inoxidável","VIDEOS 1500-1800/VIDEO 1797/Pressão Fogão indução gás Abertura rotativa e fechamento Alívio pressão à prova de explosão Panela pressão aço inoxidável.mp4","81faa03c70f5c87fad29d305354c983e950e0d193be81bd6a32502f5869d956a","ok","10,564","1080","1920","1080x1920","vertical","30","h264","aac","2","44100","2661204","3514121",""
"VIDEOS 1500-1800-20260730T124532Z-1-001.zip","1798","BrinquedoAvião Luminoso Infantil De Espuma Com Controle Remoto","VIDEOS 1500-1800/VIDEO 1798/BrinquedoAvião Luminoso Infantil De Espuma Com Controle Remoto.mp4","42219bc19f518b87e3ba98216b4dff6c810b727e99b4c2dcfdb5182d3a718bf5","ok","57,979","1080","1920","1080x1920","vertical","30","h264","aac","2","44100","2682022","19437624",""
"VIDEOS 1500-1800-20260730T124532Z-1-001.zip","1799","travelight  Winter Women Hat Letter Labeling Ears Protection Cor Sólida Botões De Bola De Pelúcia Decoração Scarf Beanie Uso Diário","VIDEOS 1500-1800/VIDEO 1799/travelight  Winter Women Hat Letter Labeling Ears Protection Cor Sólida Botões De Bola De Pelúcia Decoração Scarf Beanie Uso Diário.mp4","4a1c6bfbc720f490136a4a679e37c8de6ca9f37741e498385a64a4f43737d0a6","ok","10,169","1080","1920","1080x1920","vertical","30","h264","aac","2","44100","3695185","4697043",""
"VIDEOS 1500-1800-20260730T124532Z-1-001.zip","1800","FairyMalls Mini Ferro A Vapor Portátil Roupa Dupla Máquina De Passar Tecido","VIDEOS 1500-1800/VIDEO 1800/FairyMalls Mini Ferro A Vapor Portátil Roupa Dupla Máquina De Passar Tecido.mp4","51aa69cda10cfce3f0e96d915f3d5a2e3802eced7499d6936c09e130552ce31b","ok","10,471","1080","1920","1080x1920","vertical","30","h264","aac","2","44100","2757824","3609647",""
"VIDEOS 1800-2100-20260730T124534Z-1-001.zip","1801","Multifuncional 5 Em 1 Raspador De SiliconeSealante Suave Removedor Conjunto De Ferramentas Kit Rejunte Caulking SmoothVidro Ângulo Cola","VIDEOS 1800-2100/VIDEO 1801/Multifuncional 5 Em 1 Raspador De SiliconeSealante Suave Removedor Conjunto De Ferramentas Kit Rejunte Caulking SmoothVidro Ângulo Cola.mp4","92022f173a1f15a341a4f7791c907a5a80cda1141f391ed5ab807e0a7c32e4a8","ok","7,337","1080","1920","1080x1920","vertical","30","h264","aac","2","44100","2202062","2019567",""
"VIDEOS 1800-2100-20260730T124534Z-1-001.zip","1802","Esporte Portátil Liquidificador Liquidificador Suco Fresco Smoothies Espremedor Elétrico USB Recarregável Mixer Máquina 1000ml Grande Garrafa De Água","VIDEOS 1800-2100/VIDEO 1802/Esporte Portátil Liquidificador Liquidificador Suco Fresco Smoothies Espremedor Elétrico USB Recarregável Mixer Máquina 1000ml Grande Garrafa De Água.mp4","344771f3593d2311d9b61c2788d157c55ca039e93dd316825987245f11b307dc","ok","28,745","1080","1920","1080x1920","vertical","30","h264","aac","2","44100","1838754","6606873",""
"VIDEOS 1800-2100-20260730T124534Z-1-001.zip","1803","Sabre de Luz do Grande Inquisidor","VIDEOS 1800-2100/VIDEO 1803/Sabre de Luz do Grande Inquisidor.mp4","9a7bc79bf83b0d5fbd8ad6aa673f5528356270f5e67fda34a2ce031c5d912829","ok","13,954","1080","1920","1080x1920","vertical","30","h264","aac","2","44100","2107493","3675996",""
"VIDEOS 1800-2100-20260730T124534Z-1-001.zip","1804","Moinho De Vento Em Forma De Aromaterapia Solar Rotativa Perfume De Ar Condicionado Para Carros","VIDEOS 1800-2100/VIDEO 1804/Moinho De Vento Em Forma De Aromaterapia Solar Rotativa Perfume De Ar Condicionado Para Carros.mp4","3767209fcf155faea2b5c88a80c54d3a456a095a8a415298afdd78190165e7f4","ok","9,032","1080","1920","1080x1920","vertical","30","h264","aac","2","44100","2934535","3313091",""
"VIDEOS 1800-2100-20260730T124534Z-1-001.zip","1805","[Entrega 24 horas]40w48W 110v 220v 360 ° Luz Do Ventilador Com Cabeça Agitadora Fan Light LED Adequada Para Quarto , Estudo , De Crianças , Banheiro , Cozinha , Etc .","VIDEOS 1800-2100/VIDEO 1805/[Entrega 24 horas]40w48W 110v 220v 360 ° Luz Do Ventilador Com Cabeça Agitadora Fan Light LED Adequada Para Quarto , Estudo , De Crianças , Banheiro , Cozinha , Etc ..mp4","8559741b6ae8d645b4645c21099d47c258dff4fb6f821cd432de66795f0059b6","ok","14,651","1080","1920","1080x1920","vertical","30","h264","aac","2","44100","1297631","2376449",""
"VIDEOS 1800-2100-20260730T124534Z-1-001.zip","1806","6 LED Colorido Solar Libélula Chão Luzes Da PaisagemQuintal Impermeável Ao Ar Livre Decoração De Natal Jardim Luz","VIDEOS 1800-2100/VIDEO 1806/6 LED Colorido Solar Libélula Chão Luzes Da PaisagemQuintal Impermeável Ao Ar Livre Decoração De Natal Jardim Luz.mp4","ee6916fc11446fa6dcbb7e8a14f9fadc8ae43c376ff74e878288ac5bae5cf63c","ok","4,736","1080","1920","1080x1920","vertical","30","h264","aac","2","44100","4400648","2605184",""
"VIDEOS 1800-2100-20260730T124534Z-1-001.zip","1807","100g Kafuter A + B Adesivo Reparador de Metal Super goma Ferro Aço Radiador Automóvel Tanque de Água Vazamento Especial Tampão Cola Solda","VIDEOS 1800-2100/VIDEO 1807/100g Kafuter A + B Adesivo Reparador de Metal Super goma Ferro Aço Radiador Automóvel Tanque de Água Vazamento Especial Tampão Cola Solda.mp4","418c8ae73fad45ad0140ce690394608cda83da3c46f0eba2bab656f9166ef0b6","ok","28,072","1080","1920","1080x1920","vertical","30","h264","aac","2","44100","1979996","6947809",""
"VIDEOS 1800-2100-20260730T124534Z-1-001.zip","1808","Mosquiteiro Para Berço Portátil Multifuncional Dobrável De Bebê","VIDEOS 1800-2100/VIDEO 1808/Mosquiteiro Para Berço Portátil Multifuncional Dobrável De Bebê.mp4","0ab747336d5d1af823cb3c1bb9d773c80c00e1f037d70a102a47db85b7784067","ok","9,728","1080","1920","1080x1920","vertical","30","h264","aac","2","44100","2016118","2451600",""
"VIDEOS 1800-2100-20260730T124534Z-1-001.zip","1809","Secador Elétrico Inteligente 220V Esterilização , Desumidificador Ajustável Máquina De Secagem","VIDEOS 1800-2100/VIDEO 1809/Secador Elétrico Inteligente 220V Esterilização , Desumidificador Ajustável Máquina De Secagem.mp4","1e9dabd499a3ce203d0e13039f8feaddef7e2b1ac3e4fd08242506ad9fb6274e","ok","10,889","1080","1920","1080x1920","vertical","30","h264","aac","2","44100","2564870","3491110",""
"VIDEOS 1800-2100-20260730T124534Z-1-001.zip","1810","1200mAh Portable Solar Power Bank Carregador Solar Keychain Mini Power Bank Acampamento ao ar livre TYPE C Port Fast Charging Power Bank","VIDEOS 1800-2100/VIDEO 1810/1200mAh Portable Solar Power Bank Carregador Solar Keychain Mini Power Bank Acampamento ao ar livre TYPE C Port Fast Charging Power Bank.mp4","ef7f601ca828a662832c270d76e9da01f7b4fa2a588ede4445f8b7247cc2bc98","ok","9,566","1080","1920","1080x1920","vertical","30","h264","aac","2","44100","2896537","3463535",""
"VIDEOS 1800-2100-20260730T124534Z-1-001.zip","1811","Spray Emborrachamento Revestik - Impermeabilizante Líquido - Borracha Líquida","VIDEOS 1800-2100/VIDEO 1811/Spray Emborrachamento Revestik - Impermeabilizante Líquido - Borracha Líquida.mp4","231f1341297c562294a89ae0c3ed7284749f46f2ca56b17a6e9d42ace10c28f2","ok","13,722","1080","1920","1080x1920","vertical","30","h264","aac","2","44100","2893605","4963256",""
"VIDEOS 1800-2100-20260730T124534Z-1-001.zip","1812","Macacão Bebê Inverno Pijama Geral","VIDEOS 1800-2100/VIDEO 1812/Macacão Bebê Inverno Pijama Geral.mp4","2ba1b273a76512285b98a758b1d068534d0b33b01926ce2297bcde5100d463d8","ok","7,871","1080","1920","1080x1920","vertical","30","h264","aac","2","44100","2643513","2600887",""
"VIDEOS 1800-2100-20260730T124534Z-1-001.zip","1813","Máscara De Mel La Milee 60g Peel-Off Remove Blackheads Limpeza De Cutículas Hidratação Da Pele","VIDEOS 1800-2100/VIDEO 1813/Máscara De Mel La Milee 60g Peel-Off Remove Blackheads Limpeza De Cutículas Hidratação Da Pele.mp4","09b290432fff4580f76698718c8727dee062371e94bf6679ea4fe826ccecbee0","ok","14,767","1080","1920","1080x1920","vertical","30","h264","aac","2","44100","1986966","3667692",""
"VIDEOS 1800-2100-20260730T124534Z-1-001.zip","1814","Armadilha Mata Moscas Mosquito elétrica Pega Pernilongos Prende Insetos bicho Gaiola","VIDEOS 1800-2100/VIDEO 1814/Armadilha Mata Moscas Mosquito elétrica Pega Pernilongos Prende Insetos bicho Gaiola.mp4","69a6514500e489e5fc000e294ce43d8d38b80c6fdcee2cd535bed4d721352b16","ok","12,608","1080","1920","1080x1920","vertical","30","h264","aac","2","44100","1419806","2237615",""
"VIDEOS 1800-2100-20260730T124534Z-1-001.zip","1815","Pulseira Redonda Silicone Para Celulares iPhone Samsung Motorola Caso Cinta DIY Colorido","VIDEOS 1800-2100/VIDEO 1815/Pulseira Redonda Silicone Para Celulares iPhone Samsung Motorola Caso Cinta DIY Colorido.mp4","999eea020f6f78d5211147351c8a0c9212fad40f0b56851d7ddfe869591835b7","ok","12,538","1080","1920","1080x1920","vertical","30","h264","aac","2","44100","2839674","4450480",""
"VIDEOS 1800-2100-20260730T124534Z-1-001.zip","1816","Garrafa De Deriva Fluido De Cruzeiro Ornamento De Mesa Pequeno Presente De Aniversário Com Decoração De Descompressão","VIDEOS 1800-2100/VIDEO 1816/Garrafa De Deriva Fluido De Cruzeiro Ornamento De Mesa Pequeno Presente De Aniversário Com Decoração De Descompressão.mp4","de94c7fc3b7bc72a6710092a808ce6fd8de98b9a4a5aa6d7cab8d03ccff684f5","ok","8,056","1080","1920","1080x1920","vertical","30","h264","aac","2","44100","2326984","2343273",""
"VIDEOS 1800-2100-20260730T124534Z-1-001.zip","1817","Phomemo Mini Impressora De Adesivos Portátil De Bolso Instantâneo Térmico T02 Máquina De Fazer","VIDEOS 1800-2100/VIDEO 1817/Phomemo Mini Impressora De Adesivos Portátil De Bolso Instantâneo Térmico T02 Máquina De Fazer.mp4","1ef7f22ecb37fbbbfa0493f0cf8f0811d3f0dcd37b08b8abf4f3a7fd6eb72982","ok","10,796","1080","1920","1080x1920","vertical","30","h264","aac","2","44100","1785677","2409772",""
"VIDEOS 1800-2100-20260730T124534Z-1-001.zip","1818","Caneca De Café De 3pcs Garrafa De Água Com Formato De Saco Copo Criativo","VIDEOS 1800-2100/VIDEO 1818/Caneca De Café De 3pcs Garrafa De Água Com Formato De Saco Copo Criativo.mp4","24a39ef9a3f9b4917013a8ca05dee5d909707402ffc924ec801979c411bfb8c5","ok","18,738","1080","1920","1080x1920","vertical","30","h264","aac","2","44100","2421130","5670893",""
"VIDEOS 1800-2100-20260730T124534Z-1-001.zip","1819","Mini Geladeira Portátil 8 litros D&Z","VIDEOS 1800-2100/VIDEO 1819/Mini Geladeira Portátil 8 litros D&Z.mp4","410beba0a14d9253e33bb14e3cbe9ec5bc54f89e5a8e00c111f9e6b9000e546d","ok","15,487","1080","1920","1080x1920","vertical","30","h264","aac","2","44100","1855926","3592842",""
"VIDEOS 1800-2100-20260730T124534Z-1-001.zip","1820","Tuya Smart Bluetooth Jardim Irrigação Rega Temporizador WiFi Auto De Água Inteligente Do Telefone Móvel Controle Remoto","VIDEOS 1800-2100/VIDEO 1820/Tuya Smart Bluetooth Jardim Irrigação Rega Temporizador WiFi Auto De Água Inteligente Do Telefone Móvel Controle Remoto.mp4","2c1884d74e716a86cb30d68f18b601d08293b3b801a835323027e91467f671aa","ok","35,201","1080","1920","1080x1920","vertical","30","h264","aac","2","44100","2862806","12596708",""
"VIDEOS 1800-2100-20260730T124534Z-1-001.zip","1821","Pastilha Decorativa Adesiva 3d Hexagonal Branca Resinada Para Banheiro","VIDEOS 1800-2100/VIDEO 1821/Pastilha Decorativa Adesiva 3d Hexagonal Branca Resinada Para Banheiro.mp4","ac5022b4bb487e6005036f38959b70ed7267fbb138d8b38dcccfe6e5a892d207","ok","16,926","1080","1920","1080x1920","vertical","30","h264","aac","2","44100","2147734","4544070",""
"VIDEOS 1800-2100-20260730T124534Z-1-001.zip","1822","Caixa De Armazenagem Automática De Ovos Rolantes Organizador De Cestas Frigor","VIDEOS 1800-2100/VIDEO 1822/Caixa De Armazenagem Automática De Ovos Rolantes Organizador De Cestas Frigor.mp4","138bec1dc09ab2e38d21cd6d4148a381beeb78aafa83bc11f25605541e6e90c3","ok","9,821","1080","1920","1080x1920","vertical","30","h264","aac","2","44100","1996546","2451010",""
"VIDEOS 1800-2100-20260730T124534Z-1-001.zip","1823","Cinta Modelador de Alta Compressão Cetinete Body Modelador Suplex Alça Reforçada Feminina Emagrecimento Microfibra Pós-operatório Cirúrgico Com Bojo","VIDEOS 1800-2100/VIDEO 1823/Cinta Modelador de Alta Compressão Cetinete Body Modelador Suplex Alça Reforçada Feminina Emagrecimento Microfibra Pós-operatório Cirúrgico Com Bojo.mp4","2849a47842ac199684af2f24c7ffd526eaae7717b2a8b28a5efbcf6b3b7c58f1","ok","11,702","1080","1920","1080x1920","vertical","30","h264","aac","2","44100","2213446","3237719",""
"VIDEOS 1800-2100-20260730T124534Z-1-001.zip","1824","mini Bolsa De Ombro Feminina Com Três Camadas Para Verão kf111","VIDEOS 1800-2100/VIDEO 1824/mini Bolsa De Ombro Feminina Com Três Camadas Para Verão kf111.mp4","2ee5343fec48c9c3373dee07293f2ed39957f7f25f1cfb13ae37b02dddd9ab77","ok","6,686","1080","1920","1080x1920","vertical","30","h264","aac","2","44100","2314007","1933932",""
"VIDEOS 1800-2100-20260730T124534Z-1-001.zip","1825","Sandália Possession Aranha rasteira","VIDEOS 1800-2100/VIDEO 1825/Sandália Possession Aranha rasteira.mp4","0071815fcd9bd536367d4475d2c3b4bf3f9ddc4dc08fec5e06db87ea09db7f00","ok","17,135","1080","1920","1080x1920","vertical","30","h264","aac","2","44100","2309705","4947101",""
"VIDEOS 1800-2100-20260730T124534Z-1-001.zip","1826","Mini Ventilador USB Em Formato De Urso violento Portátil","VIDEOS 1800-2100/VIDEO 1826/Mini Ventilador USB Em Formato De Urso violento Portátil.mp4","2fd38657039ae67c82d18abce1d636b146b8db7eff4b7620a6a0079b6260db1a","ok","12,491","1080","1920","1080x1920","vertical","30","h264","aac","2","44100","3779810","5901702",""
"VIDEOS 1800-2100-20260730T124534Z-1-001.zip","1827","Pet Sisal cama com reclinável ajustável, portátil dormir ninho, confortável ninho, cachorro e gato cadeira, cão suprimentos, 10kg","VIDEOS 1800-2100/VIDEO 1827/Pet Sisal cama com reclinável ajustável, portátil dormir ninho, confortável ninho, cachorro e gato cadeira, cão suprimentos, 10kg.mp4","4066c7d6d94bca7b45c66b7ed99ae4bf710e0d3f24df1fd13298f093bf10cdcd","ok","17,437","1080","1920","1080x1920","vertical","30","h264","aac","2","44100","2507963","5466421",""
"VIDEOS 1800-2100-20260730T124534Z-1-001.zip","1828","Fritadeira Philco Air Fryer Oven 12L PFR2200P - 127V","VIDEOS 1800-2100/VIDEO 1828/Fritadeira Philco Air Fryer Oven 12L PFR2200P - 127V.mp4","0fcc516e704fefd6c111f81ee847bf5039241bca105a798024253695b86bca23","ok","49,829","1080","1920","1080x1920","vertical","30","h264","aac","2","44100","1886250","11748744",""
"VIDEOS 1800-2100-20260730T124534Z-1-001.zip","1829","Vaso de escova criativo artefato de lavagem doméstica escova de cozinha antiaderente escova de lavar louça de óleo escova multifuncional mais escova de lavagem de líquido","VIDEOS 1800-2100/VIDEO 1829/Vaso de escova criativo artefato de lavagem doméstica escova de cozinha antiaderente escova de lavar louça de óleo escova multifuncional mais escova de lavagem de líquido.mp4","8a85a1ed5a3d4d7541a01751a9ff09afa9dd9a9f95b14767d60c05c7555c0694","ok","15,882","1080","1920","1080x1920","vertical","30","h264","aac","2","44100","3197097","6347037",""
"VIDEOS 1800-2100-20260730T124534Z-1-001.zip","1830","Suporte Porta Copos Aquecedor de Caneca Elétrico Xícara Café Chá Portátil Bebida Quente Escritório Casa Coaster","VIDEOS 1800-2100/VIDEO 1830/Suporte Porta Copos Aquecedor de Caneca Elétrico Xícara Café Chá Portátil Bebida Quente Escritório Casa Coaster.mp4","a985e4d9bebe4b727a1f0e83a639061231119380bf55309b38947b7f2774a264","ok","12,491","1080","1920","1080x1920","vertical","30","h264","aac","2","44100","2036955","3180451",""
"VIDEOS 1800-2100-20260730T124534Z-1-001.zip","1831","AK_2PcsSet Adesivo De Parede Estilo Nórdico Auto-Removível À Prova D_água Decorativo De PVC Verde Planta Pendurada Cesta Mural Decalque Ornamento Do Quarto","VIDEOS 1800-2100/VIDEO 1831/AK_2PcsSet Adesivo De Parede Estilo Nórdico Auto-Removível À Prova D_água Decorativo De PVC Verde Planta Pendurada Cesta Mural Decalque Ornamento Do Quarto.mp4","77ce82fdb0ed8070af83eaec90d0f28d24e3d17fbf951e94569e5fc17bf6ea63","ok","11,539","1080","1920","1080x1920","vertical","30","h264","aac","2","44100","2015516","2907131",""
"VIDEOS 1800-2100-20260730T124534Z-1-001.zip","1832","Adesivos de cozinha Resistente a AguaÓleoFogoAlta Temperatura - Usável em fogãoarmárioporta Inovação com Filme especial Tamahnho 60cmx2m.","VIDEOS 1800-2100/VIDEO 1832/Adesivos de cozinha Resistente a AguaÓleoFogoAlta Temperatura - Usável em fogãoarmárioporta Inovação com Filme especial Tamahnho 60cmx2m..mp4","dc44dacefa0346c8c148cee58b419e082ce10138d50c9d963ba7c4e3c39d785f","ok","11,702","1080","1920","1080x1920","vertical","30","h264","aac","2","44100","3693388","5402504",""
"VIDEOS 1800-2100-20260730T124534Z-1-001.zip","1833","Tiara Infantil De Tecido Vazada Com Laço De Enfeite Em Formato De Borboleta","VIDEOS 1800-2100/VIDEO 1833/Tiara Infantil De Tecido Vazada Com Laço De Enfeite Em Formato De Borboleta.mp4","dfe99825e1832b3bc836a063bafaec2567567debc2ad70d5aaed8ab649836eda","ok","19,039","1080","1920","1080x1920","vertical","30","h264","aac","2","44100","2026145","4821972",""
"VIDEOS 1800-2100-20260730T124534Z-1-001.zip","1834","Economia De Energia Capa De Fogão A Gás Universal À Prova De Vento Disco Redondo Útil","VIDEOS 1800-2100/VIDEO 1834/Economia De Energia Capa De Fogão A Gás Universal À Prova De Vento Disco Redondo Útil.mp4","dce6b59b6c7cc1e1b6e37ad1f32a065a377b0c2f80ef726b507381a0399d135a","ok","14,697","1080","1920","1080x1920","vertical","30","h264","aac","2","44100","1977902","3633654",""
"VIDEOS 1800-2100-20260730T124534Z-1-001.zip","1835","Kit 40 Clips Organizador Fixador Adesivo De Cabo Fios Parede","VIDEOS 1800-2100/VIDEO 1835/Kit 40 Clips Organizador Fixador Adesivo De Cabo Fios Parede.mp4","c41b1ab8605c1928fc18184afff93d1ecc7971348cb69b70f683738eddabc92c","ok","15,464","1080","1920","1080x1920","vertical","30","h264","aac","2","44100","1957670","3784177",""
"VIDEOS 1800-2100-20260730T124534Z-1-001.zip","1836","6 Camadas Fralda De Bebê À Prova D _Água Reutilizável Pano Fraldas De Algodão Bebê Calças De Treinamento","VIDEOS 1800-2100/VIDEO 1836/6 Camadas Fralda De Bebê À Prova D _Água Reutilizável Pano Fraldas De Algodão Bebê Calças De Treinamento.mp4","404f0fe4a654d1e3c1270dbe97bbfdc00d741241877bb304e9d0d96ab5dfcc57","ok","14,999","1080","1920","1080x1920","vertical","30","h264","aac","2","44100","2667784","5001762",""
"VIDEOS 1800-2100-20260730T124534Z-1-001.zip","1837","Almofada De Sofá De Pelúcia De Inverno Antiderrapante De Tecido Simples Moderno Lavável E Personalizado","VIDEOS 1800-2100/VIDEO 1837/Almofada De Sofá De Pelúcia De Inverno Antiderrapante De Tecido Simples Moderno Lavável E Personalizado.mp4","631c5ec5d239babe823c68129f8965b047f9617da6fb4bfe1b169bdaf84a934e","ok","11,748","1080","1920","1080x1920","vertical","30","h264","aac","2","44100","4250391","6241700",""
"VIDEOS 1800-2100-20260730T124534Z-1-001.zip","1838","Luminária Solar LED Água De 7 Cores Para Decoração De JardimCaminhoPátio","VIDEOS 1800-2100/VIDEO 1838/Luminária Solar LED Água De 7 Cores Para Decoração De JardimCaminhoPátio.mp4","41f5990b6a8f776a6e085a3d7968fbadb3834459d7346a42a10385b44420245e","ok","16,764","1080","1920","1080x1920","vertical","30","h264","aac","2","44100","3864908","8098915",""
"VIDEOS 1800-2100-20260730T124534Z-1-001.zip","1839","Tela Mosquiteira Magnetica Para Janela Com Imã Anti Mosquitos 180x150","VIDEOS 1800-2100/VIDEO 1839/Tela Mosquiteira Magnetica Para Janela Com Imã Anti Mosquitos 180x150.mp4","591401112d04c87be00cf597b35e2b6fdf7251accf1becf8aa5790d42bd6908f","ok","6,872","1080","1920","1080x1920","vertical","30","h264","aac","2","44100","4271291","3669039",""
"VIDEOS 1800-2100-20260730T124534Z-1-001.zip","1840","Worthdefence Nylon Adult Knee Pads for Joint Protection","VIDEOS 1800-2100/VIDEO 1840/Worthdefence Nylon Adult Knee Pads for Joint Protection.mp4","bb5a270f99c89076044080402c7639cef91bd30cfa8b3c986b6cd075f9e2a8bf","ok","10,936","1080","1920","1080x1920","vertical","30","h264","aac","2","44100","3739152","5111421",""
"VIDEOS 1800-2100-20260730T124534Z-1-001.zip","1841","NS3 2 Paresset Casais Segurando Meias De Mão Com Ímã De Personalidade Boneca Estereoscópico De Algodão Branco Bonito Segurar","VIDEOS 1800-2100/VIDEO 1841/NS3 2 Paresset Casais Segurando Meias De Mão Com Ímã De Personalidade Boneca Estereoscópico De Algodão Branco Bonito Segurar.mp4","7f47e44a78ccc75877e2142afa2fa40595ad8e5477d44a7b190872ac738555a4","ok","9,101","1080","1920","1080x1920","vertical","30","h264","aac","2","44100","1535564","1746897",""
"VIDEOS 1800-2100-20260730T124534Z-1-001.zip","1842","Kennel Mat Basket Pet Suprimentos De Inverno Caverna Batata1 Saco De Dormir Almofada Gato Cama De Gato","VIDEOS 1800-2100/VIDEO 1842/Kennel Mat Basket Pet Suprimentos De Inverno Caverna Batata1 Saco De Dormir Almofada Gato Cama De Gato.mp4","2d0707d907d4c2d051c63f76252da22e42f68743cac0f11dff0b7dc2c21dd0f2","ok","9,287","1080","1920","1080x1920","vertical","30","h264","aac","2","44100","1514579","1758238",""
"VIDEOS 1800-2100-20260730T124534Z-1-001.zip","1843","Sofá-cama de veludo ajustável, simples Tatami Bay, janela ajustável, moderno e simples, 2 cores disponíveis","VIDEOS 1800-2100/VIDEO 1843/Sofá-cama de veludo ajustável, simples Tatami Bay, janela ajustável, moderno e simples, 2 cores disponíveis.mp4","13d01ac7d77de631b593cac78a566ee679c7b438ee595fa56b25d5bc57b1b8e3","ok","20,2","1080","1920","1080x1920","vertical","30","h264","aac","2","44100","1338525","3379778",""
"VIDEOS 1800-2100-20260730T124534Z-1-001.zip","1844","Cola De Vedação Branca Para Furo De Parede Esgoto Doméstico Ar Condicionado Repelente De Óleo À Prova D_água Selo De Tubo","VIDEOS 1800-2100/VIDEO 1844/Cola De Vedação Branca Para Furo De Parede Esgoto Doméstico Ar Condicionado Repelente De Óleo À Prova D_água Selo De Tubo.mp4","6f13b0ec808c271619dd58cad27b99a3ec6e9eddfcce003a2fd597cbbd3345db","ok","16,253","1080","1920","1080x1920","vertical","30","h264","aac","2","44100","1709671","3473412",""
"VIDEOS 1800-2100-20260730T124534Z-1-001.zip","1845","Kit Coberdron Casal Queen Estampado 3 Pçs Dupla Face","VIDEOS 1800-2100/VIDEO 1845/Kit Coberdron Casal Queen Estampado 3 Pçs Dupla Face.mp4","2e23ef92a022d1ed152367b4894a4e53ffd642df0122b5ebcfd33466f539840b","ok","9,45","1080","1920","1080x1920","vertical","30","h264","aac","2","44100","4077840","4816949",""
"VIDEOS 1800-2100-20260730T124534Z-1-001.zip","1846","Notas adesivas stick note flags fininho marcador de página","VIDEOS 1800-2100/VIDEO 1846/Notas adesivas stick note flags fininho marcador de página.mp4","ab7ba35864a8c41129aaaf8fbcadc5419c6350c122e15f91e838883bcb9e6548","ok","8,033","1080","1920","1080x1920","vertical","30","h264","aac","2","44100","2474854","2485063",""
"VIDEOS 1800-2100-20260730T124534Z-1-001.zip","1847","Mini Máquina Costura Portátil Elétrica Pilha + Pedal Bivolt 110V 220V","VIDEOS 1800-2100/VIDEO 1847/Mini Máquina Costura Portátil Elétrica Pilha + Pedal Bivolt 110V 220V.mp4","8bea9e835d1c8641ae3026a7205a0bbacfad63dfbb17d1f181d8552c5853fb1c","ok","16,253","1080","1920","1080x1920","vertical","30","h264","aac","2","44100","3180026","6460621",""
"VIDEOS 1800-2100-20260730T124534Z-1-001.zip","1848","Varal De Corda Elástica Colorido  Acampamento  Viagem  Portátil","VIDEOS 1800-2100/VIDEO 1848/Varal De Corda Elástica Colorido  Acampamento  Viagem  Portátil.mp4","88d9f516ce8badb96395e22e8892a6143a80d64aa4eb66f56b35ef7940a80522","ok","10,1","1080","1920","1080x1920","vertical","30","h264","aac","2","44100","2820741","3561186",""
"VIDEOS 1800-2100-20260730T124534Z-1-001.zip","1849","Dispenser De Refrigerante Suco Agua Suporte Com Torneira","VIDEOS 1800-2100/VIDEO 1849/Dispenser De Refrigerante Suco Agua Suporte Com Torneira.mp4","b18a1dca2096c8e8b6b1043b41acdf13b41cfef640f991744681c38650a31556","ok","8,753","1080","1920","1080x1920","vertical","30","h264","aac","2","44100","2144044","2345853",""
"VIDEOS 1800-2100-20260730T124534Z-1-001.zip","1850","Sandálias Senhoras Chinelos De Cunha Calcanhar Soft Sole Leather Shoes","VIDEOS 1800-2100/VIDEO 1850/Sandálias Senhoras Chinelos De Cunha Calcanhar Soft Sole Leather Shoes.mp4","3b1bbb2ccbd40bc7ab51822362f2f5d94f05105680082c6913681f7d2402a16a","ok","9,798","1080","1920","1080x1920","vertical","30","h264","aac","2","44100","2652772","3248983",""
"VIDEOS 1800-2100-20260730T124534Z-1-001.zip","1851","Foxydry Mini, tendedero de ropa montado en el techo con polea, aireador plegable vertical para ropa de lavandería, estante de secado extensible para interiores y exteriores","VIDEOS 1800-2100/VIDEO 1851/Foxydry Mini, tendedero de ropa montado en el techo con polea, aireador plegable vertical para ropa de lavandería, estante de secado extensible para interiores y exteriores.mp4","66bf72638252bacb879809612bb19a3234615f3c8af5101223a5340bdecefe96","ok","5,642","1080","1920","1080x1920","vertical","30","h264","aac","2","44100","2386966","1683408",""
"VIDEOS 1800-2100-20260730T124534Z-1-001.zip","1852","Capa De Vidro Dupla Face Para iPhone 14 13 Pro Max 12 14 14 Plus 360 Proteção Da Lente À Prova De Poeira Snap On Cover","VIDEOS 1800-2100/VIDEO 1852/Capa De Vidro Dupla Face Para iPhone 14 13 Pro Max 12 14 14 Plus 360 Proteção Da Lente À Prova De Poeira Snap On Cover.mp4","7f3594b9beaab77baa77d92a752c6b17208de2ead4134615f36534f6f16a746d","ok","28,745","1080","1920","1080x1920","vertical","30","h264","aac","2","44100","2479839","8910373",""
"VIDEOS 1800-2100-20260730T124534Z-1-001.zip","1853","Kit 3 Mantas Asfáltica Aluminizadas Auto Adesiva - 90cm X 10m","VIDEOS 1800-2100/VIDEO 1853/Kit 3 Mantas Asfáltica Aluminizadas Auto Adesiva - 90cm X 10m.mp4","af6bee6980bce3b7d56d23cd36c3dc11a28e9bbbf8ab24f81f0a0bf649af779b","ok","18,32","1080","1920","1080x1920","vertical","30","h264","aac","2","44100","3182641","7288248",""
"VIDEOS 1800-2100-20260730T124534Z-1-001.zip","1854","Lona Protetora Pintura e Reforma c Fita Adesiva 105cm x 20m Bobina Plástica 21 m² Cobertura P Obras Construção Móveis","VIDEOS 1800-2100/VIDEO 1854/Lona Protetora Pintura e Reforma c Fita Adesiva 105cm x 20m Bobina Plástica 21 m² Cobertura P Obras Construção Móveis.mp4","535ae5ca38ac913623ba977147e3128f2f506a0e483baeed3a349e04ed930c56","ok","13,652","1080","1920","1080x1920","vertical","30","h264","aac","2","44100","2689657","4589901",""
"VIDEOS 1800-2100-20260730T124534Z-1-001.zip","1855","Pipoqueira Redonda 220V Vermelho Multilaser - CE185","VIDEOS 1800-2100/VIDEO 1855/Pipoqueira Redonda 220V Vermelho Multilaser - CE185.mp4","7fc4450ed20f5684e9c10800c2cf5a5be92c87b21b92174b56024fbf8b7169c1","ok","14,279","1080","1920","1080x1920","vertical","30","h264","aac","2","44100","2027763","3619304",""
"VIDEOS 1800-2100-20260730T124534Z-1-001.zip","1856","Copo com suporte, alça e canudo prático Porta Pipoca Pote Kit Cinema","VIDEOS 1800-2100/VIDEO 1856/Copo com suporte, alça e canudo prático Porta Pipoca Pote Kit Cinema.mp4","3309bf2a1ed7a948fe6169a1a4d9a16df50f34f89ed1dd3dbe9f1fb48c643de9","ok","15,556","1080","1920","1080x1920","vertical","30","h264","aac","2","44100","2838217","5518914",""
"VIDEOS 1800-2100-20260730T124534Z-1-001.zip","1857","Bancos De Moedas Pequenas Desenhos Animados Com Fechadura Cofrinho Banco Chave De Grande Capacidade Menino Menina Presentes Do Festival","VIDEOS 1800-2100/VIDEO 1857/Bancos De Moedas Pequenas Desenhos Animados Com Fechadura Cofrinho Banco Chave De Grande Capacidade Menino Menina Presentes Do Festival.mp4","859371ee975f8a73bf35f81a13c4cc69d2c2dfef9c2b45dfc90f12f33ec2ae5e","ok","16,276","1080","1920","1080x1920","vertical","30","h264","aac","2","44100","2754482","5603994",""
"VIDEOS 1800-2100-20260730T124534Z-1-001.zip","1858","Cachoeira pia da cozinha 304 pia de aço inoxidável grande único slot com toque multifunções cachoeira torneira acima do contador","VIDEOS 1800-2100/VIDEO 1858/Cachoeira pia da cozinha 304 pia de aço inoxidável grande único slot com toque multifunções cachoeira torneira acima do contador.mp4","176c252bfc62972f1f07f007d102334605d0deaa2d56b271b1f11af2ed908185","ok","22,221","1080","1920","1080x1920","vertical","30","h264","aac","2","44100","3131450","8697994",""
"VIDEOS 1800-2100-20260730T124534Z-1-001.zip","1859","Bucha Aba Fly C Anel Drywall Gesso + Parafuso 25 unid","VIDEOS 1800-2100/VIDEO 1859/Bucha Aba Fly C Anel Drywall Gesso + Parafuso 25 unid.mp4","5c7924c9160348e9f396e1969513cbe5e77c06ea30c663beb6f7e34e8580a7ce","ok","9,426","1080","1920","1080x1920","vertical","30","h264","aac","2","44100","1854218","2184733",""
"VIDEOS 1800-2100-20260730T124534Z-1-001.zip","1860","Summer Multi-Coloured Removível Sofás Lombares Grandes Almofadas Cama Suplemento Macio Grande Encosto Cintura Almofada Dormitório","VIDEOS 1800-2100/VIDEO 1860/Summer Multi-Coloured Removível Sofás Lombares Grandes Almofadas Cama Suplemento Macio Grande Encosto Cintura Almofada Dormitório.mp4","88a3b1df80d31be570564a9807ab2eac20c0b7f657678efc4fcf1628cc9d8495","ok","20,781","1080","1920","1080x1920","vertical","30","h264","aac","2","44100","1835651","4768334",""
"VIDEOS 1800-2100-20260730T124534Z-1-001.zip","1861","Novas Orelhas De Puxar Coelho Pelúcia Porta-Chaves Macias Recheadas Pingente Presentes","VIDEOS 1800-2100/VIDEO 1861/Novas Orelhas De Puxar Coelho Pelúcia Porta-Chaves Macias Recheadas Pingente Presentes.mp4","609f2c56d2ea089e45152ba9b683b3946c86c53d63557d876f770fd9539d1eab","ok","9,171","1080","1920","1080x1920","vertical","30","h264","aac","2","44100","2778229","3184893",""
"VIDEOS 1800-2100-20260730T124534Z-1-001.zip","1862","1 Par Mulher Meias De Verão Ultrafina Invisível No Show Silicone De Cor Sólida Tornozelo De Corte Baixo Sox","VIDEOS 1800-2100/VIDEO 1862/1 Par Mulher Meias De Verão Ultrafina Invisível No Show Silicone De Cor Sólida Tornozelo De Corte Baixo Sox.mp4","17f7e99b7a0c3dfb541f6c65732fc7e5f7b6f108bbaeec36aedecfd4a9b7682b","ok","27,793","1080","1920","1080x1920","vertical","30","h264","aac","2","44100","1951368","6779298",""
"VIDEOS 1800-2100-20260730T124534Z-1-001.zip","1863","Varal Retrátil Perfurador De ParedeInvisível Para Secagem Doméstica De 304 Aço Inoxidável 304","VIDEOS 1800-2100/VIDEO 1863/Varal Retrátil Perfurador De ParedeInvisível Para Secagem Doméstica De 304 Aço Inoxidável 304.mp4","83fbc05c337f00bf542b265e00f727ed1ed37914cb75b4b4d4dd6b4f0c65ae4b","ok","14,488","1080","1920","1080x1920","vertical","30","h264","aac","2","44100","1355023","2453948",""
"VIDEOS 1800-2100-20260730T124534Z-1-001.zip","1864","360 graus universal tipo vertical pia com kit de tubo de transbordamento bacia conjunto de resíduos dissipador filtro disposer dreno mangueira de plástico","VIDEOS 1800-2100/VIDEO 1864/360 graus universal tipo vertical pia com kit de tubo de transbordamento bacia conjunto de resíduos dissipador filtro disposer dreno mangueira de plástico.mp4","c47d514bfd445672392560b51975adf062e12430758b3509ba7d41cf8c482b57","ok","44,117","1080","1920","1080x1920","vertical","30","h264","aac","2","44100","2098622","11573117",""
"VIDEOS 1800-2100-20260730T124534Z-1-001.zip","1865","Escova De Banho Com 2 Em 1 Para Esfregar As Costas E Esfregar","VIDEOS 1800-2100/VIDEO 1865/Escova De Banho Com 2 Em 1 Para Esfregar As Costas E Esfregar.mp4","dedf01736b9c2e261917b27322a47ab9c94eb05af64c37495761fa88c1e20e29","ok","14,14","1080","1920","1080x1920","vertical","30","h264","aac","2","44100","2322713","4105396",""
"VIDEOS 1800-2100-20260730T124534Z-1-001.zip","1866","Luvas De Limpeza De Pó Balança De Peixe Reutilizáveis Fibra De Cozinha Doméstica Ferramentas","VIDEOS 1800-2100/VIDEO 1866/Luvas De Limpeza De Pó Balança De Peixe Reutilizáveis Fibra De Cozinha Doméstica Ferramentas.mp4","07a46b4e55f91f1341c0514420aa4e02bbb754f26877805da2a6056cb442597f","ok","8,544","1080","1920","1080x1920","vertical","30","h264","aac","2","44100","2437500","2603250",""
"VIDEOS 1800-2100-20260730T124534Z-1-001.zip","1867","Exclusivo Cabide 7 Lugares toalha porta banheiro quarto","VIDEOS 1800-2100/VIDEO 1867/Exclusivo Cabide 7 Lugares toalha porta banheiro quarto.mp4","4d3e04b65ce5ef29ac3cb87dd743f2c4bb90aacb54f83bbf87c951c302469a6e","ok","14,93","1080","1920","1080x1920","vertical","30","h264","aac","2","44100","1888410","3524246",""
"VIDEOS 1800-2100-20260730T124534Z-1-001.zip","1868","Cofrinho De Porquinho Com Senha Digital Criativo Para Carro  Cofre De Porquinho  Dinheiro  Digital","VIDEOS 1800-2100/VIDEO 1868/Cofrinho De Porquinho Com Senha Digital Criativo Para Carro  Cofre De Porquinho  Dinheiro  Digital.mp4","687e58ae3bd65e13b60316998cff5d1f0adef463fd3e5619df45158c7b626b6a","ok","14,442","1080","1920","1080x1920","vertical","30","h264","aac","2","44100","1233490","2226758",""
"VIDEOS 1800-2100-20260730T124534Z-1-001.zip","1869","COMP Elétrico Janela Robô Limpeza Automático Aspirador De Pó De Vidro De Controle Remoto Forte De Adsorção A Vácuo","VIDEOS 1800-2100/VIDEO 1869/COMP Elétrico Janela Robô Limpeza Automático Aspirador De Pó De Vidro De Controle Remoto Forte De Adsorção A Vácuo.mp4","d51b70f5dd79970f0058caaed66570416d03b3288adcd81d1e3ee9a221979c39","ok","14,21","1080","1920","1080x1920","vertical","30","h264","aac","2","44100","2164848","3845312",""
"VIDEOS 1800-2100-20260730T124534Z-1-001.zip","1870","Cozedor Ovo Elétrico Máquina De Cozinhar A Vapor Egg Cooker","VIDEOS 1800-2100/VIDEO 1870/Cozedor Ovo Elétrico Máquina De Cozinhar A Vapor Egg Cooker.mp4","8800baa94b4814778600c66dd5c84d8a3592d31bf8389f9453a103cc5646b71c","ok","7,337","1080","1920","1080x1920","vertical","30","h264","aac","2","44100","1985707","1821142",""
"VIDEOS 1800-2100-20260730T124534Z-1-001.zip","1871","Nova Xícara Misturadora Automática Estilo High-End Exquisite Coffee Cup Nestle Espresso Japonês Especial Elétrica","VIDEOS 1800-2100/VIDEO 1871/Nova Xícara Misturadora Automática Estilo High-End Exquisite Coffee Cup Nestle Espresso Japonês Especial Elétrica.mp4","22abe978846b8cf3c6b0c0394ec20e813f01ae35f7ad539552296856a4eadf21","ok","14,024","1080","1920","1080x1920","vertical","30","h264","aac","2","44100","1983894","3477767",""
"VIDEOS 1800-2100-20260730T124534Z-1-001.zip","1872","TIPSY - ABRIDOR DE GARRAFA PASSARINHO","VIDEOS 1800-2100/VIDEO 1872/TIPSY - ABRIDOR DE GARRAFA PASSARINHO.mp4","031c57c1879ed9a949dd77517ab6dc7031594e98e64321af92b28882cbae2fc7","ok","12,19","1080","1920","1080x1920","vertical","30","h264","aac","2","44100","2164874","3298728",""
"VIDEOS 1800-2100-20260730T124534Z-1-001.zip","1873","Resina 2004 Epoxi Transparente Com Endurecedor 3154 (150 g)","VIDEOS 1800-2100/VIDEO 1873/Resina 2004 Epoxi Transparente Com Endurecedor 3154 (150 g).mp4","6f88f702dabd977afe435d3699169e54092eaa323712525af4c481c4e75f806a","ok","13,652","1080","1920","1080x1920","vertical","30","h264","aac","2","44100","3262394","5567277",""
"VIDEOS 1800-2100-20260730T124534Z-1-001.zip","1874","Chinelos De Garra De Gato tiktok Garras De Gatinho Quente Pisar Como No Cão poop muffin Para Ambiente Interno E Grosso Casa De Verão Feminina","VIDEOS 1800-2100/VIDEO 1874/Chinelos De Garra De Gato tiktok Garras De Gatinho Quente Pisar Como No Cão poop muffin Para Ambiente Interno E Grosso Casa De Verão Feminina.mp4","8f9802a6ef7b1f3f1eb5360e7325d93ced598dfe439f0c030fcb5c22a07a3cd9","ok","7,29","1080","1920","1080x1920","vertical","30","h264","aac","2","44100","1962083","1787949",""
"VIDEOS 1800-2100-20260730T124534Z-1-001.zip","1875","Novo Sofá Almofada Universal Capa De Toalha De Pano Anti-Riscos De Inverno Espessada","VIDEOS 1800-2100/VIDEO 1875/Novo Sofá Almofada Universal Capa De Toalha De Pano Anti-Riscos De Inverno Espessada.mp4","5a0ea664a613e6f0ec8062230630560950774abf469a281f556bbcb336923728","ok","9,984","1080","1920","1080x1920","vertical","30","h264","aac","2","44100","2506760","3128437",""
"VIDEOS 1800-2100-20260730T124534Z-1-001.zip","1876","Tiktok Live Streamer Suporte Dobrável Para Telefone Celular Gravação De Vídeo E Transmissão Ao Vivo","VIDEOS 1800-2100/VIDEO 1876/Tiktok Live Streamer Suporte Dobrável Para Telefone Celular Gravação De Vídeo E Transmissão Ao Vivo.mp4","77c384d68471735613fd581601cb68296464f5ffb5c037eb24b0f5afae788fd0","ok","8,776","1080","1920","1080x1920","vertical","30","h264","aac","2","44100","2597130","2849052",""
"VIDEOS 1800-2100-20260730T124534Z-1-001.zip","1877","Cabelo aplique tic tac blogueira feminina mega hair moda feminina fique linda em segundos tenha cabelos lindos e longos cropped blusa","VIDEOS 1800-2100/VIDEO 1877/Cabelo aplique tic tac blogueira feminina mega hair moda feminina fique linda em segundos tenha cabelos lindos e longos cropped blusa.mp4","383f1fe49067c73e533fafeb987963996eccd1c42e235dd0089d2f56152c0414","ok","13,699","1080","1920","1080x1920","vertical","30","h264","aac","2","44100","3303267","5656432",""
"VIDEOS 1800-2100-20260730T124534Z-1-001.zip","1878","Mini máquina de bolo Dash 110V","VIDEOS 1800-2100/VIDEO 1878/Mini máquina de bolo Dash 110V.mp4","16a18cfefdb18a3d5e6cccfec8427c72a5cd2a34f92272c539ffff7a232e40ff","ok","28,467","1080","1920","1080x1920","vertical","30","h264","aac","2","44100","2315935","8240968",""
"VIDEOS 1800-2100-20260730T124534Z-1-001.zip","1879","Roupa Íntima Boxer De Seda Masculina Com Bojo","VIDEOS 1800-2100/VIDEO 1879/Roupa Íntima Boxer De Seda Masculina Com Bojo.mp4","9a3ed3eb0ea04c90e0e0a6eeccd6ca6ac5559190479a079ca52476fc7892b2ee","ok","8,126","1080","1920","1080x1920","vertical","30","h264","aac","2","44100","3947385","4009557",""
"VIDEOS 1800-2100-20260730T124534Z-1-001.zip","1880","Couro 2021 Novo Macho E Fêmea Par Pippen sneakers, Sapatos Da Moda Branco Todo Em Couro Para Queda E Inverno","VIDEOS 1800-2100/VIDEO 1880/Couro 2021 Novo Macho E Fêmea Par Pippen sneakers, Sapatos Da Moda Branco Todo Em Couro Para Queda E Inverno.mp4","ccb29eeaa65dcd0c9facad74e44e6ad194b59079aba001089666eb63ee4791fe","ok","12,77","1080","1920","1080x1920","vertical","30","h264","aac","2","44100","2603070","4155151",""
"VIDEOS 1800-2100-20260730T124534Z-1-001.zip","1881","Tênis De Borracha Flexível Antiderrapante De BebêRecém-NascidoDesenho De Animal","VIDEOS 1800-2100/VIDEO 1881/Tênis De Borracha Flexível Antiderrapante De BebêRecém-NascidoDesenho De Animal.mp4","4072b0c0f804c0907e2d459bbd8e4d3eccf623894da604c8c77e5fe1bea85c02","ok","7,778","1080","1920","1080x1920","vertical","30","h264","aac","2","44100","2305699","2241716",""
"VIDEOS 1800-2100-20260730T124534Z-1-001.zip","1882","10 Peças  Adesivo De Parede De Tijolos 3D Autocolante 3D Papel , DIY Para Sala De Estar , Quarto , Encosto De Cozinha , Banheiro , Interior Home Wall Decor 30  30cm","VIDEOS 1800-2100/VIDEO 1882/10 Peças  Adesivo De Parede De Tijolos 3D Autocolante 3D Papel , DIY Para Sala De Estar , Quarto , Encosto De Cozinha , Banheiro , Interior Home Wall Decor 30  30cm.mp4","91a5e96ff02654a9608849e7a0a2751f2d324cc9e13d1745bda6df2568edea07","ok","16,625","1080","1920","1080x1920","vertical","30","h264","aac","2","44100","1717329","3568825",""
"VIDEOS 1800-2100-20260730T124534Z-1-001.zip","1883","Mulheres verão outono calças de algodão linho sólido elástico na cintura doces cores harem calças macias feminino senhora alta qualidade pant S-XXL","VIDEOS 1800-2100/VIDEO 1883/Mulheres verão outono calças de algodão linho sólido elástico na cintura doces cores harem calças macias feminino senhora alta qualidade pant S-XXL.mp4","24617f0fd8e26f32b553b8c9abaf04919e3f36b383936889ff48a23d1f3c3189","ok","10,68","1080","1920","1080x1920","vertical","30","h264","aac","2","44100","2590509","3458330",""
"VIDEOS 1800-2100-20260730T124534Z-1-001.zip","1884","Wild Tornado Powerful Sink & Drain Cleaner High Efficiency - Clog Remover","VIDEOS 1800-2100/VIDEO 1884/Wild Tornado Powerful Sink & Drain Cleaner High Efficiency - Clog Remover.mp4","2a3fce6194b6534688387eb707a47d56aaf964d54075bc181830347bfe2171ce","ok","12,491","1080","1920","1080x1920","vertical","30","h264","aac","2","44100","2915600","4552346",""
"VIDEOS 1800-2100-20260730T124534Z-1-001.zip","1885","Kit 20 Organizador De Sapatos Saltos e Tênis Com Regulagem de Altura Preto","VIDEOS 1800-2100/VIDEO 1885/Kit 20 Organizador De Sapatos Saltos e Tênis Com Regulagem de Altura Preto.mp4","69cfcebaa02512018c97cf190bce0f76f2c2463baa7430a83af436a9f64da508","ok","16,16","1080","1920","1080x1920","vertical","30","h264","aac","2","44100","1683594","3400860",""
"VIDEOS 1800-2100-20260730T124534Z-1-001.zip","1886","Fita Veda Fresta Porta 3 Metros Janela 45mm","VIDEOS 1800-2100/VIDEO 1886/Fita Veda Fresta Porta 3 Metros Janela 45mm.mp4","6f4dba33c0a2fdc0a249ac56d9d878fa36889adc3911b71b338e3bd13207e967","ok","16,462","1080","1920","1080x1920","vertical","30","h264","aac","2","44100","2315701","4765135",""
"VIDEOS 1800-2100-20260730T124534Z-1-001.zip","1887","Novos Cadarços Fechadura Magnética Elástico Nenhuma Gravata Laços Tênis Cadarço Crianças Adulto Rainbow Lock One Size Fits All Shoes","VIDEOS 1800-2100/VIDEO 1887/Novos Cadarços Fechadura Magnética Elástico Nenhuma Gravata Laços Tênis Cadarço Crianças Adulto Rainbow Lock One Size Fits All Shoes.mp4","a0320a3abeed5d598c9fe7901ce1af6e015a8735934bfd73dee3b3db9d957124","ok","13,676","1080","1920","1080x1920","vertical","30","h264","aac","2","44100","3331083","5694487",""
"VIDEOS 1800-2100-20260730T124534Z-1-001.zip","1888","6 Pçs Limpador De Orelha De Aço Inoxidável , Ferramenta De Remoção De Ouvido Para Adultos E Bebês","VIDEOS 1800-2100/VIDEO 1888/6 Pçs Limpador De Orelha De Aço Inoxidável , Ferramenta De Remoção De Ouvido Para Adultos E Bebês.mp4","62d3a0e9bddebdbc196b0e9ba81aff85e96cf8e97f230969272206a203649ff5","ok","12,793","1080","1920","1080x1920","vertical","30","h264","aac","2","44100","1423614","2276537",""
"VIDEOS 1800-2100-20260730T124534Z-1-001.zip","1889","Cuidado Oral Do Bebê Cleaner Silicone 2 Pcs Escova De Dentes De Língua Infantil Recém-Nascido Limpeza Crianças -toysmall","VIDEOS 1800-2100/VIDEO 1889/Cuidado Oral Do Bebê Cleaner Silicone 2 Pcs Escova De Dentes De Língua Infantil Recém-Nascido Limpeza Crianças -toysmall.mp4","e7aa7a7db6490c18d66dc22bccf02e0f821a7fc92c8755574b5accbd94be8687","ok","9,542","1080","1920","1080x1920","vertical","30","h264","aac","2","44100","2182629","2603331",""
"VIDEOS 1800-2100-20260730T124534Z-1-001.zip","1890","4 Pares Meias Femininas Casuais De Seda Finas Respiráveis Antiderrapantes Com Emenda De Fundo","VIDEOS 1800-2100/VIDEO 1890/4 Pares Meias Femininas Casuais De Seda Finas Respiráveis Antiderrapantes Com Emenda De Fundo.mp4","f5314113613fa07c2cfd73caff20ca783f638b251f5e7523bd2926f295e942f1","ok","8,01","1080","1920","1080x1920","vertical","30","h264","aac","2","44100","3216086","3220107",""
"VIDEOS 1800-2100-20260730T124534Z-1-001.zip","1891","Tinta Direto na Ferrugem 3,6l Brasilux Escolha sua Cor","VIDEOS 1800-2100/VIDEO 1891/Tinta Direto na Ferrugem 3,6l Brasilux Escolha sua Cor.mp4","f2a09e6a2e0bfec3649e55e401604039fe8011792c39681584afd2f948e6f4ae","ok","11,005","1080","1920","1080x1920","vertical","30","h264","aac","2","44100","2467846","3394832",""
"VIDEOS 1800-2100-20260730T124534Z-1-001.zip","1892","Mochila De Moda Feminina Natação Impermeável Praia Esportes Pequena Portátil Escolar","VIDEOS 1800-2100/VIDEO 1892/Mochila De Moda Feminina Natação Impermeável Praia Esportes Pequena Portátil Escolar.mp4","5c8944543563aa18c4a630783d77a8e08b267146edfc88efcea5184e9e19724b","ok","11,098","1080","1920","1080x1920","vertical","30","h264","aac","2","44100","2316786","3213962",""
"VIDEOS 1800-2100-20260730T124534Z-1-001.zip","1893","Bóia De Natação Do Bebê, Deitado Anel, Piscina De Banho De Natação Float Para O Bebê, Anel Flutuador Pescoço Inflável Com Removível Proteção Solar Dossel Para A Idade De 6 @ - @ 22 Meses","VIDEOS 1800-2100/VIDEO 1893/Bóia De Natação Do Bebê, Deitado Anel, Piscina De Banho De Natação Float Para O Bebê, Anel Flutuador Pescoço Inflável Com Removível Proteção Solar Dossel Para A Idade De 6 @ - @ 22 Meses.mp4","d5b2b9fb4ac2ab61e358803b8fd6b5b08caa68f919917a1948433a07ac9f086b","ok","5,734","1080","1920","1080x1920","vertical","30","h264","aac","2","44100","3897251","2793355",""
"VIDEOS 1800-2100-20260730T124534Z-1-001.zip","1894","Cama Dobravel Multiuso Com Colchonete Preta","VIDEOS 1800-2100/VIDEO 1894/Cama Dobravel Multiuso Com Colchonete Preta.mp4","508bf71bc99989386817028a5194fe19d2d73884f6b34666f03b8526c73c90db","ok","14,001","1080","1920","1080x1920","vertical","30","h264","aac","2","44100","3130238","5478309",""
"VIDEOS 1800-2100-20260730T124534Z-1-001.zip","1895","Big Goose Cat Belly Latex Travesseiro Dormitório Estudantil De Algodão Com Memória De Ressalto Lento Proteção Do Pescoço Cervical","VIDEOS 1800-2100/VIDEO 1895/Big Goose Cat Belly Latex Travesseiro Dormitório Estudantil De Algodão Com Memória De Ressalto Lento Proteção Do Pescoço Cervical.mp4","27966ef584c001cc02cf9ef63d8af405988e4b3559ec917170f0283b3062653f","ok","20,131","1080","1920","1080x1920","vertical","30","h264","aac","2","44100","2718559","6840915",""
"VIDEOS 1800-2100-20260730T124534Z-1-001.zip","1896","Cama Colchão Inflável Casal Até 272 Kg Dura Beam com Bomba elétrica Interna- Intex","VIDEOS 1800-2100/VIDEO 1896/Cama Colchão Inflável Casal Até 272 Kg Dura Beam com Bomba elétrica Interna- Intex.mp4","0ed3a2b9d44c3371d7d2e3416d6c8a9da687ce08c3e20139715def2e6f873814","ok","22,29","1080","1920","1080x1920","vertical","30","h264","aac","2","44100","1336959","3725103",""
"VIDEOS 1800-2100-20260730T124534Z-1-001.zip","1897","Pipoqueira Elétrica carrinho retrô 110v ou 220v-Envio imediat","VIDEOS 1800-2100/VIDEO 1897/Pipoqueira Elétrica carrinho retrô 110v ou 220v-Envio imediat.mp4","bbbae18f735e523b99b8ba8df8077d85768c82c2fb615a10763e3ad98c67cd10","ok","11,261","1080","1920","1080x1920","vertical","30","h264","aac","2","44100","2834397","3989769",""
"VIDEOS 1800-2100-20260730T124534Z-1-001.zip","1898","Removedor De Pêlos, Fiapos E Pequenas Sujeiras","VIDEOS 1800-2100/VIDEO 1898/Removedor De Pêlos, Fiapos E Pequenas Sujeiras.mp4","8e57d3778d2133b10d0c98aad62b0a3792c0b32250dbabdd2bb6e6f1f0062562","ok","25,796","1080","1920","1080x1920","vertical","30","h264","aac","2","44100","1477642","4764659",""
"VIDEOS 1800-2100-20260730T124534Z-1-001.zip","1899","Colchão De Látex Natural, Almofada De Borracha Grossa, 100_ Natural, Importado, Puro, Casa, Dormitório, 5 cm, 7.5 cm, 10cm","VIDEOS 1800-2100/VIDEO 1899/Colchão De Látex Natural, Almofada De Borracha Grossa, 100_ Natural, Importado, Puro, Casa, Dormitório, 5 cm, 7.5 cm, 10cm.mp4","32f259df9bbe2e4d4bf75cc3fff10d47d80eb895b63f9401614c94f9eb0db28c","ok","23,219","1080","1920","1080x1920","vertical","30","h264","aac","2","44100","3938285","11430381",""
"VIDEOS 1800-2100-20260730T124534Z-1-001.zip","1900","Régua De Desenho Multifuncional , Ângulo E Círculo Geométrico Modelo De Medição Ferramenta Para","VIDEOS 1800-2100/VIDEO 1900/Régua De Desenho Multifuncional , Ângulo E Círculo Geométrico Modelo De Medição Ferramenta Para.mp4","61f8d798c028e3a03f10b39065d0b3d5628f0ba524e96fd041993da6fce922c9","ok","25,262","1080","1920","1080x1920","vertical","30","h264","aac","2","44100","2543521","8031804",""
"VIDEOS 1800-2100-20260730T124534Z-1-001.zip","1901","Velhos Sapatos De Roupa De Pequim Rede De Verão Femininos Antiderrapantes De Sola Macia Confortáveis De Meia-Idade Para Idosos W","VIDEOS 1800-2100/VIDEO 1901/Velhos Sapatos De Roupa De Pequim Rede De Verão Femininos Antiderrapantes De Sola Macia Confortáveis De Meia-Idade Para Idosos W.mp4","564e6b367c7d3ed3cc15a8c497eeba965be49afe0e20c933629341d8fa6ea2f8","ok","15,324","1080","1920","1080x1920","vertical","30","h264","aac","2","44100","2462931","4717746",""
"VIDEOS 1800-2100-20260730T124534Z-1-001.zip","1902","Balançando a cabeça ventilador de circulação de ar, turbina elétrica, silencioso, convecção, vertical, controle remoto, Timing Floor, Household","VIDEOS 1800-2100/VIDEO 1902/Balançando a cabeça ventilador de circulação de ar, turbina elétrica, silencioso, convecção, vertical, controle remoto, Timing Floor, Household.mp4","558171f96221c8a5b3c6fa09513d2cb5c19e65e54ca43c8b82e4d8da54fc4323","ok","7,383","1080","1920","1080x1920","vertical","30","h264","aac","2","44100","1720541","1587845",""
"VIDEOS 1800-2100-20260730T124534Z-1-001.zip","1903","Papel De Parede 3D Grosso Auto-Adesivo Para QuartoSala De EstarDecoração","VIDEOS 1800-2100/VIDEO 1903/Papel De Parede 3D Grosso Auto-Adesivo Para QuartoSala De EstarDecoração.mp4","249c6fe2917209e765fc96f36a47a3e0e261f0eadb26f401e658d8d174336562","ok","15,231","1080","1920","1080x1920","vertical","30","h264","aac","2","44100","3762188","7162736",""
"VIDEOS 1800-2100-20260730T124534Z-1-001.zip","1904","Pomada De Sangue Do Dragão , Feminina , Creme De Pele Clareador , Hidratante , Loção 50g","VIDEOS 1800-2100/VIDEO 1904/Pomada De Sangue Do Dragão , Feminina , Creme De Pele Clareador , Hidratante , Loção 50g.mp4","e15444371eee247803080a9bf3a6723de5c49048c419d9a96d6c5550b4950e29","ok","14,86","1080","1920","1080x1920","vertical","30","h264","aac","2","44100","2399506","4457084",""
"VIDEOS 1800-2100-20260730T124534Z-1-001.zip","1905","Kliou Mesh Patchwork Conjunto De Duas Peças Mulheres Magro Furo Sem Mangas Veja Através De Roupa Íntima","VIDEOS 1800-2100/VIDEO 1905/Kliou Mesh Patchwork Conjunto De Duas Peças Mulheres Magro Furo Sem Mangas Veja Através De Roupa Íntima.mp4","1217e9630defbde1664905116f3156eab7fceece8a1316326012157f7d6dc448","ok","7,615","1080","1920","1080x1920","vertical","30","h264","aac","2","44100","1773104","1687774",""
"VIDEOS 1800-2100-20260730T124534Z-1-001.zip","1906","Película Para Estufa Grampo De Rede Guarda-Sol Fixação Da Tenda Do Jardim Ao Ar Livre","VIDEOS 1800-2100/VIDEO 1906/Película Para Estufa Grampo De Rede Guarda-Sol Fixação Da Tenda Do Jardim Ao Ar Livre.mp4","db5296282728e2bf01fb95006fa86d34b9333c0c950cbdee19254b5ba26c5939","ok","20,409","1080","1920","1080x1920","vertical","30","h264","aac","2","44100","4625868","11801170",""
"VIDEOS 1800-2100-20260730T124534Z-1-001.zip","1907","Konheart Tintura Descartável Em 8 Cores, Tintura De Cabelo, Giz  Tintura De Cabelo  Ferramenta De Cabeleireiro","VIDEOS 1800-2100/VIDEO 1907/Konheart Tintura Descartável Em 8 Cores, Tintura De Cabelo, Giz  Tintura De Cabelo  Ferramenta De Cabeleireiro.mp4","f7fbda9a1904275f5c270533d91e3b8f64d670b6518aceebc04dcc579487eda7","ok","10,309","1080","1920","1080x1920","vertical","30","h264","aac","2","44100","4163232","5364846",""
"VIDEOS 1800-2100-20260730T124534Z-1-001.zip","1908","Organizador Plastico Porta Joiasbijuteriasmaquiagens Com Gaveta","VIDEOS 1800-2100/VIDEO 1908/Organizador Plastico Porta Joiasbijuteriasmaquiagens Com Gaveta.mp4","cb50c8ca9d899128dee82e303ed95529b5de763a9f177df8dec51f60bc5dc0c4","ok","8,358","1080","1920","1080x1920","vertical","30","h264","aac","2","44100","2684621","2804758",""
"VIDEOS 1800-2100-20260730T124534Z-1-001.zip","1909","Secador De Cabelo Profissional Cacheado Com Difusor 2000W De Alta Velocidade Soprando E Secando Íons Negativos","VIDEOS 1800-2100/VIDEO 1909/Secador De Cabelo Profissional Cacheado Com Difusor 2000W De Alta Velocidade Soprando E Secando Íons Negativos.mp4","41cabb41f41271eab4c1f759beed8d7df45b88a3fce0b8e3afb0c447412e4aa8","ok","15,719","1080","1920","1080x1920","vertical","30","h264","aac","2","44100","1384332","2720041",""
"VIDEOS 1800-2100-20260730T124534Z-1-001.zip","1910","Tábua de Corte Antiderrapante com Suporte - 30cm - Corte carnes, legumes e frutas JX-60521","VIDEOS 1800-2100/VIDEO 1910/Tábua de Corte Antiderrapante com Suporte - 30cm - Corte carnes, legumes e frutas JX-60521.mp4","ba0d1a77c63be9cfd87bfc444ebb1bb240cf236d448bfcb9a487191f862473f2","ok","13,351","1080","1920","1080x1920","vertical","30","h264","aac","2","44100","2939921","4906361",""
"VIDEOS 1800-2100-20260730T124534Z-1-001.zip","1911","Necessaire Feminina Grande Maquiagem Cosméticos Bolsa Organizadora Promoção","VIDEOS 1800-2100/VIDEO 1911/Necessaire Feminina Grande Maquiagem Cosméticos Bolsa Organizadora Promoção.mp4","7730ef4a2cd250bbb4afe807f147cbbd884ef722179cecad6ee559e24419c37d","ok","7,546","1080","1920","1080x1920","vertical","30","h264","aac","2","44100","2424747","2287143",""
"VIDEOS 1800-2100-20260730T124534Z-1-001.zip","1912","[Destaque] Clip Vegetal50 Clipes De Retenção De VinhaFixação Trepadora De Planta VerdeFerramentas De JardinagemPavimentação Em Gaiola De Apoio Ao PoteGuias De Plástico Para Flores Crescimento De Pl","VIDEOS 1800-2100/VIDEO 1912/[Destaque] Clip Vegetal50 Clipes De Retenção De VinhaFixação Trepadora De Planta VerdeFerramentas De JardinagemPavimentação Em Gaiola De Apoio Ao PoteGuias De Plástico Para Flores Crescimento De Pl.mp4","d9777c2ec1064b9b5a252fb226ca5b7ad6529fd0845238b278ec30872fe57b4f","ok","7,871","1080","1920","1080x1920","vertical","30","h264","aac","2","44100","4681115","4605633",""
"VIDEOS 1800-2100-20260730T124534Z-1-001.zip","1913","Chinelos Modelos Masculinos De Verão Da Moda Esportiva casual anti-odor Interior Derrapante Ao Ar Livre Sandálias De Praia Com Sentido De Merda","VIDEOS 1800-2100/VIDEO 1913/Chinelos Modelos Masculinos De Verão Da Moda Esportiva casual anti-odor Interior Derrapante Ao Ar Livre Sandálias De Praia Com Sentido De Merda.mp4","06f4eadcf7dfcdbfa022932664f34962f1ed9aea33ff2515aa4fa6d5774ecdba","ok","23,498","1080","1920","1080x1920","vertical","30","h264","aac","2","44100","2484238","7296829",""
"VIDEOS 1800-2100-20260730T124534Z-1-001.zip","1914","Escova Eletrica de Limpeza 5 em 1 Sem Fio Limpador Multiuso Pratico Para Cozinha , Banheiro prático","VIDEOS 1800-2100/VIDEO 1914/Escova Eletrica de Limpeza 5 em 1 Sem Fio Limpador Multiuso Pratico Para Cozinha , Banheiro prático.mp4","35e6d24059e265843ce5c0e3510fcd03c7a8950a159f963b7a3c4e0750a6e1d8","ok","12,561","1080","1920","1080x1920","vertical","30","h264","aac","2","44100","2979546","4678260",""
"VIDEOS 1800-2100-20260730T124534Z-1-001.zip","1915","Conjunto De Torneira De Banheiro BidimÁgua","VIDEOS 1800-2100/VIDEO 1915/Conjunto De Torneira De Banheiro BidimÁgua.mp4","b06a518c5002c65a78f4d19db2409143b0936944c5a71940869f32f9eaf9c36f","ok","41,818","1080","1920","1080x1920","vertical","30","h264","aac","2","44100","2171842","11352762",""
"VIDEOS 1800-2100-20260730T124534Z-1-001.zip","1916","Conjunto De Chaves De Fenda Multifuncional Xiaomi 44 Em 1 S2 Slotted Precisão Bit Chave Para Notebook Mini Caixa De Ferramentas Manutenção","VIDEOS 1800-2100/VIDEO 1916/Conjunto De Chaves De Fenda Multifuncional Xiaomi 44 Em 1 S2 Slotted Precisão Bit Chave Para Notebook Mini Caixa De Ferramentas Manutenção.mp4","4da41507889bf5e4ec840c74d0a950012dded1d6e5f01fa03fdf2ce7cfcf4d70","ok","63,436","1080","1920","1080x1920","vertical","30","h264","aac","2","44100","2342222","18572657",""
"VIDEOS 1800-2100-20260730T124534Z-1-001.zip","1917","Super Cola De 50ML Com Bocal De Ponta De Agulha Resistente A UV Intempéries Para Reparo De Cerâmica De Telha","VIDEOS 1800-2100/VIDEO 1917/Super Cola De 50ML Com Bocal De Ponta De Agulha Resistente A UV Intempéries Para Reparo De Cerâmica De Telha.mp4","9aae7837b2bc52e61051a2582eb3088e5fc2993b749271b62ad2a2cfd1839bb7","ok","17,762","1080","1920","1080x1920","vertical","30","h264","aac","2","44100","2034499","4517098",""
"VIDEOS 1800-2100-20260730T124534Z-1-001.zip","1918","Cesto de Lixo Infantil Telado Plastico 7l Lixeira Baby Para Crianças 7 Litros Telada","VIDEOS 1800-2100/VIDEO 1918/Cesto de Lixo Infantil Telado Plastico 7l Lixeira Baby Para Crianças 7 Litros Telada.mp4","a626c1c1e6087f9ddea9b5827b3686df8d3eb1af8087ee66f369655d918a55e6","ok","8,149","1080","1920","1080x1920","vertical","30","h264","aac","2","44100","2148370","2188384",""
"VIDEOS 1800-2100-20260730T124534Z-1-001.zip","1919","Cabide Organizador De Cachecóis Robusto E Durável Para De Feijão Bras Pet iadbr","VIDEOS 1800-2100/VIDEO 1919/Cabide Organizador De Cachecóis Robusto E Durável Para De Feijão Bras Pet iadbr.mp4","6a30452725e8e7838d501389129c8448960d3a193a02533a80a31ab81667ed9f","ok","15,928","1080","1920","1080x1920","vertical","30","h264","aac","2","44100","3096693","6165516",""
"VIDEOS 1800-2100-20260730T124534Z-1-001.zip","1920","2 Cores Para Escolher Pet Chupeta Cat & Dog Silicone Garrafa De Alimentação Pequena Bolha Do Leite Tigela","VIDEOS 1800-2100/VIDEO 1920/2 Cores Para Escolher Pet Chupeta Cat & Dog Silicone Garrafa De Alimentação Pequena Bolha Do Leite Tigela.mp4","5dd77eee45fe5af9d48cd99bb8988b4d7820afe9346783d7ef1aa75144c5903b","ok","9,496","1080","1920","1080x1920","vertical","30","h264","aac","2","44100","1435659","1704128",""
"VIDEOS 1800-2100-20260730T124534Z-1-001.zip","1921","Imã De Neodímio Para Pesca Magnética Esportiva 200 Kg Tração + Corda 20 Metros Substitui Detector de Metal Muito Resistente","VIDEOS 1800-2100/VIDEO 1921/Imã De Neodímio Para Pesca Magnética Esportiva 200 Kg Tração + Corda 20 Metros Substitui Detector de Metal Muito Resistente.mp4","c9bdca5b39ac0b19a301e585abc5fe8df13f08fcc980f8a5baaf74d504eb280b","ok","22,197","1080","1920","1080x1920","vertical","30","h264","aac","2","44100","3855688","10698091",""
"VIDEOS 1800-2100-20260730T124534Z-1-001.zip","1922","Super Cola De 50ML Com Bocal De Ponta De Agulha Resistente A UV Intempéries Para Reparo De Cerâmica De Telha","VIDEOS 1800-2100/VIDEO 1922/Super Cola De 50ML Com Bocal De Ponta De Agulha Resistente A UV Intempéries Para Reparo De Cerâmica De Telha.mp4","3e76cbf6ac807a5857d23aafc4b359033d66de7de5f169cdd247e0b31377efd8","ok","7,406","1080","1920","1080x1920","vertical","30","h264","aac","2","44100","2809100","2600525",""
"VIDEOS 1800-2100-20260730T124534Z-1-001.zip","1923","Escova Multifuncional Ferramenta De Limpeza De Garrafas Reutilizável Para Xícara De Chá","VIDEOS 1800-2100/VIDEO 1923/Escova Multifuncional Ferramenta De Limpeza De Garrafas Reutilizável Para Xícara De Chá.mp4","711ed8691344600e5f823b99edad6f1d3893fc4ab9fea2ec8d17daa05829549a","ok","15,185","1080","1920","1080x1920","vertical","30","h264","aac","2","44100","2111909","4008669",""
"VIDEOS 1800-2100-20260730T124534Z-1-001.zip","1924","Xiaomi 20000pa Novo Aspirador De Pó Portátil Para Carro mini Inteligente Casa Dupla Função mi QE3V","VIDEOS 1800-2100/VIDEO 1924/Xiaomi 20000pa Novo Aspirador De Pó Portátil Para Carro mini Inteligente Casa Dupla Função mi QE3V.mp4","7702fccb4ffe9ba334427b4564cd76b44e09c34f7741c6ad065b5a3d8b743102","ok","29,372","1080","1920","1080x1920","vertical","30","h264","aac","2","44100","1484001","5448510",""
"VIDEOS 1800-2100-20260730T124534Z-1-001.zip","1925","High-rise vidro limpeza artefato doméstico escova high-rise dupla face limpeza ferramenta especial janela externa","VIDEOS 1800-2100/VIDEO 1925/High-rise vidro limpeza artefato doméstico escova high-rise dupla face limpeza ferramenta especial janela externa.mp4","a6b13a3e376e370347e02ed018268a9b1e2787b46b7e83eff840242e07230871","ok","21,64","1080","1920","1080x1920","vertical","30","h264","aac","2","44100","2831872","7660216",""
"VIDEOS 1800-2100-20260730T124534Z-1-001.zip","1926","Enrolador de Mangueira Até 55m 12 Tramontina","VIDEOS 1800-2100/VIDEO 1926/Enrolador de Mangueira Até 55m 12 Tramontina.mp4","0a5f7b77d10ba73224b9adc59e8c41b936e8982e23a30e3a7531558cb5c0caaf","ok","10,796","1080","1920","1080x1920","vertical","30","h264","aac","2","44100","3088698","4168198",""
"VIDEOS 1800-2100-20260730T124534Z-1-001.zip","1927","Kisscatm Alça De Pescoço De Silicone Universal 2 Em 1 Para Celular  Cordão  Anel De Suporte","VIDEOS 1800-2100/VIDEO 1927/Kisscatm Alça De Pescoço De Silicone Universal 2 Em 1 Para Celular  Cordão  Anel De Suporte.mp4","31ef867c1dd29c11e8c1ed0d84f872e4df1e4c29721fffea758b01c0140f9443","ok","13,142","1080","1920","1080x1920","vertical","30","h264","aac","2","44100","2587707","4250956",""
"VIDEOS 1800-2100-20260730T124534Z-1-001.zip","1928","Alarme De Porta Com Trava Pedal De Vibração Sem Fio Alarme Segurança Furto Para Casa  Escritório","VIDEOS 1800-2100/VIDEO 1928/Alarme De Porta Com Trava Pedal De Vibração Sem Fio Alarme Segurança Furto Para Casa  Escritório.mp4","35181ebe23f26aee3f1f085f34b484339c65e68873114e72d2bf4dbdd41bff16","ok","10,077","1080","1920","1080x1920","vertical","30","h264","aac","2","44100","2981493","3755564",""
"VIDEOS 1800-2100-20260730T124534Z-1-001.zip","1929","Meias Femininas Para Yoga  Meias De Dança Antiderrapantes","VIDEOS 1800-2100/VIDEO 1929/Meias Femininas Para Yoga  Meias De Dança Antiderrapantes.mp4","771788c47ca08d69c87569f8a0b1768695b882d339e6fea9a834482ebc3c782e","ok","9,566","1080","1920","1080x1920","vertical","30","h264","aac","2","44100","2825292","3378344",""
"VIDEOS 1800-2100-20260730T124534Z-1-001.zip","1930","Kit 4 Bota de Borracha Protetora de Patas Patinha Botinha de Silicone Sapato À Prova D_agua Sapatinho Para Cão Cachorro Gato e Pets","VIDEOS 1800-2100/VIDEO 1930/Kit 4 Bota de Borracha Protetora de Patas Patinha Botinha de Silicone Sapato À Prova D_agua Sapatinho Para Cão Cachorro Gato e Pets.mp4","df9de1477617e0d25159014503c4b5a6df5ac1a04fdb93c1856ec2fd3204f290","ok","12,027","1080","1920","1080x1920","vertical","30","h264","aac","2","44100","2887409","4340860",""
"VIDEOS 1800-2100-20260730T124534Z-1-001.zip","1931","Mandolin Profissional Cortador Fatiador Legumes Frutas Inox","VIDEOS 1800-2100/VIDEO 1931/Mandolin Profissional Cortador Fatiador Legumes Frutas Inox.mp4","1ac8fbfb4ca239ea20c3509a1a694ea4c656fb3f7246cdd124f9446d3316e09c","ok","15,115","1080","1920","1080x1920","vertical","30","h264","aac","2","44100","2199355","4155408",""
"VIDEOS 1800-2100-20260730T124534Z-1-001.zip","1932","Impermeável Poltrona Capas De Cadeira De Jantar Banquete De Lã Elástica Cobre Stretchable Especial Em Forma De Protetor Mobiliário Decoração Tampa Da Casamento","VIDEOS 1800-2100/VIDEO 1932/Impermeável Poltrona Capas De Cadeira De Jantar Banquete De Lã Elástica Cobre Stretchable Especial Em Forma De Protetor Mobiliário Decoração Tampa Da Casamento.mp4","8aded16ffc8b415c685e6d76a856bc25aa9af4f72d4de41b91b07b529197bdc3","ok","11,656","1080","1920","1080x1920","vertical","30","h264","aac","2","44100","4012611","5846375",""
"VIDEOS 1800-2100-20260730T124534Z-1-001.zip","1933","Brinquedo de pedal de música para bebê, rack de fitness para bebê 0-36 meses, tapete de chão para bebê recém-nascido, pedal de piano para bebê","VIDEOS 1800-2100/VIDEO 1933/Brinquedo de pedal de música para bebê, rack de fitness para bebê 0-36 meses, tapete de chão para bebê recém-nascido, pedal de piano para bebê.mp4","2a13fc9f5cd079ffff28fba4b35b2b3e5ea4321a0713499cf86bee2b58dade9a","ok","9,287","1080","1920","1080x1920","vertical","30","h264","aac","2","44100","3353828","3893376",""
"VIDEOS 1800-2100-20260730T124534Z-1-001.zip","1934","Calça harém de cintura elástica feminina, monocromática, solta, bolsos retos, branco, roupa de senhora do escritório, moda, novo, primavera, outono, 2023","VIDEOS 1800-2100/VIDEO 1934/Calça harém de cintura elástica feminina, monocromática, solta, bolsos retos, branco, roupa de senhora do escritório, moda, novo, primavera, outono, 2023.mp4","87ec57f2b013a01c37db108bd2da6a7c08e793cbe927e1870253d110820881b2","ok","9,728","1080","1920","1080x1920","vertical","30","h264","aac","2","44100","2785415","3387065",""
"VIDEOS 1800-2100-20260730T124534Z-1-001.zip","1935","Calcinha Fio Dental Feminina Com Bordado De Flor Para Sexy","VIDEOS 1800-2100/VIDEO 1935/Calcinha Fio Dental Feminina Com Bordado De Flor Para Sexy.mp4","73ea1ef52e0fc9505159ad9400cc1dfecb1457cc62ec295fda60b0215462a82b","ok","6,106","1080","1920","1080x1920","vertical","30","h264","aac","2","44100","1953772","1491217",""
"VIDEOS 1800-2100-20260730T124534Z-1-001.zip","1936","Shorts Cinta Modeladora, 4 Barbatanas De Aço Empina Bum Bum Compressão","VIDEOS 1800-2100/VIDEO 1936/Shorts Cinta Modeladora, 4 Barbatanas De Aço Empina Bum Bum Compressão.mp4","8a55f834753b24eacba4ee42994816e10e9582e4bccea472d1e7594ce5ea6db6","ok","22,221","1080","1920","1080x1920","vertical","30","h264","aac","2","44100","2423727","6732207",""
"VIDEOS 1800-2100-20260730T124534Z-1-001.zip","1937","Frigideira de dupla face, sanduíche de luz removível, panela de cozimento, sanduíche de café da manhã, Panini Press Grill com cabo de madeira para bacon de ovo de queijo todos os dias","VIDEOS 1800-2100/VIDEO 1937/Frigideira de dupla face, sanduíche de luz removível, panela de cozimento, sanduíche de café da manhã, Panini Press Grill com cabo de madeira para bacon de ovo de queijo todos os dias.mp4","4d0ec0ba99a797904b24fae0d6d6d3acc9f2b238cfb4994a70d21cb36e957286","ok","24,682","1080","1920","1080x1920","vertical","30","h264","aac","2","44100","1718627","5302396",""
"VIDEOS 1800-2100-20260730T124534Z-1-001.zip","1938","Hanht Imã De Geladeira Com Moldura Magnética Colorida Para Geladeira","VIDEOS 1800-2100/VIDEO 1938/Hanht Imã De Geladeira Com Moldura Magnética Colorida Para Geladeira.mp4","fc57b56f0dba18703b1f36474474a35e8c1c4e0dd561676306c4f7c1e017f5cb","ok","12,747","1080","1920","1080x1920","vertical","30","h264","aac","2","44100","1618470","2578831",""
"VIDEOS 1800-2100-20260730T124534Z-1-001.zip","1939","【produtos À Vista】 1pc Fazedor De Almôndegas De Carne Bolas De Peixe Bolinhas De Arroz Bolinhos Camarão Molde Mágico Para Espremer E Fritar","VIDEOS 1800-2100/VIDEO 1939/【produtos À Vista】 1pc Fazedor De Almôndegas De Carne Bolas De Peixe Bolinhas De Arroz Bolinhos Camarão Molde Mágico Para Espremer E Fritar.mp4","21ef84dc4ca83750fc836a68ac73d8e30b2f2755d608dc8c3360f22256df25ba","ok","12,793","1080","1920","1080x1920","vertical","30","h264","aac","2","44100","3709178","5931440",""
"VIDEOS 1800-2100-20260730T124534Z-1-001.zip","1940","KIT 4 Rodinhas Adesivas Esféricas Deslizantes Para Mover Moveis","VIDEOS 1800-2100/VIDEO 1940/KIT 4 Rodinhas Adesivas Esféricas Deslizantes Para Mover Moveis.mp4","b658f85972d3a30a263388489060330c98de0daad33416388bf77b8255e16a33","ok","9,868","720","1280","720x1280","vertical","30","h264","aac","2","44100","1734975","2140092",""
"VIDEOS 1800-2100-20260730T124534Z-1-001.zip","1941","Gongyu Suicer Extrator De Suco De Imprensa FriaMáquina mokkom mk199 Extratores Frutas","VIDEOS 1800-2100/VIDEO 1941/Gongyu Suicer Extrator De Suco De Imprensa FriaMáquina mokkom mk199 Extratores Frutas.mp4","86d042b79f466c5f384fc9f431718d2344d9b553313ce0469a775e2baec034a8","ok","18,366","720","1280","720x1280","vertical","30","h264","aac","2","44100","1375336","3157428",""
"VIDEOS 1800-2100-20260730T124534Z-1-001.zip","1942","Versão melhorada Colmeia Organizadora de roupas Premium calçastopsmeiasroupas íntimas armazenamento","VIDEOS 1800-2100/VIDEO 1942/Versão melhorada Colmeia Organizadora de roupas Premium calçastopsmeiasroupas íntimas armazenamento.mp4","433620a976bf75b4942c6ffdc18996eb54cb4dfa63b5b4f57042dcedac5e8524","ok","12,05","720","1280","720x1280","vertical","30","h264","aac","2","44100","2392050","3603026",""
"VIDEOS 1800-2100-20260730T124534Z-1-001.zip","1943","Rack De Armazenamento De Temperos De Cozinha Autoadesivo Sob A Mesa Garrafa De Escondido Gaveta Usado Para Utensílios","VIDEOS 1800-2100/VIDEO 1943/Rack De Armazenamento De Temperos De Cozinha Autoadesivo Sob A Mesa Garrafa De Escondido Gaveta Usado Para Utensílios.mp4","a38cca89173574c911bda67855f27e6e7c42d7c3dccd4e7917659bb79bc35545","ok","9,426","720","1280","720x1280","vertical","30","h264","aac","2","44100","1478958","1742583",""
"VIDEOS 1800-2100-20260730T124534Z-1-001.zip","1944","Saboneteira De Parede Com Camada Dupla Em Formato De Baleia Para Banheiro Suporte Adesivo Escorra A Caixa De Sabão","VIDEOS 1800-2100/VIDEO 1944/Saboneteira De Parede Com Camada Dupla Em Formato De Baleia Para Banheiro Suporte Adesivo Escorra A Caixa De Sabão.mp4","4c41fc8fa00365b48b9eed1b3c4c749581dc73cb4664f8cf18d119589f793896","ok","11,33","720","1280","720x1280","vertical","30","h264","aac","2","44100","1169855","1656808",""
"VIDEOS 1800-2100-20260730T124534Z-1-001.zip","1945","Abridor De Lata Cervejarefrigerante Manual Pronta Entrega","VIDEOS 1800-2100/VIDEO 1945/Abridor De Lata Cervejarefrigerante Manual Pronta Entrega.mp4","508153bb1bb568d15a63caf2185ea451b93fe8185abb928f5ac38236c34befb8","ok","10,053","720","1280","720x1280","vertical","30","h264","aac","2","44100","1579584","1984946",""
"VIDEOS 1800-2100-20260730T124534Z-1-001.zip","1946","Drone 4K HD Fotografia Aérea Nova Wifi Dobrável Altitude 4K Fixo , Câmera & GPS Quadcopter","VIDEOS 1800-2100/VIDEO 1946/Drone 4K HD Fotografia Aérea Nova Wifi Dobrável Altitude 4K Fixo , Câmera & GPS Quadcopter.mp4","955a3214f9d9101454ade0636057f48b45d1420a42d6e2fcf1e6f089df58ebdd","ok","20,618","720","1280","720x1280","vertical","30","h264","aac","2","44100","2232908","5754763",""
"VIDEOS 1800-2100-20260730T124534Z-1-001.zip","1947","32 Grade Geladeira Ovo Caixas De Armazenamento Organizador Caixa Fresco Gaveta Tipo Ovos Caso Da Titular Empilhável Acessórios De Cozinha","VIDEOS 1800-2100/VIDEO 1947/32 Grade Geladeira Ovo Caixas De Armazenamento Organizador Caixa Fresco Gaveta Tipo Ovos Caso Da Titular Empilhável Acessórios De Cozinha.mp4","516cde402679a6fd8fc4509c0c1309e769943a6f1c0474bbccee577e5b87c9cd","ok","23,01","720","1280","720x1280","vertical","30","h264","aac","2","44100","1504139","4326281",""
"VIDEOS 1800-2100-20260730T124534Z-1-001.zip","1948","tela de proteção de ventilador","VIDEOS 1800-2100/VIDEO 1948/tela de proteção de ventilador.mp4","080fab39d1f576e698f45094b6f37ff81ca303ac570ef46eb49777285ef85fb7","ok","7,383","720","1280","720x1280","vertical","30","h264","aac","2","44100","2949269","2721807",""
"VIDEOS 1800-2100-20260730T124534Z-1-001.zip","1949","Papel De Parede 3D Adesivo Tijolos Grosso à prova guá","VIDEOS 1800-2100/VIDEO 1949/Papel De Parede 3D Adesivo Tijolos Grosso à prova guá.mp4","f036e12fa17e0375ee4c75017d1036317ea0aafbef05081043ea04d350f7e6c4","ok","9,171","720","1280","720x1280","vertical","30","h264","aac","2","44100","1454784","1667729",""
"VIDEOS 1800-2100-20260730T124534Z-1-001.zip","1950","Fita Magica Dupla Face Super Forte Lavável Gel Auto Colante Lucky Bazar","VIDEOS 1800-2100/VIDEO 1950/Fita Magica Dupla Face Super Forte Lavável Gel Auto Colante Lucky Bazar.mp4","ae46c1738d44ad4b440d4ea3611cff9cfe2bef28f904cde3b99cfc1202bf6ece","ok","16,16","720","1280","720x1280","vertical","30","h264","aac","2","44100","1892962","3823784",""
"VIDEOS 1800-2100-20260730T124534Z-1-001.zip","1951","Tesoura para alimentos Clever Cutter, substitui a tabua e faca. Cortador de legumes, vegetais...","VIDEOS 1800-2100/VIDEO 1951/Tesoura para alimentos Clever Cutter, substitui a tabua e faca. Cortador de legumes, vegetais....mp4","c8282846484bbaf1808b28f9b6c1ff4a78e4d37559212f5c5683155642b6558a","ok","8,265","720","1280","720x1280","vertical","30","h264","aac","2","44100","1102930","1139465",""
"VIDEOS 1800-2100-20260730T124534Z-1-001.zip","1952","Cadeado Impressão Digital Inteligente Biométrica Impermeável Fechadura","VIDEOS 1800-2100/VIDEO 1952/Cadeado Impressão Digital Inteligente Biométrica Impermeável Fechadura.mp4","30adbc0020cb1ba542b3e96c3b60e38137efa716f9a26f138213d7f17715d00d","ok","15,301","720","1280","720x1280","vertical","30","h264","aac","2","44100","1364720","2610199",""
"VIDEOS 1800-2100-20260730T124534Z-1-001.zip","1953","Copo De Água De Vidro De Borosilicate De Alta Café Leite Dupla Quebrada ParaEscritório","VIDEOS 1800-2100/VIDEO 1953/Copo De Água De Vidro De Borosilicate De Alta Café Leite Dupla Quebrada ParaEscritório.mp4","cc3079b35b0d0e3634e2fc4f421e42fa3cad961b67b8f877234e997c004a4889","ok","10,68","720","1280","720x1280","vertical","30","h264","aac","2","44100","1034111","1380539",""
"VIDEOS 1800-2100-20260730T124534Z-1-001.zip","1954","3 Cores CorretivoCreme De PaletaTextura Cobre Marcas De acne Olheiras Maquiagem Multifuncional Facial De Longa Duração Clarear Cosméticos Faciais","VIDEOS 1800-2100/VIDEO 1954/3 Cores CorretivoCreme De PaletaTextura Cobre Marcas De acne Olheiras Maquiagem Multifuncional Facial De Longa Duração Clarear Cosméticos Faciais.mp4","8db99815cc2ff94e05776b5fe452503ba1a34442fac08f0e846bc28164082c20","ok","26,307","720","1280","720x1280","vertical","30","h264","aac","2","44100","1238146","4071489",""
"VIDEOS 1800-2100-20260730T124534Z-1-001.zip","1955","Foldable LED Desk Lamps, Mini Night Light, Cão bonito e veado, Ornamento de mesa, Book Light, Kids Room, Bedside Bedroom Decor, Holiday Gifts","VIDEOS 1800-2100/VIDEO 1955/Foldable LED Desk Lamps, Mini Night Light, Cão bonito e veado, Ornamento de mesa, Book Light, Kids Room, Bedside Bedroom Decor, Holiday Gifts.mp4","45aa7b86dea39b4db8f0fdb3d9b3c49247f402ea83623b7c2c641db1d7259bbb","ok","15,858","720","1280","720x1280","vertical","30","h264","aac","2","44100","820404","1626246",""
"VIDEOS 1800-2100-20260730T124534Z-1-001.zip","1956","Secador De Cabelo 5 Combinado Com 1 Peça Pente Alisador E Frisador Encaracolado","VIDEOS 1800-2100/VIDEO 1956/Secador De Cabelo 5 Combinado Com 1 Peça Pente Alisador E Frisador Encaracolado.mp4","04a87e16bb30ba33de626a7cc97656e38fc0fc1224e23797769dce6c70a2fa06","ok","9,241","720","1280","720x1280","vertical","30","h264","aac","2","44100","1821469","2104025",""
"VIDEOS 1800-2100-20260730T124534Z-1-001.zip","1957","Finegoodwell4 Cesta Organizadora Multiuso Removível Para Guarda-Roupa  Gaveta Brilhante","VIDEOS 1800-2100/VIDEO 1957/Finegoodwell4 Cesta Organizadora Multiuso Removível Para Guarda-Roupa  Gaveta Brilhante.mp4","627c5ffe496ea42e625eb829e19bd93fd0cc054214ae3dac1f2aafb8ea1bcae8","ok","9,984","720","1280","720x1280","vertical","30","h264","aac","2","44100","1201379","1499321",""
"VIDEOS 1800-2100-20260730T124534Z-1-001.zip","1958","NUOWA Gimbal Estabilizador Bastão De Selfie Tripé Stick TriPod Bluetooth 4.0 Sem Fio L08","VIDEOS 1800-2100/VIDEO 1958/NUOWA Gimbal Estabilizador Bastão De Selfie Tripé Stick TriPod Bluetooth 4.0 Sem Fio L08.mp4","fcede689fc01db9bb29c03ca89be0ce3bd3fa6525ee1d491e59ad89f781cc766","ok","21,547","720","1280","720x1280","vertical","30","h264","aac","2","44100","885921","2386118",""
"VIDEOS 1800-2100-20260730T124534Z-1-001.zip","1959","Suporte Bandeja Portátil para Carro","VIDEOS 1800-2100/VIDEO 1959/Suporte Bandeja Portátil para Carro.mp4","54c40d9985d4a830db588fa9df83a17e138759c890c9827fac08f266846e88a1","ok","12,375","720","1280","720x1280","vertical","30","h264","aac","2","44100","1624939","2513579",""
"VIDEOS 1800-2100-20260730T124534Z-1-001.zip","1960","【jiarengas】 Portable Hotel Door Lock Locks Door Stop Travel Accommodation Door Security .","VIDEOS 1800-2100/VIDEO 1960/【jiarengas】 Portable Hotel Door Lock Locks Door Stop Travel Accommodation Door Security ..mp4","6982c0a1eadd25219ca52a1a6a583bf040a2991ede75021854814bbbe0814ba7","ok","11,121","720","1280","720x1280","vertical","30","h264","aac","2","44100","1334690","1855386",""
"VIDEOS 1800-2100-20260730T124534Z-1-001.zip","1961","BandejaDe Frutas Dobrável Para Armazenamento De Doces Criativa Sala De EstarSecasLanches","VIDEOS 1800-2100/VIDEO 1961/BandejaDe Frutas Dobrável Para Armazenamento De Doces Criativa Sala De EstarSecasLanches.mp4","d8b9de52c1d9ee27e21233ab77249eb93e0af33a7d35c0e66d09a01b2dd64c65","ok","13,002","720","1280","720x1280","vertical","30","h264","aac","2","44100","1266962","2059131",""
"VIDEOS 1800-2100-20260730T124534Z-1-001.zip","1962","Toalete prateleira de chão toalha toalha toalheiro buraco livre banheiro banheira borda suja cesta de roupas","VIDEOS 1800-2100/VIDEO 1962/Toalete prateleira de chão toalha toalha toalheiro buraco livre banheiro banheira borda suja cesta de roupas.mp4","e99889b09454ca621a26d421240ce20aa1722ed4e7d8963441a990a855f83464","ok","13,954","720","1280","720x1280","vertical","30","h264","aac","2","44100","1492943","2604067",""
"VIDEOS 1800-2100-20260730T124534Z-1-001.zip","1963","Puf Suede Almofadao Nuvem Redondo 120x50 Puff C Enchimento","VIDEOS 1800-2100/VIDEO 1963/Puf Suede Almofadao Nuvem Redondo 120x50 Puff C Enchimento.mp4","df657c92f21c68427060f1e67e0a09e60d89971d99b4b891fecb81157ecbc0d8","ok","8,265","720","1280","720x1280","vertical","30","h264","aac","2","44100","1616613","1670164",""
"VIDEOS 1800-2100-20260730T124534Z-1-001.zip","1964","Tmdbyx Travesseiro De Pescoço Universal Multi-Color Para Encosto De Cabeça De Carro","VIDEOS 1800-2100/VIDEO 1964/Tmdbyx Travesseiro De Pescoço Universal Multi-Color Para Encosto De Cabeça De Carro.mp4","48535b12985af2e9dee91fcee3b3258933d072c5dfd7e959b0dfbced77e013a0","ok","7,104","720","1280","720x1280","vertical","30","h264","aac","2","44100","950988","844478",""
"VIDEOS 1800-2100-20260730T124534Z-1-001.zip","1965","Varal Portátil 2 em 1 Prateleira Multiuso Com Regulagem Ajustável Varanda Janela Sacada Apartamento. MEGA OFERTA","VIDEOS 1800-2100/VIDEO 1965/Varal Portátil 2 em 1 Prateleira Multiuso Com Regulagem Ajustável Varanda Janela Sacada Apartamento. MEGA OFERTA.mp4","5a5b49de7f304daf9da70228893fef0579c70aca5157d0a240148c8e823c3df7","ok","14,604","720","1280","720x1280","vertical","30","h264","aac","2","44100","1015784","1854314",""
"VIDEOS 1800-2100-20260730T124534Z-1-001.zip","1966","Assentos De Carro Painel De Superfície Ferramentas De Limpeza Teclado Resistente A Riscos De Nylon Macia Estofos Escovas De Poeira Estofados","VIDEOS 1800-2100/VIDEO 1966/Assentos De Carro Painel De Superfície Ferramentas De Limpeza Teclado Resistente A Riscos De Nylon Macia Estofos Escovas De Poeira Estofados.mp4","7ec35cef057854cc66d0e9b4672c1dfc5e7f8160c9dcef9a2cb542ed846f1aa0","ok","8,149","720","1280","720x1280","vertical","30","h264","aac","2","44100","1543747","1572500",""
"VIDEOS 1800-2100-20260730T124534Z-1-001.zip","1967","Capa Transparente Para Forno De Microondas À Prova De Respingos De Aquecimento Resistente Ao Calor","VIDEOS 1800-2100/VIDEO 1967/Capa Transparente Para Forno De Microondas À Prova De Respingos De Aquecimento Resistente Ao Calor.mp4","eee5d8da94dda128a406f4c465bd1dc74c721ecbb4fb7fc7ae3705f952cb6ec2","ok","9,45","720","1280","720x1280","vertical","30","h264","aac","2","44100","1661274","1962381",""
"VIDEOS 1800-2100-20260730T124534Z-1-001.zip","1968","Suporte dobrável para tejadilho de carro Passo para porta de carro Multifuncional Gancho de trava universal Pedal de pé auxiliar Martelo de segurança de liga de alumínio","VIDEOS 1800-2100/VIDEO 1968/Suporte dobrável para tejadilho de carro Passo para porta de carro Multifuncional Gancho de trava universal Pedal de pé auxiliar Martelo de segurança de liga de alumínio.mp4","6e886d2a340f49571846c2361b83847c26d5ce7acc4bc0f0ef74d26079b1239a","ok","10,378","720","1280","720x1280","vertical","30","h264","aac","2","44100","1334657","1731385",""
"VIDEOS 1800-2100-20260730T124534Z-1-001.zip","1969","Chinelos de tubarão fofos da moda para casa chinelos de eva de fundo grosso","VIDEOS 1800-2100/VIDEO 1969/Chinelos de tubarão fofos da moda para casa chinelos de eva de fundo grosso.mp4","4252d0b4e19e9820248d8ff7ca197b866072125adfc141245279a18457c44079","ok","8,869","720","1280","720x1280","vertical","30","h264","aac","2","44100","2803457","3107983",""
"VIDEOS 1800-2100-20260730T124534Z-1-001.zip","1970","Rede Organizadora Para Carro Porta Treco","VIDEOS 1800-2100/VIDEO 1970/Rede Organizadora Para Carro Porta Treco.mp4","453b17a49842f3e47af9bf8fb0f46b25eb879f7218210eb9a99c274c97b4215b","ok","11,214","720","1280","720x1280","vertical","30","h264","aac","2","44100","2081109","2917195",""
"VIDEOS 1800-2100-20260730T124534Z-1-001.zip","1971","Secador De Sapatos Elétrico De 220V De Secagem Rápida Desodorização Máquina Domésticos Para Chuvosos","VIDEOS 1800-2100/VIDEO 1971/Secador De Sapatos Elétrico De 220V De Secagem Rápida Desodorização Máquina Domésticos Para Chuvosos.mp4","ab6e0a481ad4b6e180fe82d478e94c90fca35ecefcb7a2a161e6a1ff928ce8b6","ok","18,204","720","1280","720x1280","vertical","30","h264","aac","2","44100","1818086","4137056",""
"VIDEOS 1800-2100-20260730T124534Z-1-001.zip","1972","Mini Câmera De Segurança Em Casa HD 1080 P Sem Fio WiFi Monitoramento Remoto Do Telefone Móvel Gravador De Vídeo De Rede Pequena 150 ° Micro Smart Wide Angle","VIDEOS 1800-2100/VIDEO 1972/Mini Câmera De Segurança Em Casa HD 1080 P Sem Fio WiFi Monitoramento Remoto Do Telefone Móvel Gravador De Vídeo De Rede Pequena 150 ° Micro Smart Wide Angle.mp4","a4c2ddf99312c5721735cf27fe85c3dca4f8bb5325def6b007fdae7c634e3c89","ok","22,615","720","1280","720x1280","vertical","30","h264","aac","2","44100","2279830","6444797",""
"VIDEOS 1800-2100-20260730T124534Z-1-001.zip","1973","Massageador De Corpo Portátil Mini ElétricaMeridianoPescoço Para CostasEstimulador De Dor Muscular","VIDEOS 1800-2100/VIDEO 1973/Massageador De Corpo Portátil Mini ElétricaMeridianoPescoço Para CostasEstimulador De Dor Muscular.mp4","7c0677fad236ed4b67fcbb972a1ed7754ce2fbfbd3f4996ec2d265077567a85b","ok","10,889","720","1280","720x1280","vertical","30","h264","aac","2","44100","1663146","2263750",""
"VIDEOS 1800-2100-20260730T124534Z-1-001.zip","1974","Copo Reutilizável De 700ml Para Garrafa De Água Plástico Transparente Bebidas Com Filtro De Limão","VIDEOS 1800-2100/VIDEO 1974/Copo Reutilizável De 700ml Para Garrafa De Água Plástico Transparente Bebidas Com Filtro De Limão.mp4","60156842cebe5f5cfe6745980944ae520c5c04c4857e008b78a2fa0bfcd1b844","ok","15,974","720","1280","720x1280","vertical","30","h264","aac","2","44100","1596005","3186824",""
"VIDEOS 1800-2100-20260730T124534Z-1-001.zip","1975","Mini Máquina De Moeda Em Formato De Garra De Cabelo brinquedos infantis presente de aniversário","VIDEOS 1800-2100/VIDEO 1975/Mini Máquina De Moeda Em Formato De Garra De Cabelo brinquedos infantis presente de aniversário.mp4","f84627c5d15e6396c822f7d85d058eaf7694d98c3790c4f93dbd0f42125de84e","ok","8,173","720","1280","720x1280","vertical","30","h264","aac","2","44100","1373904","1403615",""
"VIDEOS 1800-2100-20260730T124534Z-1-001.zip","1976","Curvex De Cílios Térmico Modelador Curvador Feminino Pelos","VIDEOS 1800-2100/VIDEO 1976/Curvex De Cílios Térmico Modelador Curvador Feminino Pelos.mp4","fd72441736945fe27fb70a5a6506fc4e2d3442fef704fd4ec6e42ae3ce0a51bf","ok","11,121","720","1280","720x1280","vertical","30","h264","aac","2","44100","1064763","1480154",""
"VIDEOS 1800-2100-20260730T124534Z-1-001.zip","1977","Sporthd Mini Impressora Térmica Peripage Portátil Bluetooth 203dpi Branco  Etiqueta De Recibos Sem Fio","VIDEOS 1800-2100/VIDEO 1977/Sporthd Mini Impressora Térmica Peripage Portátil Bluetooth 203dpi Branco  Etiqueta De Recibos Sem Fio.mp4","556a77883c6fe7796d7d62bdd992cae3d8ea88f428712a340e423e386023156d","ok","15,835","720","1280","720x1280","vertical","30","h264","aac","2","44100","1004577","1988435",""
"VIDEOS 1800-2100-20260730T124534Z-1-001.zip","1978","Suporte Portátil Para Notebook Com Ventilador De Resfriamento Base Dobrável De Alumínio Ajustável Acessórios Computador","VIDEOS 1800-2100/VIDEO 1978/Suporte Portátil Para Notebook Com Ventilador De Resfriamento Base Dobrável De Alumínio Ajustável Acessórios Computador.mp4","bd053a3246c777021243faf87407ac94e154fd9fc78713cb4f7745f33fd814ac","ok","10,982","720","1280","720x1280","vertical","30","h264","aac","2","44100","1410782","1936652",""
"VIDEOS 1800-2100-20260730T124534Z-1-001.zip","1979","Wes Rfid Armário Eletrônico Invisível Inteligente Bloqueio Sensor De Cartão Ic Gaveta Rfid Fechaduras","VIDEOS 1800-2100/VIDEO 1979/Wes Rfid Armário Eletrônico Invisível Inteligente Bloqueio Sensor De Cartão Ic Gaveta Rfid Fechaduras.mp4","96f1e3a13e94777fc83d7efc880efab085188fb712e3ec84a133e57fa49ce032","ok","7,151","720","1280","720x1280","vertical","30","h264","aac","2","44100","1472652","1316367",""
"VIDEOS 1800-2100-20260730T124534Z-1-001.zip","1980","Criativo Caixa De Lenços Acabamento De Mesa Com Suporte De Telefone Celular Armazenamento 2 Em 1 De Guardanapo Organizador","VIDEOS 1800-2100/VIDEO 1980/Criativo Caixa De Lenços Acabamento De Mesa Com Suporte De Telefone Celular Armazenamento 2 Em 1 De Guardanapo Organizador.mp4","a7370f43c872874391ebf9e45312b82bdde4875779a204418d260c176ba8c638","ok","22,406","720","1280","720x1280","vertical","30","h264","aac","2","44100","1155892","3237365",""
"VIDEOS 1800-2100-20260730T124534Z-1-001.zip","1981","Gongyu Suicer Extrator De Suco De Imprensa FriaMáquina mokkom mk199 Extratores Frutas","VIDEOS 1800-2100/VIDEO 1981/Gongyu Suicer Extrator De Suco De Imprensa FriaMáquina mokkom mk199 Extratores Frutas.mp4","0b764d0767cf48df3dc5a9c7a68b0edd01a18a58d3fa0a00d72574f650c1e010","ok","16,392","720","1280","720x1280","vertical","30","h264","aac","2","44100","1263137","2588168",""
"VIDEOS 1800-2100-20260730T124534Z-1-001.zip","1982","Cortador De Unha Com Lupa - Momo","VIDEOS 1800-2100/VIDEO 1982/Cortador De Unha Com Lupa - Momo.mp4","9f7a01174e6a894e84e4812bd6a3494a9fe4e8b961d5bea9f9810fecc9e0fc83","ok","7,499","720","1280","720x1280","vertical","30","h264","aac","2","44100","2135435","2001704",""
"VIDEOS 1800-2100-20260730T124534Z-1-001.zip","1983","Para Lavar RoupaColetor De Pelos Fiapo Reutilizável Máquina De Lavar Roupa","VIDEOS 1800-2100/VIDEO 1983/Para Lavar RoupaColetor De Pelos Fiapo Reutilizável Máquina De Lavar Roupa.mp4","e708faed2bfb5d85fab16f9cbde6ecbb71cad46a1c3584655e328e6156e030b3","ok","12,375","720","1280","720x1280","vertical","30","h264","aac","2","44100","2410092","3728112",""
"VIDEOS 1800-2100-20260730T124534Z-1-001.zip","1984","Toalha De Mesa Em PVC Ambientalmente Amigável À Prova D_água De Óleo Antiderrapante Transparente Sem Enxágüe Renda Odor","VIDEOS 1800-2100/VIDEO 1984/Toalha De Mesa Em PVC Ambientalmente Amigável À Prova D_água De Óleo Antiderrapante Transparente Sem Enxágüe Renda Odor.mp4","c5f227ace2e423ce81d149844f1a84cc6cbd5d478c2dd73e3ca11b49690293e8","ok","8,753","720","1280","720x1280","vertical","30","h264","aac","2","44100","2385400","2609926",""
"VIDEOS 1800-2100-20260730T124534Z-1-001.zip","1985","Urso De Pelúcia 90 cm Teddy Grande Criança fofuxo","VIDEOS 1800-2100/VIDEO 1985/Urso De Pelúcia 90 cm Teddy Grande Criança fofuxo.mp4","bf670a6d77886d0618e5908485679cc2abfc28853f4e557d36229b1a0b643921","ok","7,94","720","1280","720x1280","vertical","30","h264","aac","2","44100","2354066","2336411",""
"VIDEOS 1800-2100-20260730T124534Z-1-001.zip","1986","Porta Tempero De Parede Com 3 Compartimentos Giratórios","VIDEOS 1800-2100/VIDEO 1986/Porta Tempero De Parede Com 3 Compartimentos Giratórios.mp4","7468296c1ac764b6e620b6756a35784ae24c493fec7aea8120f1ec1fd173aab0","ok","13,885","720","1280","720x1280","vertical","30","h264","aac","2","44100","1134735","1969476",""
"VIDEOS 1800-2100-20260730T124534Z-1-001.zip","1987","Pia de aço inoxidável retrátil sob prateleira rack de cozinha rack de armazenamento telescópico multicamada rack de armazenamento de piso","VIDEOS 1800-2100/VIDEO 1987/Pia de aço inoxidável retrátil sob prateleira rack de cozinha rack de armazenamento telescópico multicamada rack de armazenamento de piso.mp4","40d79f8142133d0f791b52d0cb986e7dc6430dc973d12ec8b23fcecc30c66ffe","ok","9,45","720","1280","720x1280","vertical","30","h264","aac","2","44100","1756460","2074819",""
"VIDEOS 1800-2100-20260730T124534Z-1-001.zip","1988","Rack suporte para cozinha é banheiro Organizador Rack de armazenamento multifuncional para cozinha e banheiro Tampão De Canto Para CozinhaBanheiro Multifuncional Sem Costura Dobrável","VIDEOS 1800-2100/VIDEO 1988/Rack suporte para cozinha é banheiro Organizador Rack de armazenamento multifuncional para cozinha e banheiro Tampão De Canto Para CozinhaBanheiro Multifuncional Sem Costura Dobrável.mp4","7d5e2c4fc71b309d058690b5623593798222a44b60077d45207d34d8ae0d25ce","ok","8,683","720","1280","720x1280","vertical","30","h264","aac","2","44100","1688306","1832446",""
"VIDEOS 1800-2100-20260730T124534Z-1-001.zip","1989","Mini Máquina De Lavar Roupa 2.8L Portátil Dobrável Calcinha Para Casa Meias Roupas De Bebê Limpeza Viagem Presente De Feriado","VIDEOS 1800-2100/VIDEO 1989/Mini Máquina De Lavar Roupa 2.8L Portátil Dobrável Calcinha Para Casa Meias Roupas De Bebê Limpeza Viagem Presente De Feriado.mp4","ac14b2d0c7c52af94577eca58904ecf9ddf42cbd88561b9e6a953831179054cb","ok","6,779","720","1280","720x1280","vertical","30","h264","aac","2","44100","1845142","1563528",""
"VIDEOS 1800-2100-20260730T124534Z-1-001.zip","1990","Tela De Toque Saco Do Telefone Móvel Fêmea Pequeno Crossbody Bonito Para A Realização De Telefones Da Moda Bolso Moeda Chave Vertical","VIDEOS 1800-2100/VIDEO 1990/Tela De Toque Saco Do Telefone Móvel Fêmea Pequeno Crossbody Bonito Para A Realização De Telefones Da Moda Bolso Moeda Chave Vertical.mp4","638fe30e47f5ce36cf45222712558897e881a9ada7fa2dce78540222e9f241a4","ok","23,358","720","1280","720x1280","vertical","30","h264","aac","2","44100","2147993","6271603",""
"VIDEOS 1800-2100-20260730T124534Z-1-001.zip","1991","Kit 10 Adesivo de Parafuso Sem Furos Pendure Quadros Itens de Banheiro e Muito Mais Organize e Decore","VIDEOS 1800-2100/VIDEO 1991/Kit 10 Adesivo de Parafuso Sem Furos Pendure Quadros Itens de Banheiro e Muito Mais Organize e Decore.mp4","894b0a73ddf5e4dd1d5ec64698a8fd23cd709e6e17d5897f0fe1a9408da73777","ok","13,745","720","1280","720x1280","vertical","30","h264","aac","2","44100","1343720","2308680",""
"VIDEOS 1800-2100-20260730T124534Z-1-001.zip","1992","Ducha Chuveiro Portátil recarregável USB para Camping Motorhome kombihome","VIDEOS 1800-2100/VIDEO 1992/Ducha Chuveiro Portátil recarregável USB para Camping Motorhome kombihome.mp4","2cf3ae4fb4ddd2a4cee571b96821998081af1f05b7bba02e72b7baee48fc93bf","ok","9,96","720","1280","720x1280","vertical","30","h264","aac","2","44100","1827023","2274644",""
"VIDEOS 1800-2100-20260730T124534Z-1-001.zip","1993","Lousa Mágica Tela Lcd Tablet Infantil De Escrever E Desenhar 8.5 Polegadas e 10.5 Polegadas JORGER","VIDEOS 1800-2100/VIDEO 1993/Lousa Mágica Tela Lcd Tablet Infantil De Escrever E Desenhar 8.5 Polegadas e 10.5 Polegadas JORGER.mp4","97e0117d3dfb5bc07ec4603925fc4e9b0a01adaf75c781325b23d6cad874b917","ok","17,739","720","1280","720x1280","vertical","30","h264","aac","2","44100","2152252","4772351",""
"VIDEOS 1800-2100-20260730T124534Z-1-001.zip","1994","Massageador Elétrico Portatil Profissional Muscular Relaxamento Pistola Original Massagem Gun Academia","VIDEOS 1800-2100/VIDEO 1994/Massageador Elétrico Portatil Profissional Muscular Relaxamento Pistola Original Massagem Gun Academia.mp4","17983c55d6bb91403da8dc24f6b1bad69fd04e9c783b23d930cee32947c1c2b9","ok","9,496","720","1280","720x1280","vertical","30","h264","aac","2","44100","1246314","1479375",""
"VIDEOS 1800-2100-20260730T124534Z-1-001.zip","1995","Espremedor de Frutas Manual Laranja Limão Rosa","VIDEOS 1800-2100/VIDEO 1995/Espremedor de Frutas Manual Laranja Limão Rosa.mp4","f7185c1e4d39ff3371fc80fb22b34096a494f74dc0527227391c0bb7401d1210","ok","14,163","720","1280","720x1280","vertical","30","h264","aac","2","44100","1567797","2775590",""
"VIDEOS 1800-2100-20260730T124534Z-1-001.zip","1996","NEATHOME Prateleira Organizadora De Banheiro De Canto 2022 Sem Costura Dobrável Perfuração","VIDEOS 1800-2100/VIDEO 1996/NEATHOME Prateleira Organizadora De Banheiro De Canto 2022 Sem Costura Dobrável Perfuração.mp4","6cdf8e8c7b52685845d46eaddf28b7e8c8cd4812054da2efb7781c28ad035ccd","ok","12,399","720","1280","720x1280","vertical","30","h264","aac","2","44100","1672411","2592028",""
"VIDEOS 1800-2100-20260730T124534Z-1-001.zip","1997","Suporte Para Geladeira De Grande Capacidade De Camada DuplaLatas De Espaço","VIDEOS 1800-2100/VIDEO 1997/Suporte Para Geladeira De Grande Capacidade De Camada DuplaLatas De Espaço.mp4","df55a6209b70417ff5f750ffe3d181de5a39884cad35a2827edb50e607007506","ok","9,287","720","1280","720x1280","vertical","30","h264","aac","2","44100","1959051","2274214",""
"VIDEOS 1800-2100-20260730T124534Z-1-001.zip","1998","northvotescastsuper 12pcs Esponja Facial Puff Face Wash Comprimido Bastão De Limpeza Pele","VIDEOS 1800-2100/VIDEO 1998/northvotescastsuper 12pcs Esponja Facial Puff Face Wash Comprimido Bastão De Limpeza Pele.mp4","36391da1dc61fa2475f4656b88da94e3e1f66e4e0a3b15abd6f6b1d693dcabec","ok","17,368","720","1280","720x1280","vertical","30","h264","aac","2","44100","1235456","2682175",""
"VIDEOS 1800-2100-20260730T124534Z-1-001.zip","1999","Rodo Mop Giratório Twist Rodo Que Torce Pano Xmop com Extrusão + 1 REFIL EXTRA","VIDEOS 1800-2100/VIDEO 1999/Rodo Mop Giratório Twist Rodo Que Torce Pano Xmop com Extrusão + 1 REFIL EXTRA.mp4","5aa904d3509c7c26bbcb7666c320cd82b132dc2c5df8b46ca6a4289830567ba8","ok","29,697","720","1280","720x1280","vertical","30","h264","aac","2","44100","1044761","3878286",""
"VIDEOS 1800-2100-20260730T124534Z-1-001.zip","2000","ECOCO Dispensador De Pasta De DenteAcessório De BanheiroConjunto De Suporte De Parede Para Escova De Dentes","VIDEOS 1800-2100/VIDEO 2000/ECOCO Dispensador De Pasta De DenteAcessório De BanheiroConjunto De Suporte De Parede Para Escova De Dentes.mp4","5affb3087c9e4def120c83033b051f84648e218c6add7937154c92ccdf5e638a","ok","16,207","720","1280","720x1280","vertical","30","h264","aac","2","44100","1062354","2152198",""
"VIDEOS 1800-2100-20260730T124534Z-1-001.zip","2001","1 Pcs Ímã Cinto De Cortina De Tecido Corda Imitação De Pérolas Fivela Livre De Volta Clipe","VIDEOS 1800-2100/VIDEO 2001/1 Pcs Ímã Cinto De Cortina De Tecido Corda Imitação De Pérolas Fivela Livre De Volta Clipe.mp4","3923eb49e120bbcc582348385e06c2bb4bc0ccb3c866814a7445d249ec3c6bfe","ok","9,496","720","1280","720x1280","vertical","30","h264","aac","2","44100","2110005","2504577",""
"VIDEOS 1800-2100-20260730T124534Z-1-001.zip","2002","Nova Moda Relógios De Parede De Quartzo 3D Real Grande RelógioDIY Sala De Estar Decoração Espelho Adesivo","VIDEOS 1800-2100/VIDEO 2002/Nova Moda Relógios De Parede De Quartzo 3D Real Grande RelógioDIY Sala De Estar Decoração Espelho Adesivo.mp4","a134cc6e0a605bda850c6579e3bcc4f90e0d3723a23b15e2b488fcaf4fe74bc0","ok","13,002","720","1280","720x1280","vertical","30","h264","aac","2","44100","1096671","1782366",""
"VIDEOS 1800-2100-20260730T124534Z-1-001.zip","2003","kit Maquiagem De Sobrancelha Em Uma Etapa","VIDEOS 1800-2100/VIDEO 2003/kit Maquiagem De Sobrancelha Em Uma Etapa.mp4","664d5c6993be847abb41c65d33c48067012fc9b1cc32d5c4f63cfd1f8569d35d","ok","21,036","720","1280","720x1280","vertical","30","h264","aac","2","44100","1543942","4059796",""
"VIDEOS 1800-2100-20260730T124534Z-1-001.zip","2004","Luminaria Astro Light Usb Led - Astronauta","VIDEOS 1800-2100/VIDEO 2004/Luminaria Astro Light Usb Led - Astronauta.mp4","8d2426b5d7052c06b41278600cca276a7abd2abe6c54570d429bf7908fb86028","ok","32,762","720","1280","720x1280","vertical","30","h264","aac","2","44100","907629","3716970",""
"VIDEOS 1800-2100-20260730T124534Z-1-001.zip","2005","SPA PORTATIL BANHEIRA INFLAVEL ADULTO TERMICA PORTATIL QUENTE PISCINA INFANTIL BANHEIRA BEBE PVC VIAGEM E CASA","VIDEOS 1800-2100/VIDEO 2005/SPA PORTATIL BANHEIRA INFLAVEL ADULTO TERMICA PORTATIL QUENTE PISCINA INFANTIL BANHEIRA BEBE PVC VIAGEM E CASA.mp4","835184f4fe9690ccd95529f4875380044a3fcbf9104ce587c5e1bda55739a581","ok","8,358","720","1280","720x1280","vertical","30","h264","aac","2","44100","1730550","1807993",""
"VIDEOS 1800-2100-20260730T124534Z-1-001.zip","2006","Escova Descartável De Limpeza De Vaso Sanitário Com Suporte Para Cozinha , Banheiro","VIDEOS 1800-2100/VIDEO 2006/Escova Descartável De Limpeza De Vaso Sanitário Com Suporte Para Cozinha , Banheiro.mp4","578ca8c28194e06ec58ebd6317a8841af9f8e20aa8384b61df1f46121d9c8c2d","ok","26,818","720","1280","720x1280","vertical","30","h264","aac","2","44100","1450345","4861920",""
"VIDEOS 1800-2100-20260730T124534Z-1-001.zip","2007","Phomemo M110 Mini Impressora Auto-Adesiva Portátil De Rótulo Térmico Adesivo bluetooth Pocket Sticker 53mm Papelaria DIY","VIDEOS 1800-2100/VIDEO 2007/Phomemo M110 Mini Impressora Auto-Adesiva Portátil De Rótulo Térmico Adesivo bluetooth Pocket Sticker 53mm Papelaria DIY.mp4","315aadcb9cafdc8abe9913dde378e3b12faa7c62672b09802c2d90748204dde8","ok","19,69","720","1280","720x1280","vertical","30","h264","aac","2","44100","1594908","3925468",""
"VIDEOS 1800-2100-20260730T124534Z-1-001.zip","2008","Afiador Amolador De Facas E Tesouras Profissional","VIDEOS 1800-2100/VIDEO 2008/Afiador Amolador De Facas E Tesouras Profissional.mp4","1e043941d3475e25d1cbf5808daa382daf2c23f6fabb93eb32bf9b6bdebb8893","ok","9,635","720","1280","720x1280","vertical","30","h264","aac","2","44100","1219535","1468778",""
"VIDEOS 1800-2100-20260730T124534Z-1-001.zip","2009","Mala de viagem dobrável leve de grande capacidade","VIDEOS 1800-2100/VIDEO 2009/Mala de viagem dobrável leve de grande capacidade.mp4","e2a88428cda9498e822b8843f2511ee6778570e3d5eb486aef41bb3344df6b7b","ok","20,363","720","1280","720x1280","vertical","30","h264","aac","2","44100","1662712","4232226",""
"VIDEOS 1800-2100-20260730T124534Z-1-001.zip","2010","LOYBJ-Wild Multifunction Sobrancelha Escova, Simulated Hair Makeup Brush, Contour Eyeshadow, Corretivo, Square Make Up Brushes","VIDEOS 1800-2100/VIDEO 2010/LOYBJ-Wild Multifunction Sobrancelha Escova, Simulated Hair Makeup Brush, Contour Eyeshadow, Corretivo, Square Make Up Brushes.mp4","e516c5fabd8ee6542912f8e934ed39d5ba55b8051048f795ead3c5bcaa237e53","ok","16,926","720","1280","720x1280","vertical","30","h264","aac","2","44100","493240","1043574",""
"VIDEOS 1800-2100-20260730T124534Z-1-001.zip","2011","Cozinha Armazenamento Rack Bowl E Chopstick Caixa De Prato Doméstico De Drenagem Bancada Armário","VIDEOS 1800-2100/VIDEO 2011/Cozinha Armazenamento Rack Bowl E Chopstick Caixa De Prato Doméstico De Drenagem Bancada Armário.mp4","d1f2c8e5c79fa0d6146750af2d2f0a438724dbdf730c9387365fd8f269dd5012","ok","12,399","1080","1920","1080x1920","vertical","30","h264","aac","2","44100","1848641","2865163",""
"VIDEOS 1800-2100-20260730T124534Z-1-001.zip","2012","Guia De Rosca Agulha De Cabeça Dupla Kit De Ferramentas De Costura Para Dispositivos De Uso Idoso","VIDEOS 1800-2100/VIDEO 2012/Guia De Rosca Agulha De Cabeça Dupla Kit De Ferramentas De Costura Para Dispositivos De Uso Idoso.mp4","e2f0959410fbab0781ab89e83e52e876ab366cffb7eb665af9d4e60880bd1ee9","ok","10,053","1080","1920","1080x1920","vertical","30","h264","aac","2","44100","1890698","2375899",""
"VIDEOS 1800-2100-20260730T124534Z-1-001.zip","2013","Novo Estilo Moda Yurt Sem FundoRede Mosquiteiro Pop-Up Dupla Porta Anti-Mosquito Cortina Noturna Superior","VIDEOS 1800-2100/VIDEO 2013/Novo Estilo Moda Yurt Sem FundoRede Mosquiteiro Pop-Up Dupla Porta Anti-Mosquito Cortina Noturna Superior.mp4","a3ee458f4e12f85442cf52082aabeb7ea8f7a472cd84747974ecff6339beb247","ok","17,344","1080","1920","1080x1920","vertical","30","h264","aac","2","44100","1544670","3348845",""
"VIDEOS 1800-2100-20260730T124534Z-1-001.zip","2014","Molde De Plástico Prensa De Massa Preguiçosa Ravioli Fazendo Gadget De Torta S9J8","VIDEOS 1800-2100/VIDEO 2014/Molde De Plástico Prensa De Massa Preguiçosa Ravioli Fazendo Gadget De Torta S9J8.mp4","95852174fb19bb7aca1437fea107b5117f2e95fc25ec02312abf7647c5302c2a","ok","12,677","1080","1920","1080x1920","vertical","30","h264","aac","2","44100","2254236","3572120",""
"VIDEOS 1800-2100-20260730T124534Z-1-001.zip","2015","MALETA PARA JOIAS COR CREME. TAMANHO 17,3X13,8X14","VIDEOS 1800-2100/VIDEO 2015/MALETA PARA JOIAS COR CREME. TAMANHO 17,3X13,8X14.mp4","460dac18a125a822570fbd6945ec6076daa9d2b7731299156416676e6a67de74","ok","13,049","720","1280","720x1280","vertical","30","h264","aac","2","44100","1936007","3157870",""
"VIDEOS 1800-2100-20260730T124534Z-1-001.zip","2016","Passadeira a Vapor Portátil Britânia Vaporizador BVP02V 1100W","VIDEOS 1800-2100/VIDEO 2016/Passadeira a Vapor Portátil Britânia Vaporizador BVP02V 1100W.mp4","dcc891e1e4c9b7360e6444db5741620ad6c0ab50282699c59c69fe238b612abc","ok","9,984","1080","1920","1080x1920","vertical","30","h264","aac","2","44100","1322948","1651040",""
"VIDEOS 1800-2100-20260730T124534Z-1-001.zip","2017","Cortina Blackout Com Ventosas Para Proteção Contra O Sol De Sala De Estar , Anti-Uv","VIDEOS 1800-2100/VIDEO 2017/Cortina Blackout Com Ventosas Para Proteção Contra O Sol De Sala De Estar , Anti-Uv.mp4","b96d61e609cac8c0746558aa17c0f1fc7d40729500cbc29a7ec0db8d8109cab8","ok","20,317","1080","1920","1080x1920","vertical","30","h264","aac","2","44100","3873385","9836947",""
"VIDEOS 1800-2100-20260730T124534Z-1-001.zip","2018","Brincos Luminosos LED Meninos E Meninas Presentes De Natal Para Festa De Halloween","VIDEOS 1800-2100/VIDEO 2018/Brincos Luminosos LED Meninos E Meninas Presentes De Natal Para Festa De Halloween.mp4","84b85764555a4428bc666fe71e9e3b6e57f66269b2e0e759b068781241a3cb44","ok","6,733","1080","1920","1080x1920","vertical","30","h264","aac","2","44100","2017361","1697862",""
"VIDEOS 1800-2100-20260730T124534Z-1-001.zip","2019","Aplique Rabo De Cavalo Perfeito Para Extensão Fibra Futura","VIDEOS 1800-2100/VIDEO 2019/Aplique Rabo De Cavalo Perfeito Para Extensão Fibra Futura.mp4","a105dfd254f5b2159996dd65142afd8a1b761c6e1c6e1023afcaf9002fcb5567","ok","9,891","1080","1920","1080x1920","vertical","30","h264","aac","2","44100","3276347","4050794",""
"VIDEOS 1800-2100-20260730T124534Z-1-001.zip","2020","Deck de Madeira com Base Plástica (Madeira de Pinus)","VIDEOS 1800-2100/VIDEO 2020/Deck de Madeira com Base Plástica (Madeira de Pinus).mp4","385d31d18751ccb877bd1b8d67541dc22d54c34c9fe50c4c8cae9293471e7ff4","ok","15,533","1080","1920","1080x1920","vertical","30","h264","aac","2","44100","2462656","4781556",""
"VIDEOS 1800-2100-20260730T124534Z-1-001.zip","2021","Conjunto De Chaves De Fenda Multifuncional Xiaomi 44 Em 1 S2 Slotted Precisão Bit Chave Para Notebook Mini Caixa De Ferramentas Manutenção","VIDEOS 1800-2100/VIDEO 2021/Conjunto De Chaves De Fenda Multifuncional Xiaomi 44 Em 1 S2 Slotted Precisão Bit Chave Para Notebook Mini Caixa De Ferramentas Manutenção.mp4","9bf2d92fd270987cbbc21f19d06bfa3640ef353b41589eb2db0d477a6434e6a5","ok","63,715","1080","1920","1080x1920","vertical","30","h264","aac","2","44100","2208975","17593108",""
"VIDEOS 1800-2100-20260730T124534Z-1-001.zip","2022","Torneira Cabeça De Pulverizador De Pia 3 Funções Pulverização G12 Bocal De Para De Cozinha Puxar Baixo Substituição Da","VIDEOS 1800-2100/VIDEO 2022/Torneira Cabeça De Pulverizador De Pia 3 Funções Pulverização G12 Bocal De Para De Cozinha Puxar Baixo Substituição Da.mp4","40ccc94bc3bdc4d3018e0bea311215d2f8600886c006407661989d5323e6898b","ok","15,974","1080","1920","1080x1920","vertical","30","h264","aac","2","44100","2954985","5900367",""
"VIDEOS 1800-2100-20260730T124534Z-1-001.zip","2023","Novo suporte para celular para carro, espelho retrovisor para carro, navegação AR, carro multifuncional 360°","VIDEOS 1800-2100/VIDEO 2023/Novo suporte para celular para carro, espelho retrovisor para carro, navegação AR, carro multifuncional 360°.mp4","75b5d6da004f08170b3c13cb48d63d8633d18df9f061794238fa4125f2631bc9","ok","16,671","1080","1920","1080x1920","vertical","30","h264","aac","2","44100","2995877","6243035",""
"VIDEOS 1800-2100-20260730T124534Z-1-001.zip","2024","Revestimento Antibacteriano À Prova D_água Para Gavetas De Uso Doméstico Almofada De Fundo De Papel Armários","VIDEOS 1800-2100/VIDEO 2024/Revestimento Antibacteriano À Prova D_água Para Gavetas De Uso Doméstico Almofada De Fundo De Papel Armários.mp4","818bc35beca6c5c8de31ca8de3ded2292f7e3e37c4051c1ab003aad9fb759425","ok","11,493","1080","1920","1080x1920","vertical","30","h264","aac","2","44100","1820701","2615665",""
"VIDEOS 1800-2100-20260730T124534Z-1-001.zip","2025","Mini Drone Para Crianças Bola Voadora De Ovni Brinquedo Operado À Mão Com Brilhante UFO Bumerangue Luz Led","VIDEOS 1800-2100/VIDEO 2025/Mini Drone Para Crianças Bola Voadora De Ovni Brinquedo Operado À Mão Com Brilhante UFO Bumerangue Luz Led.mp4","3f5bb717f100e94a9c10484a19faa2d8fb3e9e40550711e50db954bcbe4127ab","ok","11,911","1080","1920","1080x1920","vertical","30","h264","aac","2","44100","4122875","6138446",""
"VIDEOS 1800-2100-20260730T124534Z-1-001.zip","2026","【produtos À Vista】 Cozinha De 1 Peça Para Fazer Almôndegas De Carne Faz Bolinhos De Arroz E Bolas De Peixe Fácil De Operar","VIDEOS 1800-2100/VIDEO 2026/【produtos À Vista】 Cozinha De 1 Peça Para Fazer Almôndegas De Carne Faz Bolinhos De Arroz E Bolas De Peixe Fácil De Operar.mp4","c680e87d69e8ae8c83f5632b6f06cfc77c4839a42a16628b86a8cd7f6aeeecff","ok","7,638","1080","1920","1080x1920","vertical","30","h264","aac","2","44100","4355441","4158358",""
"VIDEOS 1800-2100-20260730T124534Z-1-001.zip","2027","Adesivo Piso Madeira Antiderrapante Lavável 91,5x15cm Chão Marrom Cinza","VIDEOS 1800-2100/VIDEO 2027/Adesivo Piso Madeira Antiderrapante Lavável 91,5x15cm Chão Marrom Cinza.mp4","3de670a206cdcd7cd0a600de6da82242b0891adfcc5d12d63c1c215c796673f8","ok","47,995","1080","1920","1080x1920","vertical","30","h264","aac","2","44100","3408407","20448312",""
"VIDEOS 1800-2100-20260730T124534Z-1-001.zip","2028","Varal de Parede Mágico Retrátil Branco 70cm Ordene Original","VIDEOS 1800-2100/VIDEO 2028/Varal de Parede Mágico Retrátil Branco 70cm Ordene Original.mp4","5d2aca555b852b2c4adf360e0fc53eb0d1031824aca7a3b2431e9fa37a8930e0","ok","7,29","1080","1920","1080x1920","vertical","30","h264","aac","2","44100","1282521","1168698",""
"VIDEOS 1800-2100-20260730T124534Z-1-001.zip","2029","Ornamentos de chá de kung fu, ornamentos de chá de cerâmica para meninos, decoração caseira","VIDEOS 1800-2100/VIDEO 2029/Ornamentos de chá de kung fu, ornamentos de chá de cerâmica para meninos, decoração caseira.mp4","e1e94c12cdf168a5cf0f7d405ca03ce3b4dcb4ce4b120847968c6ca53c101586","ok","19,063","720","1280","720x1280","vertical","30","h264","aac","2","44100","869017","2070759",""
"VIDEOS 1800-2100-20260730T124534Z-1-001.zip","2030","Cabelo aplique tic tac blogueira feminina mega hair moda feminina fique linda em segundos tenha cabelos lindos e longos cropped blusa","VIDEOS 1800-2100/VIDEO 2030/Cabelo aplique tic tac blogueira feminina mega hair moda feminina fique linda em segundos tenha cabelos lindos e longos cropped blusa.mp4","21165d82156b4981810c3782422e07152019541eea01d349760535f28ccb59ae","ok","13,699","1080","1920","1080x1920","vertical","30","h264","aac","2","44100","3429768","5873050",""
"VIDEOS 1800-2100-20260730T124534Z-1-001.zip","2032","Bancos De Moedas Pequenas Desenhos Animados Com Fechadura Cofrinho Banco Chave De Grande Capacidade Menino Menina Presentes Do Festival","VIDEOS 1800-2100/VIDEO 2032/Bancos De Moedas Pequenas Desenhos Animados Com Fechadura Cofrinho Banco Chave De Grande Capacidade Menino Menina Presentes Do Festival.mp4","c2732290afe432dc83f02a1c14137df232b94d97279d904d0c816e9869610f33","ok","16,276","1080","1920","1080x1920","vertical","30","h264","aac","2","44100","2802781","5702258",""
"VIDEOS 1800-2100-20260730T124534Z-1-001.zip","2033","Protetor De Carregador 2 Em 1 Cabo Telefônico Com Saver Multifuncional Landes Eletrônicos3br","VIDEOS 1800-2100/VIDEO 2033/Protetor De Carregador 2 Em 1 Cabo Telefônico Com Saver Multifuncional Landes Eletrônicos3br.mp4","fca97d4949cf93b07eaf256711d5e3808be8737a654167c8926a114a2687526b","ok","12,817","720","1280","720x1280","vertical","30","h264","aac","2","44100","1758367","2817125",""
"VIDEOS 1800-2100-20260730T124534Z-1-001.zip","2034","travelight  Winter Women Hat Letter Labeling Ears Protection Cor Sólida Botões De Bola De Pelúcia Decoração Scarf Beanie Uso Diário","VIDEOS 1800-2100/VIDEO 2034/travelight  Winter Women Hat Letter Labeling Ears Protection Cor Sólida Botões De Bola De Pelúcia Decoração Scarf Beanie Uso Diário.mp4","f730bd739a93daa310547705b00585318886473423d53db4e4c67244b93f0cb9","ok","10,262","1080","1920","1080x1920","vertical","30","h264","aac","2","44100","3756056","4818082",""
"VIDEOS 1800-2100-20260730T124534Z-1-001.zip","2035","Escova de limpeza Multiuso Com Dispenser multifuncional escova de sapato cheia de líquido tipo prensa Para Casa Em Banheiro Cozinha Limpeza Multiuso","VIDEOS 1800-2100/VIDEO 2035/Escova de limpeza Multiuso Com Dispenser multifuncional escova de sapato cheia de líquido tipo prensa Para Casa Em Banheiro Cozinha Limpeza Multiuso.mp4","34d91a6b87f12d72506d7764ac6218ead379dff47bc8a70e8d78b2342d4c4056","ok","17,368","1080","1920","1080x1920","vertical","30","h264","aac","2","44100","2097868","4554472",""
"VIDEOS 1800-2100-20260730T124534Z-1-001.zip","2036","Sandálias De Salto Inclinado Para Mulheres Novos Sapatos Romanos","VIDEOS 1800-2100/VIDEO 2036/Sandálias De Salto Inclinado Para Mulheres Novos Sapatos Romanos.mp4","46183e76fc386210a0d3650785eb710c8b6ba3ad0513c83d74f6eb811bf0334e","ok","10,773","1080","1920","1080x1920","vertical","30","h264","aac","2","44100","2653187","3572849",""
"VIDEOS 1800-2100-20260730T124534Z-1-001.zip","2037","Papel De Parede À Prova D_água-Adesivo De Óleo De Cozinha Fogo Gabinete Resistente A Altas Temperaturas D_água-Pro","VIDEOS 1800-2100/VIDEO 2037/Papel De Parede À Prova D_água-Adesivo De Óleo De Cozinha Fogo Gabinete Resistente A Altas Temperaturas D_água-Pro.mp4","a91776e450a401d5fe29aa840046123f4d039880fbfdf3ffefd20f7035e4e352","ok","5,316","1080","1920","1080x1920","vertical","30","h264","aac","2","44100","2011617","1336720",""
"VIDEOS 1800-2100-20260730T124534Z-1-001.zip","2038","Luzes Dobráveis Elegantes Com Bateria Grande À Prova D_água Para Atividades Ao Ar Livre","VIDEOS 1800-2100/VIDEO 2038/Luzes Dobráveis Elegantes Com Bateria Grande À Prova D_água Para Atividades Ao Ar Livre.mp4","efb17a36d6d166cfc38b5645921d5560231e7a415a6113bc31c6b518c814b405","ok","23,8","720","1280","720x1280","vertical","30","h264","aac","2","44100","920523","2738558",""
"VIDEOS 1800-2100-20260730T124534Z-1-001.zip","2039","(Atualização) Ventilador De Pescoço Dobrável Botão De Toque Portátil Refrigeração Máscara Com USB 360 Graus Neckband Saídas De Ar 5000Mah Recarregável","VIDEOS 1800-2100/VIDEO 2039/(Atualização) Ventilador De Pescoço Dobrável Botão De Toque Portátil Refrigeração Máscara Com USB 360 Graus Neckband Saídas De Ar 5000Mah Recarregável.mp4","932c4916e2ec16a5eb1eae87a96dd9b762d3f84ed67a093d07e390ad20484109","ok","17,228","1080","1920","1080x1920","vertical","30","h264","aac","2","44100","4800951","10338849",""
"VIDEOS 1800-2100-20260730T124534Z-1-001.zip","2040","Bomba De Ar Elétrica Potente De 220V 55W Saco De Compressão A Vácuo Para Sacos De Armazenamento De Roupas Máquina Seladora","VIDEOS 1800-2100/VIDEO 2040/Bomba De Ar Elétrica Potente De 220V 55W Saco De Compressão A Vácuo Para Sacos De Armazenamento De Roupas Máquina Seladora.mp4","0de1bf5d7e1da39c4458fa8215713cc13a0492f5ecbff78be0d25647ffe2a11b","ok","19,202","1080","1920","1080x1920","vertical","30","h264","aac","2","44100","2672776","6415331",""
"VIDEOS 1800-2100-20260730T124534Z-1-001.zip","2041","Mesa Criativa Lâmpada De Equilíbrio LED Mini Nocturno USB Decorativa Para Quarto","VIDEOS 1800-2100/VIDEO 2041/Mesa Criativa Lâmpada De Equilíbrio LED Mini Nocturno USB Decorativa Para Quarto.mp4","75dd6fda851d6d86e1c34b61ba201d0d4430016e661348753028149a4144b78c","ok","18,087","720","1280","720x1280","vertical","30","h264","aac","2","44100","1308834","2959112",""
"VIDEOS 1800-2100-20260730T124534Z-1-001.zip","2042","(Serra) Bacia Para Lavar Cabelos Com Mangueira","VIDEOS 1800-2100/VIDEO 2042/(Serra) Bacia Para Lavar Cabelos Com Mangueira.mp4","482bb3e3953fe5ba8d67b3e9fb82c7c34787d1ccfc1c523bd73abebe681f3af7","ok","23,289","1080","1920","1080x1920","vertical","30","h264","aac","2","44100","2676767","7792406",""
"VIDEOS 1800-2100-20260730T124534Z-1-001.zip","2043","Conjunto De Ferramentas De Furação Manual Elétrica Doméstica Caixa Ferragens Armazenamento Multifuncional Chaves De Fenda Elétricas","VIDEOS 1800-2100/VIDEO 2043/Conjunto De Ferramentas De Furação Manual Elétrica Doméstica Caixa Ferragens Armazenamento Multifuncional Chaves De Fenda Elétricas.mp4","fd2ea16a081531f16105cee2f211cce2939eac3312176300c7bc3306d01f6e1c","ok","41,632","720","1280","720x1280","vertical","30","h264","aac","2","44100","2099030","10923353",""
"VIDEOS 1800-2100-20260730T124534Z-1-001.zip","2044","90-150cm Zipper Doll Storage Bucket Plush Toy Artifact Cilindro Transparente Caixa Organizadora De Container Para Bonecas Infantis","VIDEOS 1800-2100/VIDEO 2044/90-150cm Zipper Doll Storage Bucket Plush Toy Artifact Cilindro Transparente Caixa Organizadora De Container Para Bonecas Infantis.mp4","09ab50ef7a6ed0abf5ddd2d03797af3946d353abebd1f1124a5952d774309fb8","ok","11,121","1080","1920","1080x1920","vertical","30","h264","aac","2","44100","2122893","2951088",""
"VIDEOS 1800-2100-20260730T124534Z-1-001.zip","2045","Novos Cadarços Fechadura Magnética Elástico Nenhuma Gravata Laços Tênis Cadarço Crianças Adulto Rainbow Lock One Size Fits All Shoes","VIDEOS 1800-2100/VIDEO 2045/Novos Cadarços Fechadura Magnética Elástico Nenhuma Gravata Laços Tênis Cadarço Crianças Adulto Rainbow Lock One Size Fits All Shoes.mp4","31d482aa13f5e60f37704fd776ccf1746d9ad7be2131afa7a9e35cdde4569100","ok","13,652","720","1280","720x1280","vertical","30","h264","aac","2","44100","2098187","3580557",""
"VIDEOS 1800-2100-20260730T124534Z-1-001.zip","2046","Sandália Possession Aranha rasteira","VIDEOS 1800-2100/VIDEO 2046/Sandália Possession Aranha rasteira.mp4","65ae50dcb3d27f48a5260e5b9d13818440b5258986f318b253d08d005c600de3","ok","17,066","1080","1920","1080x1920","vertical","30","h264","aac","2","44100","2351069","5015420",""
"VIDEOS 1800-2100-20260730T124534Z-1-001.zip","2047","Mini Ventilador USB Em Formato De Urso violento Portátil","VIDEOS 1800-2100/VIDEO 2047/Mini Ventilador USB Em Formato De Urso violento Portátil.mp4","2b010145b3cdd8f9b8be1eaa0ce634103384d24ab3803cde575e15a4d91bf345","ok","12,584","1080","1920","1080x1920","vertical","30","h264","aac","2","44100","3848511","6053709",""
"VIDEOS 1800-2100-20260730T124534Z-1-001.zip","2048","mini Bolsa De Ombro Feminina Com Três Camadas Para Verão kf111","VIDEOS 1800-2100/VIDEO 2048/mini Bolsa De Ombro Feminina Com Três Camadas Para Verão kf111.mp4","d704e20acf7aafb4b68cd42bb62b5c99435911831e9eaca77adbc6b43681564e","ok","6,803","1080","1920","1080x1920","vertical","30","h264","aac","2","44100","2237599","1902799",""
"VIDEOS 1800-2100-20260730T124534Z-1-001.zip","2049","Caixa De Armazenagem Automática De Ovos Rolantes Organizador De Cestas Frigor","VIDEOS 1800-2100/VIDEO 2049/Caixa De Armazenagem Automática De Ovos Rolantes Organizador De Cestas Frigor.mp4","5a990af95d6a5f751143347e6674cb34f78f2ffb789dc82429116636526bc1a6","ok","9,798","1080","1920","1080x1920","vertical","30","h264","aac","2","44100","1883169","2306412",""
"VIDEOS 1800-2100-20260730T124534Z-1-001.zip","2050","Tela Mosquiteira Magnetica Para Janela Com Imã Anti Mosquitos 180x150","VIDEOS 1800-2100/VIDEO 2050/Tela Mosquiteira Magnetica Para Janela Com Imã Anti Mosquitos 180x150.mp4","1aa08ac6f6324e376a549464c5ea395e90ab0f125a282370f456651ba38c2e6d","ok","6,872","1080","1920","1080x1920","vertical","30","h264","aac","2","44100","4320853","3711613",""
"VIDEOS 1800-2100-20260730T124534Z-1-001.zip","2051","Varal De Corda Elástica Colorido  Acampamento  Viagem  Portátil","VIDEOS 1800-2100/VIDEO 2051/Varal De Corda Elástica Colorido  Acampamento  Viagem  Portátil.mp4","9b8e75145e0899f5743f672ace7655273d686d95897620493014787b72faba96","ok","10,1","1080","1920","1080x1920","vertical","30","h264","aac","2","44100","2867691","3620460",""
"VIDEOS 1800-2100-20260730T124534Z-1-001.zip","2052","Chinelos De Garra De Gato tiktok Garras De Gatinho Quente Pisar Como No Cão poop muffin Para Ambiente Interno E Grosso Casa De Verão Feminina","VIDEOS 1800-2100/VIDEO 2052/Chinelos De Garra De Gato tiktok Garras De Gatinho Quente Pisar Como No Cão poop muffin Para Ambiente Interno E Grosso Casa De Verão Feminina.mp4","6301be57fee84de2909954ad453407d2d33959c0a86bb2bb531df47fdb757b97","ok","7,29","1080","1920","1080x1920","vertical","30","h264","aac","2","44100","1974216","1799005",""
"VIDEOS 1800-2100-20260730T124534Z-1-001.zip","2053","Resina 2004 Epoxi Transparente Com Endurecedor 3154 (150 g)","VIDEOS 1800-2100/VIDEO 2053/Resina 2004 Epoxi Transparente Com Endurecedor 3154 (150 g).mp4","920c2aee4b61acc62522403539262fc177c3176de942e4df7188ae55cba532bb","ok","13,652","1080","1920","1080x1920","vertical","30","h264","aac","2","44100","3330105","5682825",""
"VIDEOS 1800-2100-20260730T124534Z-1-001.zip","2054","Grampeador Elétrico Automático Rápido e Eficaz","VIDEOS 1800-2100/VIDEO 2054/Grampeador Elétrico Automático Rápido e Eficaz.mp4","2cf09a073f321bf83c829d2f1d5d41f9839e2286f45dd2eae579ee589dadf14b","ok","10,169","1080","1920","1080x1920","vertical","30","h264","aac","2","44100","1179429","1499202",""
"VIDEOS 1800-2100-20260730T124534Z-1-001.zip","2055","Mesa de cabeceira de madeira inteligente com LED USB, Simples Large Nightstand, Modern Locker Furniture, Glass Cabinet, Bedroom","VIDEOS 1800-2100/VIDEO 2055/Mesa de cabeceira de madeira inteligente com LED USB, Simples Large Nightstand, Modern Locker Furniture, Glass Cabinet, Bedroom.mp4","c1d84bc6eecec0dee5613c4095c9f87e156e3a2d3ab814126e2f4ec326c35d5f","ok","11,516","1080","1920","1080x1920","vertical","30","h264","aac","2","44100","1807076","2601286",""
"VIDEOS 1800-2100-20260730T124534Z-1-001.zip","2056","Escova Manual Rodo Mágico Removedor Tira Fiapo Pelos Bolinha De Roupa Sofá Paletó","VIDEOS 1800-2100/VIDEO 2056/Escova Manual Rodo Mágico Removedor Tira Fiapo Pelos Bolinha De Roupa Sofá Paletó.mp4","b03052553da31368acb38b061978af14b8adfc8c8efefdf5ce5085e5e57582a4","ok","26,331","1080","1920","1080x1920","vertical","30","h264","aac","2","44100","1365537","4494497",""
"VIDEOS 1800-2100-20260730T124534Z-1-001.zip","2057","Cachoeira pia da cozinha 304 pia de aço inoxidável grande único slot com toque multifunções cachoeira torneira acima do contador","VIDEOS 1800-2100/VIDEO 2057/Cachoeira pia da cozinha 304 pia de aço inoxidável grande único slot com toque multifunções cachoeira torneira acima do contador.mp4","1033c9b4ea6549a9bc27b95f42770f4340ae64277d58333bec6c0ddd3c3f918a","ok","22,244","1080","1920","1080x1920","vertical","30","h264","aac","2","44100","3190147","8870204",""
"VIDEOS 1800-2100-20260730T124534Z-1-001.zip","2058","Prendedor De Roupas De Inox 5 Pçs Com Ganchos","VIDEOS 1800-2100/VIDEO 2058/Prendedor De Roupas De Inox 5 Pçs Com Ganchos.mp4","8d1265d5b0ed5650f1574cf18265176b27b3233f6f6505d2fcd97376d2024d74","ok","15,905","1080","1920","1080x1920","vertical","30","h264","aac","2","44100","2428324","4827812",""
"VIDEOS 1800-2100-20260730T124534Z-1-001.zip","2059","DOREEN1 Home Melhoria Da Armadura De Aço Inoxidável Cadeado Cilíndrico De Disco","VIDEOS 1800-2100/VIDEO 2059/DOREEN1 Home Melhoria Da Armadura De Aço Inoxidável Cadeado Cilíndrico De Disco.mp4","fee7906355ac1e7cf18e769ca2c02f68d47a2b27700ce34ec44a040467863767","ok","14,256","1080","1920","1080x1920","vertical","30","h264","aac","2","44100","2446249","4359216",""
"VIDEOS 1800-2100-20260730T124534Z-1-001.zip","2060","[Promoção De Estoque Pronto] SunnyHome Isolamento Térmico Drenável Anti-Mosquito Tampa De Prato Oca De Alimentos Frescos Multi-Layer Pó Plástico Doméstico Placa De Frutas Insul","VIDEOS 1800-2100/VIDEO 2060/[Promoção De Estoque Pronto] SunnyHome Isolamento Térmico Drenável Anti-Mosquito Tampa De Prato Oca De Alimentos Frescos Multi-Layer Pó Plástico Doméstico Placa De Frutas Insul.mp4","0b2953188842c5c252ec3b25d12922143ec9718eea9fcc2e52cf1c79b6986501","ok","11,447","1080","1920","1080x1920","vertical","30","h264","aac","2","44100","3604417","5157471",""
"VIDEOS 1800-2100-20260730T124534Z-1-001.zip","2061","Luguafu Capa De Apoio Para Bebês Lavável Sem Berço De Enchimento Cadeira De Sofá Algodão","VIDEOS 1800-2100/VIDEO 2061/Luguafu Capa De Apoio Para Bebês Lavável Sem Berço De Enchimento Cadeira De Sofá Algodão.mp4","269b9e431fd189a5fb86e45abf059c70d6668932ad3f4bb486075047d20f5024","ok","9,775","1080","1920","1080x1920","vertical","30","h264","aac","2","44100","2615935","3196346",""
"VIDEOS 1800-2100-20260730T124534Z-1-001.zip","2062","Ferramento de Treino de Tênis  Rebote de Bola de Tênis para EsporteExercício  Ferramenta Prática p Treino Esportivo","VIDEOS 1800-2100/VIDEO 2062/Ferramento de Treino de Tênis  Rebote de Bola de Tênis para EsporteExercício  Ferramenta Prática p Treino Esportivo.mp4","f6075f7d22899765bc91dc8cb209f8a5eb765c1095031390737e14f4bda5ef04","ok","6,06","1080","1920","1080x1920","vertical","30","h264","aac","2","44100","2074600","1571510",""
"VIDEOS 1800-2100-20260730T124534Z-1-001.zip","2063","Esponja Limpa Bordas de Piscina com Pegador Passe LimpBucha de Lavar Louça Esponja Multiuso","VIDEOS 1800-2100/VIDEO 2063/Esponja Limpa Bordas de Piscina com Pegador Passe LimpBucha de Lavar Louça Esponja Multiuso.mp4","8dc27af495a9503e20aaf7c4f3993c6003cf83a88667a2b960015fee284dc5d5","ok","12,445","1080","1920","1080x1920","vertical","30","h264","aac","2","44100","3086979","4802182",""
"VIDEOS 1800-2100-20260730T124534Z-1-001.zip","2064","Brinquedo De Dentes De Silicone Para Bebês Chupando E Mastigar Goma","VIDEOS 1800-2100/VIDEO 2064/Brinquedo De Dentes De Silicone Para Bebês Chupando E Mastigar Goma.mp4","9701dd8203eb8cf8797becbfe5f98d4846d24c3094ce19c08ff01bfbe4ea8c71","ok","6,895","1080","1920","1080x1920","vertical","30","h264","aac","2","44100","1105055","952420",""
"VIDEOS 1800-2100-20260730T124534Z-1-001.zip","2065","20g Mini Molde De Bolo Flor De LuaMargaridaGirassolForma De LótusSelo Do Bolinho Para OutonoFestival","VIDEOS 1800-2100/VIDEO 2065/20g Mini Molde De Bolo Flor De LuaMargaridaGirassolForma De LótusSelo Do Bolinho Para OutonoFestival.mp4","23019df444e73257a717fb3ca9532a6ccb43aa81928b7d98c75fd06a603383fa","ok","22,592","1080","1920","1080x1920","vertical","30","h264","aac","2","44100","1734535","4898328",""
"VIDEOS 1800-2100-20260730T124534Z-1-001.zip","2066","3 PEÇAS Painel Placa Para Parede E Piso Chão Auto Adesivo 30cm x 30cm Impermeável Mármore Várias Estampas","VIDEOS 1800-2100/VIDEO 2066/3 PEÇAS Painel Placa Para Parede E Piso Chão Auto Adesivo 30cm x 30cm Impermeável Mármore Várias Estampas.mp4","d2d70be1968bbf667ace9fa12dbff1f82788d03c03e05a0cdeee182930321139","ok","15,278","1080","1920","1080x1920","vertical","30","h264","aac","2","44100","2617087","4997982",""
"VIDEOS 1800-2100-20260730T124534Z-1-001.zip","2067","Melancia De Aço Inoxidável Corte Cabo Plástico Mola Multifuncional Exposição De S2S0","VIDEOS 1800-2100/VIDEO 2067/Melancia De Aço Inoxidável Corte Cabo Plástico Mola Multifuncional Exposição De S2S0.mp4","c9b1de0a3b3a920fcb0c9aa77123e60a4331d293bab76bdddae50bd4abb0550a","ok","12,747","1080","1920","1080x1920","vertical","30","h264","aac","2","44100","3223573","5136361",""
"VIDEOS 1800-2100-20260730T124534Z-1-001.zip","2068","Brinquedo De Palhaço Engraçado Circus Louco Colorido Desenho Animado Boneco Elétrico Dançante Bonecos De Ação Brinquedos Para Crianças Halloween Presente De Natal","VIDEOS 1800-2100/VIDEO 2068/Brinquedo De Palhaço Engraçado Circus Louco Colorido Desenho Animado Boneco Elétrico Dançante Bonecos De Ação Brinquedos Para Crianças Halloween Presente De Natal.mp4","3c568cf5583277ffc718e39c567b7b5365fa320d3c481871755cf5e195f67ed0","ok","7,871","1080","1920","1080x1920","vertical","30","h264","aac","2","44100","2713943","2670181",""
"VIDEOS 1800-2100-20260730T124534Z-1-001.zip","2069","Mala de alumínio do trole do quadro do saco de embarque do curso do negócio pequeno 20-Polegada da bagagem aberta multi-funcional","VIDEOS 1800-2100/VIDEO 2069/Mala de alumínio do trole do quadro do saco de embarque do curso do negócio pequeno 20-Polegada da bagagem aberta multi-funcional.mp4","ebd8e54d5cdd549485d5372af99e8308bd7b9c4c37e9833f965378f42d5f312d","ok","21,965","1080","1920","1080x1920","vertical","30","h264","aac","2","44100","3161943","8681510",""
"VIDEOS 1800-2100-20260730T124534Z-1-001.zip","2070","Shouhou Utensílios De Maquiagem  Cílios Magnéticos Reutilizáveis Com Aplicador","VIDEOS 1800-2100/VIDEO 2070/Shouhou Utensílios De Maquiagem  Cílios Magnéticos Reutilizáveis Com Aplicador.mp4","54a5f96b7788ff45b35fb5bddb96b63bcaba431403419b344ead659ce7a3be00","ok","8,405","1080","1920","1080x1920","vertical","30","h264","aac","2","44100","2279802","2395218",""
"VIDEOS 1800-2100-20260730T124534Z-1-001.zip","2071","Aspersor De Irrigação SWI De Flores De Balanço Cabeça Dançante Material Plástico","VIDEOS 1800-2100/VIDEO 2071/Aspersor De Irrigação SWI De Flores De Balanço Cabeça Dançante Material Plástico.mp4","3e5bb5c466ddcc1a13aa082993694ee82435c0299faf9348a91942515f758f78","ok","8,08","1080","1920","1080x1920","vertical","30","h264","aac","2","44100","3208661","3240748",""
"VIDEOS 1800-2100-20260730T124534Z-1-001.zip","2072","Copo De Água De 400ML Ins Wind Cherry Blossom Water Cup Com Colher De Sopa De Vidro Resistente Ao Calor Escritório Doméstica Grande Capacidade Caneca De Leite Café","VIDEOS 1800-2100/VIDEO 2072/Copo De Água De 400ML Ins Wind Cherry Blossom Water Cup Com Colher De Sopa De Vidro Resistente Ao Calor Escritório Doméstica Grande Capacidade Caneca De Leite Café.mp4","ea8bc3976f06e2fb42393954ac30c5a154b92081168a9fb0c8d53520ec5493e7","ok","5,479","1080","1920","1080x1920","vertical","30","h264","aac","2","44100","4404778","3016723",""
"VIDEOS 1800-2100-20260730T124534Z-1-001.zip","2073","Flautas Plásticas De Champanhe , Óculos De Vinho , Copos Plásticos Reutilizáveis Com Garrafa De Armazenamento Portáteis Rosa Mimosa Perfeito Para Piquenique , Festa , Acampamento E Reunião","VIDEOS 1800-2100/VIDEO 2073/Flautas Plásticas De Champanhe , Óculos De Vinho , Copos Plásticos Reutilizáveis Com Garrafa De Armazenamento Portáteis Rosa Mimosa Perfeito Para Piquenique , Festa , Acampamento E Reunião.mp4","ddb11efa8f6a5adbd0f07181100c60132ae06c79bfafb203d0aac61c42b1a67e","ok","15,417","1080","1920","1080x1920","vertical","30","h264","aac","2","44100","3263933","6290008",""
"VIDEOS 1800-2100-20260730T124534Z-1-001.zip","2074","Engraçado Gato Porta Pendurada Lagarta De Libélula Engraçada Brinquedo Telescópico Sino Pet Suprimentos","VIDEOS 1800-2100/VIDEO 2074/Engraçado Gato Porta Pendurada Lagarta De Libélula Engraçada Brinquedo Telescópico Sino Pet Suprimentos.mp4","eab42baba579b896a7da0f2866e79b49a6df74aefe3a9fbd41d382ebda538238","ok","15,928","1080","1920","1080x1920","vertical","30","h264","aac","2","44100","1988986","3960073",""
"VIDEOS 1800-2100-20260730T124534Z-1-001.zip","2075","Blast eye Worm 50 Projeta Brinquedos De Descompressão De Olhos Bobby Dinossauro Monstro Sereia Toy Pinch Música Puzzle Vent Stare Funny Vegetable Tricky Influencer Handy Tool","VIDEOS 1800-2100/VIDEO 2075/Blast eye Worm 50 Projeta Brinquedos De Descompressão De Olhos Bobby Dinossauro Monstro Sereia Toy Pinch Música Puzzle Vent Stare Funny Vegetable Tricky Influencer Handy Tool.mp4","b3d52c2cf1898a9758072142bacacc60ed718c72ec29b741a52f217034897184","ok","9,659","1080","1920","1080x1920","vertical","30","h264","aac","2","44100","1980735","2391491",""
"VIDEOS 1800-2100-20260730T124534Z-1-001.zip","2076","Carrinho Para Transporte de Carga Dobrável até 60Kg bolsa em lona removível e Vonder - 6160000060","VIDEOS 1800-2100/VIDEO 2076/Carrinho Para Transporte de Carga Dobrável até 60Kg bolsa em lona removível e Vonder - 6160000060.mp4","30c12424c083d7bdc2f20f68dbf7456aafcae3f838e9cb55050a25da8817c12b","ok","34,063","1080","1920","1080x1920","vertical","30","h264","aac","2","44100","1761019","7498203",""
"VIDEOS 1800-2100-20260730T124534Z-1-001.zip","2077","Gaveta Organizadora Adesiva Pendurável Para Escritório Mesa","VIDEOS 1800-2100/VIDEO 2077/Gaveta Organizadora Adesiva Pendurável Para Escritório Mesa.mp4","b5b6d6fa7749c1796c39c724cebd68c5b6b55a7fd3aaee88255f4ac5f4e760f7","ok","11,168","1080","1920","1080x1920","vertical","30","h264","aac","2","44100","2094789","2924326",""
"VIDEOS 1800-2100-20260730T124534Z-1-001.zip","2078","Caminha Pet Premium Cães e Gatos - Tamanho Pequeno Porte","VIDEOS 1800-2100/VIDEO 2078/Caminha Pet Premium Cães e Gatos - Tamanho Pequeno Porte.mp4","55cde46df357936c42b5e3c179573d06ba274dac656dec84d11b03cdb6e6d437","ok","12,445","1080","1920","1080x1920","vertical","30","h264","aac","2","44100","1690355","2629560",""
"VIDEOS 1800-2100-20260730T124534Z-1-001.zip","2079","Separador Abridor De Ovos Cortador De Concha Ferramentas Para Gadgets De Cozinha Knocker Cracker Cru Topper Essential","VIDEOS 1800-2100/VIDEO 2079/Separador Abridor De Ovos Cortador De Concha Ferramentas Para Gadgets De Cozinha Knocker Cracker Cru Topper Essential.mp4","11f24ba728de50dfaeea19c2364cd89a0f44e22b82c4337a1899c5b916bf1ef5","ok","10,239","1080","1920","1080x1920","vertical","30","h264","aac","2","44100","2277317","2914682",""
"VIDEOS 1800-2100-20260730T124534Z-1-001.zip","2080","Tela LED Junho Para Carro Janela Móvel APP Controle Completo BR","VIDEOS 1800-2100/VIDEO 2080/Tela LED Junho Para Carro Janela Móvel APP Controle Completo BR.mp4","e86cb10e0b5ae041642c04654de0de9abc5892892aef71a871e456e790da93c7","ok","14,512","1080","1920","1080x1920","vertical","30","h264","aac","2","44100","2007841","3642224",""
"VIDEOS 1800-2100-20260730T124534Z-1-001.zip","2081","Palha Coração De Menina Fofa Em Forma De TV Criativa Suporte De Telefone Celular Caixa De Papel De Mesa Lenço","VIDEOS 1800-2100/VIDEO 2081/Palha Coração De Menina Fofa Em Forma De TV Criativa Suporte De Telefone Celular Caixa De Papel De Mesa Lenço.mp4","d320f616ca1af54919e2c315376b0f829827a36eb223592d45054768a21ed17c","ok","8,869","1080","1920","1080x1920","vertical","30","h264","aac","2","44100","912741","1011888",""
"VIDEOS 1800-2100-20260730T124534Z-1-001.zip","2082","Saco À Vácuo Com Cabide Organizador de Roupas","VIDEOS 1800-2100/VIDEO 2082/Saco À Vácuo Com Cabide Organizador de Roupas.mp4","155e413a286d07deeb173b20ba82e3e235ba8c328becad4f17908195bc87608e","ok","14,21","1080","1920","1080x1920","vertical","30","h264","aac","2","44100","3406644","6051053",""
"VIDEOS 1800-2100-20260730T124534Z-1-001.zip","2083","Garrafa de água de armazenamento de amor em forma de coração esportes de fitness ao ar livre criativo garrafa de água portátil corda de viagem xícara de chá","VIDEOS 1800-2100/VIDEO 2083/Garrafa de água de armazenamento de amor em forma de coração esportes de fitness ao ar livre criativo garrafa de água portátil corda de viagem xícara de chá.mp4","78984f632fbb8aaae048b6ad7e36d8341d21b06192808eea685f7a1249adaf4e","ok","11,075","1080","1920","1080x1920","vertical","30","h264","aac","2","44100","2821017","3905346",""
"VIDEOS 1800-2100-20260730T124534Z-1-001.zip","2084","Fita Adesiva Para Vedação De JanelaPortaControle InternoResistente Ao SomIsolamento Anti Vazamentos Ar","VIDEOS 1800-2100/VIDEO 2084/Fita Adesiva Para Vedação De JanelaPortaControle InternoResistente Ao SomIsolamento Anti Vazamentos Ar.mp4","ebfdabff85bd62683923cb62c2e22a5c9e9598ab5df5506faf0bde2c08ff76be","ok","10,657","720","1280","720x1280","vertical","30","h264","aac","2","44100","1429477","1904243",""
"VIDEOS 1800-2100-20260730T124534Z-1-001.zip","2085","Pente De Pêssego Coração Dupla FaceEscova De BarbearCabelo Para IniciantesAparador De FaixasCuidados PessoaisFerramentas De BarbeiroCorte & Faixa Fina Fino","VIDEOS 1800-2100/VIDEO 2085/Pente De Pêssego Coração Dupla FaceEscova De BarbearCabelo Para IniciantesAparador De FaixasCuidados PessoaisFerramentas De BarbeiroCorte & Faixa Fina Fino.mp4","3fa7506eaa0cf03b1fb1b94e951b3f543bf5c5a450ec85c32aa9b3ffbbcb2bf3","ok","8,196","720","1280","720x1280","vertical","30","h264","aac","2","44100","1535749","1573375",""
"VIDEOS 1800-2100-20260730T124534Z-1-001.zip","2086","LED Luz Sensor Noturna Movimento USB Sem Fio Iluminação Luzes","VIDEOS 1800-2100/VIDEO 2086/LED Luz Sensor Noturna Movimento USB Sem Fio Iluminação Luzes.mp4","719a6b761b747efd011ad18d0cc134a33ec754326a113223c5c4810b05a521f9","ok","15,556","720","1280","720x1280","vertical","30","h264","aac","2","44100","1142963","2222493",""
"VIDEOS 1800-2100-20260730T124534Z-1-001.zip","2087","Desentupidor De Pia Privada Vaso Encanamento Bomba Pressão","VIDEOS 1800-2100/VIDEO 2087/Desentupidor De Pia Privada Vaso Encanamento Bomba Pressão.mp4","de6dbe4e7ba3551b073a0c6c698940bdd6f98f014e7ded59706e68dc864db6a8","ok","8,823","720","1280","720x1280","vertical","30","h264","aac","2","44100","1282181","1414086",""
"VIDEOS 1800-2100-20260730T124534Z-1-001.zip","2088","Airpods 12 airpods pro fone de ouvido sem fio Bluetooth capa protetora caixa de sapatos e bolsas da moda","VIDEOS 1800-2100/VIDEO 2088/Airpods 12 airpods pro fone de ouvido sem fio Bluetooth capa protetora caixa de sapatos e bolsas da moda.mp4","69004c00708d5b5bebcf1b4091261f4c2bd7350620de328c9bb31d9ac1ce2a06","ok","11,168","720","1280","720x1280","vertical","30","h264","aac","2","44100","1176853","1642888",""
"VIDEOS 1800-2100-20260730T124534Z-1-001.zip","2089","Levitação magnética flutuante 3d flor imortal led eletrônico anti-gravidade luz da noite decoração para casa presente de aniversário","VIDEOS 1800-2100/VIDEO 2089/Levitação magnética flutuante 3d flor imortal led eletrônico anti-gravidade luz da noite decoração para casa presente de aniversário.mp4","6ea35393b1ac0754dd90d2bcd80f45ac916c334510c9cfd2c50e44c904ef14e3","ok","10,262","720","1280","720x1280","vertical","30","h264","aac","2","44100","1697552","2177536",""
"VIDEOS 1800-2100-20260730T124534Z-1-001.zip","2090","Suporte De Esponja De Parede Com Torneira De Cozinha Sem Punção Cesto De Esgoto Pendurar Pano","VIDEOS 1800-2100/VIDEO 2090/Suporte De Esponja De Parede Com Torneira De Cozinha Sem Punção Cesto De Esgoto Pendurar Pano.mp4","d9d35f3503de0fc630621fba364a4fa859923f597a01ed7b4e885f97f3156f70","ok","13,513","1080","1920","1080x1920","vertical","30","h264","aac","2","44100","2821248","4765441",""
"VIDEOS 1800-2100-20260730T124534Z-1-001.zip","2091","Adaprox Fingerbot O Menor Robô Smart LifeTUYAAPP Braços Mecânicos Inteligentes Trabalhar Com Alexa Google Assistant","VIDEOS 1800-2100/VIDEO 2091/Adaprox Fingerbot O Menor Robô Smart LifeTUYAAPP Braços Mecânicos Inteligentes Trabalhar Com Alexa Google Assistant.mp4","45cfcdf248a7bb0affefe6e2bbc123b10ad16529664789f0073f66e76ca0a85c","ok","11,748","1080","1920","1080x1920","vertical","30","h264","aac","2","44100","1363455","2002234",""
"VIDEOS 1800-2100-20260730T124534Z-1-001.zip","2092","Luvas De Limpeza De Pó Em Escala De Peixe 1020pcs Fibra De Cozinha Reutilizáveis Ferramentas","VIDEOS 1800-2100/VIDEO 2092/Luvas De Limpeza De Pó Em Escala De Peixe 1020pcs Fibra De Cozinha Reutilizáveis Ferramentas.mp4","d4f39b1ccab700842111bff4bb566f87369b4a8303f6e78d1742a6b525ea22a8","ok","12,352","1080","1920","1080x1920","vertical","30","h264","aac","2","44100","2242217","3461984",""
"VIDEOS 1800-2100-20260730T124534Z-1-001.zip","2093","(WTED) 1 Conjunto De Brincos Mostruário Caixa Em Forma De Cabide Acrílico Suporte Para De Mesa","VIDEOS 1800-2100/VIDEO 2093/(WTED) 1 Conjunto De Brincos Mostruário Caixa Em Forma De Cabide Acrílico Suporte Para De Mesa.mp4","33a4a923c130b85069d7c401a64466fecfc74febacc47dc5a632e35fb0d8ed7d","ok","16,392","1080","1920","1080x1920","vertical","30","h264","aac","2","44100","2159221","4424244",""
"VIDEOS 1800-2100-20260730T124534Z-1-001.zip","2094","Multifuncional 5 Em 1 Raspador De SiliconeSealante Suave Removedor Conjunto De Ferramentas Kit Rejunte Caulking SmoothVidro Ângulo Cola","VIDEOS 1800-2100/VIDEO 2094/Multifuncional 5 Em 1 Raspador De SiliconeSealante Suave Removedor Conjunto De Ferramentas Kit Rejunte Caulking SmoothVidro Ângulo Cola.mp4","2b98a9e64d682f31bb5ed940e52229ad5e4e6046bc9c2371a67e9851d80bfc6d","ok","7,615","1080","1920","1080x1920","vertical","30","h264","aac","2","44100","2283569","2173673",""
"VIDEOS 1800-2100-20260730T124534Z-1-001.zip","2095","BrinquedoAvião Luminoso Infantil De Espuma Com Controle Remoto","VIDEOS 1800-2100/VIDEO 2095/BrinquedoAvião Luminoso Infantil De Espuma Com Controle Remoto.mp4","dbaec958759b606fe379a06550f94ec115aa580aa4885df818b8046c4a2574fb","ok","57,956","1080","1920","1080x1920","vertical","30","h264","aac","2","44100","2691782","19500617",""
"VIDEOS 1800-2100-20260730T124534Z-1-001.zip","2096","FairyMalls Mini Ferro A Vapor Portátil Roupa Dupla Máquina De Passar Tecido","VIDEOS 1800-2100/VIDEO 2096/FairyMalls Mini Ferro A Vapor Portátil Roupa Dupla Máquina De Passar Tecido.mp4","d548932637018d7b74e5082c765d448ad03d2ac5dae3ee811bb7ddccad9db2d1","ok","10,68","1080","1920","1080x1920","vertical","30","h264","aac","2","44100","2779693","3710891",""
"VIDEOS 1800-2100-20260730T124534Z-1-001.zip","2097","(Bateria E Tutorial Livre De Instalação) Perfuração-Canto Dupla Face Relógio De Parede Sala De Estar Luminoso Simples Decoração Mudo Moderno Nórdico Criativo Pendurado","VIDEOS 1800-2100/VIDEO 2097/(Bateria E Tutorial Livre De Instalação) Perfuração-Canto Dupla Face Relógio De Parede Sala De Estar Luminoso Simples Decoração Mudo Moderno Nórdico Criativo Pendurado.mp4","03def0538b7764b6f8ad8ac26c031507cf23ba2eee13eed9be5e775b552f009a","ok","7,731","1080","1920","1080x1920","vertical","30","h264","aac","2","44100","1585582","1532267",""
"VIDEOS 1800-2100-20260730T124534Z-1-001.zip","2098","Mosquiteiro Para Berço Portátil Multifuncional Dobrável De Bebê","VIDEOS 1800-2100/VIDEO 2098/Mosquiteiro Para Berço Portátil Multifuncional Dobrável De Bebê.mp4","ec8c39e8161ec34a94a4884fbb885ba9f6ea84246a5f2b1f31129e08ca8295ff","ok","9,96","1080","1920","1080x1920","vertical","30","h264","aac","2","44100","2003701","2494608",""
"VIDEOS 1800-2100-20260730T124534Z-1-001.zip","2099","Porta Ovos Com 24 Cavidades Com Tampa","VIDEOS 1800-2100/VIDEO 2099/Porta Ovos Com 24 Cavidades Com Tampa.mp4","c69b4975609556b85125b1c494cd13cebe2a96f75d890f920fe49e38faa35d7d","ok","19,759","1080","1920","1080x1920","vertical","30","h264","aac","2","44100","2130209","5261351",""
"VIDEOS 1800-2100-20260730T124534Z-1-001.zip","2100","Sabre de Luz do Grande Inquisidor","VIDEOS 1800-2100/VIDEO 2100/Sabre de Luz do Grande Inquisidor.mp4","fa84dc09adfdefa57806c4873e56dcd226e04515a3679562bd721fb1f4090614","ok","14,047","1080","1920","1080x1920","vertical","30","h264","aac","2","44100","2254461","3958553",""
"VIDEOS 2400-2700-20260730T124604Z-1-001.zip","2401","Fabricante de macarrão imprensa máquina macarrão aço inoxidável cozinha pressionando espaguete manivela corte macarronete fazendo arma cozinha noddle ferramentas","VIDEOS 2400-2700/VIDEO 2401/Fabricante de macarrão imprensa máquina macarrão aço inoxidável cozinha pressionando espaguete manivela corte macarronete fazendo arma cozinha noddle ferramentas.mp4","6eb48176a0c1ba76eaa9802c39cc97d3eec6ec66abe9cadd9b39362ed919164d","ok","13,651","576","1024","576x1024","vertical","30","h264","aac","2","44100","1216693","2076136",""
"VIDEOS 2400-2700-20260730T124604Z-1-001.zip","2402","capa para cadeira impermeável Engrossado Cadeira Cobre Jacquard À Prova D_água Estiramento Elastic Spandex Tampa Da De Jantar Cozinha Animais De Estimação Crianças Mobiliário Protector Covers Para","VIDEOS 2400-2700/VIDEO 2402/capa para cadeira impermeável Engrossado Cadeira Cobre Jacquard À Prova D_água Estiramento Elastic Spandex Tampa Da De Jantar Cozinha Animais De Estimação Crianças Mobiliário Protector Covers Para.mp4","042b54dba06e8dc6c847a78db09aaefde772ca173168113c25fb406754ab67b8","ok","8,403","720","1280","720x1280","vertical","30","h264","aac","2","44100","2195460","2306057",""
"VIDEOS 2400-2700-20260730T124604Z-1-001.zip","2403","Apontador de lápis elétrico, Eraser automático, Student Eraser, Aspirador para crianças, menino e menina, aprendendo papelaria, presentes, 3pcs","VIDEOS 2400-2700/VIDEO 2403/Apontador de lápis elétrico, Eraser automático, Student Eraser, Aspirador para crianças, menino e menina, aprendendo papelaria, presentes, 3pcs.mp4","54313a75649a4cfa69ff14e912d34fd9844f971c93df36bf8c62387953a996ef","ok","13,558","720","1280","720x1280","vertical","30","h264","aac","2","44100","1426887","2418218",""
"VIDEOS 2400-2700-20260730T124604Z-1-001.zip","2404","Novo OPPO Find N2 5G Celular Snapdragon 8 + Gen1 120HZ 7.1 _+ 5.54_ E6 AMOLED 50MP Câmera 67W Super Charge NFC Phone","VIDEOS 2400-2700/VIDEO 2404/Novo OPPO Find N2 5G Celular Snapdragon 8 + Gen1 120HZ 7.1 _+ 5.54_ E6 AMOLED 50MP Câmera 67W Super Charge NFC Phone.mp4","8cb56d5715dd3fcc34581ba5f7cad5e9a7853ab08678575ddb16f6be567029bf","ok","39,541","720","1280","720x1280","vertical","30","h264","aac","2","44100","1230348","6081149",""
"VIDEOS 2400-2700-20260730T124604Z-1-001.zip","2405","Multifuncional Escova De Limpeza Portátil De Plástico Macio Roupas Cabelo Sapato Sabão Líquido Dispenser Lavanderia Do Banheiro","VIDEOS 2400-2700/VIDEO 2405/Multifuncional Escova De Limpeza Portátil De Plástico Macio Roupas Cabelo Sapato Sabão Líquido Dispenser Lavanderia Do Banheiro.mp4","9bb2822c77f9bb56f4f8da8951e6b21c2c675fe088c9266d37181b502836c4c7","ok","18,086","720","1280","720x1280","vertical","30","h264","aac","2","44100","2063240","4664470",""
"VIDEOS 2400-2700-20260730T124604Z-1-001.zip","2406","Rack De Secagem De Pratos De Pia Com Placa De Esgoto Drenagem E Bandeja Conjunto De Bandejas De Grande Capacidade Armazenamento De Cozinha","VIDEOS 2400-2700/VIDEO 2406/Rack De Secagem De Pratos De Pia Com Placa De Esgoto Drenagem E Bandeja Conjunto De Bandejas De Grande Capacidade Armazenamento De Cozinha.mp4","185795810d7b8374abd9ba796fb0542c190dc90aadbac1e3c7a53aec5812a6d0","ok","8,426","720","1280","720x1280","vertical","30","h264","aac","2","44100","1812119","1908615",""
"VIDEOS 2400-2700-20260730T124604Z-1-001.zip","2407","Mini Barbeador Elétrico Portátil Para Masculino","VIDEOS 2400-2700/VIDEO 2407/Mini Barbeador Elétrico Portátil Para Masculino.mp4","82d15e131a8f73cd5838175d89862c9e88575bdb2cd40c30ce2ec7bd5b20c61a","ok","14,673","720","1280","720x1280","vertical","30","h264","aac","2","44100","1786199","3276114",""
"VIDEOS 2400-2700-20260730T124604Z-1-001.zip","2408","HD Espelho de parede Adesivos De Parede Decora banheiro","VIDEOS 2400-2700/VIDEO 2408/HD Espelho de parede Adesivos De Parede Decora banheiro.mp4","858db6ee20cfb4fa508c55d71be663d23ecf6efa36715a5f57f4d9ba59010f58","ok","11,283","720","1280","720x1280","vertical","30","h264","aac","2","44100","1831872","2583627",""
"VIDEOS 2400-2700-20260730T124604Z-1-001.zip","2409","kit Protetor De Cabo 2 pecas Protetor De Fonte KIT Para carregador 20WW personalizados","VIDEOS 2400-2700/VIDEO 2409/kit Protetor De Cabo 2 pecas Protetor De Fonte KIT Para carregador 20WW personalizados.mp4","bbd2216a9767c5a1a73b046e96a59347dbd351deebfc2a76f9c109e391e94c46","ok","17,088","720","1280","720x1280","vertical","30","h264","aac","2","44100","2379222","5082019",""
"VIDEOS 2400-2700-20260730T124604Z-1-001.zip","2410","Kit Aspirador para Pet Grooming, 3 Nível de Sucção, Pet Clipper para Cão e Gato, P1Pro","VIDEOS 2400-2700/VIDEO 2410/Kit Aspirador para Pet Grooming, 3 Nível de Sucção, Pet Clipper para Cão e Gato, P1Pro.mp4","966e5124b4e89146e0a6783cf6d427844247fecda49a1c5e47e7441f2b0f758f","ok","17,227","720","1280","720x1280","vertical","30","h264","aac","2","44100","2039160","4391078",""
"VIDEOS 2400-2700-20260730T124604Z-1-001.zip","2411","Caneta De Fenda COLORFALLC Ferramentas Multifuncionais Gadgets Esferográfica Com Tela Sensível Ao Toque","VIDEOS 2400-2700/VIDEO 2411/Caneta De Fenda COLORFALLC Ferramentas Multifuncionais Gadgets Esferográfica Com Tela Sensível Ao Toque.mp4","fe9a7d001cbd78f5ef625479262d0f84425ba569e323335d3354c4c5d05c6644","ok","27,954","720","1280","720x1280","vertical","30","h264","aac","2","44100","1426254","4983691",""
"VIDEOS 2400-2700-20260730T124604Z-1-001.zip","2412","Mármore À Prova D_água Papel De Parede Auto-Adesivo D_água Vinil Filme Adesivos Banheiro Quarto De Banho Armário De Cozinha De Refre","VIDEOS 2400-2700/VIDEO 2412/Mármore À Prova D_água Papel De Parede Auto-Adesivo D_água Vinil Filme Adesivos Banheiro Quarto De Banho Armário De Cozinha De Refre.mp4","023d08f44f81d8d407888493ef5152bc4a5831ac79e1456630afa4c98a301066","ok","14,533","576","1024","576x1024","vertical","30","h264","aac","2","44100","1196811","2174158",""
"VIDEOS 2400-2700-20260730T124604Z-1-001.zip","2413","Caneta 4 Em 1 Fácil De Usar De Contorno De Sobrancelhas Definindo Destaque À Prova D_água","VIDEOS 2400-2700/VIDEO 2413/Caneta 4 Em 1 Fácil De Usar De Contorno De Sobrancelhas Definindo Destaque À Prova D_água.mp4","52f13b7ff000c2e1024930fda5c98bac9c91da67bf1e0fe702c3541829dffbbb","ok","18,388","720","1280","720x1280","vertical","30","h264","aac","2","44100","909334","2090106",""
"VIDEOS 2400-2700-20260730T124604Z-1-001.zip","2414","[Vem _ Crafted] Ferramenta De Rebite De Pregos De Aço Potência Ajustável Portátil Para Fixar Tubo De Água Tábua De Madeira","VIDEOS 2400-2700/VIDEO 2414/[Vem _ Crafted] Ferramenta De Rebite De Pregos De Aço Potência Ajustável Portátil Para Fixar Tubo De Água Tábua De Madeira.mp4","497b1bed2306fee42708158037180ed3b866995a818f0a82056ad85ad5a5b9a5","ok","8,519","720","1280","720x1280","vertical","30","h264","aac","2","44100","2058706","2192265",""
"VIDEOS 2400-2700-20260730T124604Z-1-001.zip","2415","Microfibra pano substituição mop aspirador de pó máquina toalhas mop telescópica rotativo balde espremer herramientas decoração","VIDEOS 2400-2700/VIDEO 2415/Microfibra pano substituição mop aspirador de pó máquina toalhas mop telescópica rotativo balde espremer herramientas decoração.mp4","b240c671309ff0baf534523cac9d60eb8dbb27aa1bf4075dc70458ee65c7d452","ok","10,516","576","1024","576x1024","vertical","30","h264","aac","2","44100","1301768","1711175",""
"VIDEOS 2400-2700-20260730T124604Z-1-001.zip","2416","Cadeira Dobrável Diretor Peak Azul Com Porta Copo - Nautika","VIDEOS 2400-2700/VIDEO 2416/Cadeira Dobrável Diretor Peak Azul Com Porta Copo - Nautika.mp4","0af7bd1b8a2904a70152cbb910f6b76750fc9368d159d68dca366f3969049f18","ok","10,632","576","1024","576x1024","vertical","30","h264","aac","2","44100","1805316","2399266",""
"VIDEOS 2400-2700-20260730T124604Z-1-001.zip","2417","Retrátil guarda-roupa ferroviário cabide toalha cabide rack armário organizador de armazenamento puxar para fora pendurado guarda-roupa ferroviário haste","VIDEOS 2400-2700/VIDEO 2417/Retrátil guarda-roupa ferroviário cabide toalha cabide rack armário organizador de armazenamento puxar para fora pendurado guarda-roupa ferroviário haste.mp4","c9d0d2323c9d7a31af0ccccafbea523bc2849ce6fcb3112e37292a6cf8345ad6","ok","6,871","720","1280","720x1280","vertical","30","h264","aac","2","44100","1825085","1567520",""
"VIDEOS 2400-2700-20260730T124604Z-1-001.zip","2418","Adesivo de Esmalte de Purpurina Cor Pura Adesivo de Esmalte Gradiente Brilhante","VIDEOS 2400-2700/VIDEO 2418/Adesivo de Esmalte de Purpurina Cor Pura Adesivo de Esmalte Gradiente Brilhante.mp4","528d74bfa1181e4166c37be720bf9244fba463724812de618881c8f01e746d24","ok","22,753","1080","1920","1080x1920","vertical","30","h264","aac","2","44100","2175642","6187799",""
"VIDEOS 2400-2700-20260730T124604Z-1-001.zip","2419","stylishlife Anti-slip Hanger Hook Suprimentos Domésticos 8 Ganchos Cinto De Armazenamento Construção Sólida","VIDEOS 2400-2700/VIDEO 2419/stylishlife Anti-slip Hanger Hook Suprimentos Domésticos 8 Ganchos Cinto De Armazenamento Construção Sólida.mp4","ad29d52f5dbb8ea50251fefa447201a192c9a9223b263841b3869230c34ea8af","ok","16,019","720","1280","720x1280","vertical","30","h264","aac","2","44100","2550394","5106847",""
"VIDEOS 2400-2700-20260730T124604Z-1-001.zip","2420","Sanduicheira Hamilton beach silver 110W","VIDEOS 2400-2700/VIDEO 2420/Sanduicheira Hamilton beach silver 110W.mp4","9ce996f8b8f0606f6b28173952bb8fb15c2d97daa0a2dab4378be18964fad0a3","ok","10,657","1080","1920","1080x1920","vertical","30","h264","aac","2","44100","3028152","4033877",""
"VIDEOS 2400-2700-20260730T124604Z-1-001.zip","2421","Novo Espelho Diy De Alta Qualidade Telha Clara Stong Retângulo Auto Adesivo De Parede À Prova D _Água Decoração 100  200 cm","VIDEOS 2400-2700/VIDEO 2421/Novo Espelho Diy De Alta Qualidade Telha Clara Stong Retângulo Auto Adesivo De Parede À Prova D _Água Decoração 100  200 cm.mp4","3f6befdd3d77a2b1d016a63ce01d5648d5ee0b576358043aa4d4964f9eda457e","ok","13,769","720","1280","720x1280","vertical","30","h264","aac","2","44100","2183009","3757233",""
"VIDEOS 2400-2700-20260730T124604Z-1-001.zip","2422","Piscina Inflável Verde Sereia 190 Litros Menina Menino Pequena Casa Apartamento","VIDEOS 2400-2700/VIDEO 2422/Piscina Inflável Verde Sereia 190 Litros Menina Menino Pequena Casa Apartamento.mp4","7a3b3b8a100f0f5464e63c02ab22e7134dbba530397d214ba18de2cf2965399d","ok","6,988","720","1280","720x1280","vertical","30","h264","aac","2","44100","1401194","1223943",""
"VIDEOS 2400-2700-20260730T124604Z-1-001.zip","2423","Estojo De Cigarro Automático De Brinquedo","VIDEOS 2400-2700/VIDEO 2423/Estojo De Cigarro Automático De Brinquedo.mp4","9593d78050d08d90d2a0524cff6e6d402158535e2ad2c689b038f35d22ea5f5d","ok","7,174","1080","1920","1080x1920","vertical","30","h264","aac","2","44100","2432311","2181175",""
"VIDEOS 2400-2700-20260730T124604Z-1-001.zip","2424","folklore Descascador Criativo De Frutas Gadgets De Cozinha Pêra Cortador Alimentos Vegetais","VIDEOS 2400-2700/VIDEO 2424/folklore Descascador Criativo De Frutas Gadgets De Cozinha Pêra Cortador Alimentos Vegetais.mp4","dec0f5050f29c807464b249ffb03d9b546b1326799f17ac402c8917827caf054","ok","23,916","1080","1920","1080x1920","vertical","30","h264","aac","2","44100","2377845","7108568",""
"VIDEOS 2400-2700-20260730T124604Z-1-001.zip","2425","Robôs de pintura aprendendo arte educacional brinquedos presente de aniversário automático abs robô de pintura inferior com ventosa","VIDEOS 2400-2700/VIDEO 2425/Robôs de pintura aprendendo arte educacional brinquedos presente de aniversário automático abs robô de pintura inferior com ventosa.mp4","b7a41be630892a61728139b27b021539f0eb015bd87137c9f5fdbc8fd6c91f00","ok","8,056","1080","1920","1080x1920","vertical","30","h264","aac","2","44100","1176025","1184258",""
"VIDEOS 2400-2700-20260730T124604Z-1-001.zip","2426","Mini Processador Triturador De Alimentos Elétrico 100ml Sem Fio Recarregável Alho Legumes Utensílios de Cozinha","VIDEOS 2400-2700/VIDEO 2426/Mini Processador Triturador De Alimentos Elétrico 100ml Sem Fio Recarregável Alho Legumes Utensílios de Cozinha.mp4","2ce4c5c7b610a9f25cef5bad9eb14e7aaafc563e5dad7055250cf97ca55d19ce","ok","19,015","720","1280","720x1280","vertical","30","h264","aac","2","44100","2358243","5605250",""
"VIDEOS 2400-2700-20260730T124604Z-1-001.zip","2427","Colchão Inflável de Casal Com Inflador Acoplado Mor","VIDEOS 2400-2700/VIDEO 2427/Colchão Inflável de Casal Com Inflador Acoplado Mor.mp4","0bd8344d230f49d35e5ebed9202ceffa5884b9aa16a7f89dd1009063e9a73b16","ok","16,159","720","1280","720x1280","vertical","30","h264","aac","2","44100","1377697","2782776",""
"VIDEOS 2400-2700-20260730T124604Z-1-001.zip","2428","Novo Sofá Almofada Universal Capa De Toalha De Pano Anti-Riscos De Inverno Espessada","VIDEOS 2400-2700/VIDEO 2428/Novo Sofá Almofada Universal Capa De Toalha De Pano Anti-Riscos De Inverno Espessada.mp4","dc202f959ad349ba4ad123807fd846993ae05b3560c1abe3031de1c6dbf97641","ok","9,959","720","1280","720x1280","vertical","30","h264","aac","2","44100","1818948","2264363",""
"VIDEOS 2400-2700-20260730T124604Z-1-001.zip","2429","78910 Pcs Conjunto Organizador De Viagem Sacos De Armazenamento Mala De Cubos De Embalagem Estojo De Roupas Portáteis Saco De Bagagem Dobrável","VIDEOS 2400-2700/VIDEO 2429/78910 Pcs Conjunto Organizador De Viagem Sacos De Armazenamento Mala De Cubos De Embalagem Estojo De Roupas Portáteis Saco De Bagagem Dobrável.mp4","97bbc5cd4f63298c6537485b03fda1fc2ebfa4fdc22d08a8e44f7836e5b0e4c6","ok","50,317","1080","1920","1080x1920","vertical","30","h264","aac","2","44100","2732409","17185833",""
"VIDEOS 2400-2700-20260730T124604Z-1-001.zip","2430","Konheart Tintura Descartável Em 8 Cores, Tintura De Cabelo, Giz  Tintura De Cabelo  Ferramenta De Cabeleireiro","VIDEOS 2400-2700/VIDEO 2430/Konheart Tintura Descartável Em 8 Cores, Tintura De Cabelo, Giz  Tintura De Cabelo  Ferramenta De Cabeleireiro.mp4","666cbf4414cd1aa26d3ff068a9df606ffe06fd28149c61a01f2e93b6a286ae58","ok","10,286","1080","1920","1080x1920","vertical","30","h264","aac","2","44100","5329758","6852737",""
"VIDEOS 2400-2700-20260730T124604Z-1-001.zip","2431","Toalha De Lavar Louça De Cozinha 20pcsCaixa Absorvente De Cotão De Microfibra Descartável Óleo Antiaderente De Pano De Prato","VIDEOS 2400-2700/VIDEO 2431/Toalha De Lavar Louça De Cozinha 20pcsCaixa Absorvente De Cotão De Microfibra Descartável Óleo Antiaderente De Pano De Prato.mp4","74782647cb826b4bfa950dc2d1de13442dab304fca01e84e34310fae7d72b73f","ok","15,835","1080","1920","1080x1920","vertical","30","h264","aac","2","44100","3609976","7145498",""
"VIDEOS 2400-2700-20260730T124604Z-1-001.zip","2432","KIT com Par Película Janela e retrovisor Anti Embaçante Vidro e Retrovisor","VIDEOS 2400-2700/VIDEO 2432/KIT com Par Película Janela e retrovisor Anti Embaçante Vidro e Retrovisor.mp4","68e0a7a79f51f2fb02d19139145ebb2010789e2a66cfd594da7a235ba2daefb6","ok","10,796","1080","1920","1080x1920","vertical","30","h264","aac","2","44100","1930434","2605122",""
"VIDEOS 2400-2700-20260730T124604Z-1-001.zip","2433","Agente De Reparo De Parede Creme Reparação De Rachaduras V2C0 Ferramenta B6C2 Q5Z0 B0F8 B3B0","VIDEOS 2400-2700/VIDEO 2433/Agente De Reparo De Parede Creme Reparação De Rachaduras V2C0 Ferramenta B6C2 Q5Z0 B0F8 B3B0.mp4","b81a1d7af1535194c3e4c0de090d92fb4e2b90d59ccc06a278c4451859278248","ok","13,581","1080","1920","1080x1920","vertical","30","h264","aac","2","44100","1542642","2618829",""
"VIDEOS 2400-2700-20260730T124604Z-1-001.zip","2434","Kliou Mesh Patchwork Conjunto De Duas Peças Mulheres Magro Furo Sem Mangas Veja Através De Roupa Íntima","VIDEOS 2400-2700/VIDEO 2434/Kliou Mesh Patchwork Conjunto De Duas Peças Mulheres Magro Furo Sem Mangas Veja Através De Roupa Íntima.mp4","12247f241ced5b596616d8384db8a18c39e64868dc6260083db8c039e469d62b","ok","7,638","1080","1920","1080x1920","vertical","30","h264","aac","2","44100","1684174","1607966",""
"VIDEOS 2400-2700-20260730T124604Z-1-001.zip","2435","Tênis De Borracha Flexível Antiderrapante De BebêRecém-NascidoDesenho De Animal","VIDEOS 2400-2700/VIDEO 2435/Tênis De Borracha Flexível Antiderrapante De BebêRecém-NascidoDesenho De Animal.mp4","6aaac4fa68a53bc6967e694e6929eee4e5bcce6592b3688b40f97533aff19e1b","ok","7,683","576","1024","576x1024","vertical","30","h264","aac","2","44100","1163343","1117246",""
"VIDEOS 2400-2700-20260730T124604Z-1-001.zip","2436","Chinelos Modelos Masculinos De Verão Da Moda Esportiva casual anti-odor Interior Derrapante Ao Ar Livre Sandálias De Praia Com Sentido De Merda","VIDEOS 2400-2700/VIDEO 2436/Chinelos Modelos Masculinos De Verão Da Moda Esportiva casual anti-odor Interior Derrapante Ao Ar Livre Sandálias De Praia Com Sentido De Merda.mp4","5ccda61d858fd2d7e31af9d048487947ffcbf80b1564ff8ad753196d15f00e42","ok","23,519","1080","1920","1080x1920","vertical","30","h264","aac","2","44100","2100190","6174298",""
"VIDEOS 2400-2700-20260730T124604Z-1-001.zip","2437","Caneca De Café De 3pcs Garrafa De Água Com Formato De Saco Copo Criativo","VIDEOS 2400-2700/VIDEO 2437/Caneca De Café De 3pcs Garrafa De Água Com Formato De Saco Copo Criativo.mp4","5ea4c34185eb52b499b3f4eaba4eed8188ba58e195f2416d1899da1776142201","ok","18,668","1080","1920","1080x1920","vertical","30","h264","aac","2","44100","2486703","5802723",""
"VIDEOS 2400-2700-20260730T124604Z-1-001.zip","2438","(Amarelo_Buble) Conjunto De Vassouras E Poeiras Ajustáveis Para Limpeza De Piso De Casa  Cozinha  Escritório","VIDEOS 2400-2700/VIDEO 2438/(Amarelo_Buble) Conjunto De Vassouras E Poeiras Ajustáveis Para Limpeza De Piso De Casa  Cozinha  Escritório.mp4","56952e3d2f692ac41748bac0e5e94a4bafe82cba48e91c19ece76fab02c0dd8e","ok","9,31","540","960","540x960","vertical","30","h264","aac","2","44100","1002298","1166425",""
"VIDEOS 2400-2700-20260730T124604Z-1-001.zip","2439","Guarda-Sol Cobertura De Malha Mosquiteiro Pátio Mesa Jardim","VIDEOS 2400-2700/VIDEO 2439/Guarda-Sol Cobertura De Malha Mosquiteiro Pátio Mesa Jardim.mp4","8a20410ad170bd7606de5445bddfc096dd521b93c8e3a259889b1f2909d64fcd","ok","10,564","1080","1920","1080x1920","vertical","30","h264","aac","2","44100","3002064","3964226",""
"VIDEOS 2400-2700-20260730T124604Z-1-001.zip","2440","Bolsa de viagem à prova d_água com grande capacidade marisa","VIDEOS 2400-2700/VIDEO 2440/Bolsa de viagem à prova d_água com grande capacidade marisa.mp4","8dd75124c29ab46e904ca74b5cafcbb45ce62a76bb15ecde79820fd32915d761","ok","41,934","540","960","540x960","vertical","30","h264","aac","2","44100","1752884","9188184",""
"VIDEOS 2400-2700-20260730T124604Z-1-001.zip","2441","Cofrinho De Porquinho Com Senha Digital Criativo Para Carro  Cofre De Porquinho  Dinheiro  Digital","VIDEOS 2400-2700/VIDEO 2441/Cofrinho De Porquinho Com Senha Digital Criativo Para Carro  Cofre De Porquinho  Dinheiro  Digital.mp4","219ba9925a83acf40f4f48f2df0133ffdc04a22900364f31bd0fb9f8d62f059f","ok","14,417","720","1280","720x1280","vertical","30","h264","aac","2","44100","956262","1723305",""
"VIDEOS 2400-2700-20260730T124604Z-1-001.zip","2442","Copo com suporte, alça e canudo prático Porta Pipoca Pote Kit Cinema","VIDEOS 2400-2700/VIDEO 2442/Copo com suporte, alça e canudo prático Porta Pipoca Pote Kit Cinema.mp4","a42c99f918fa33f9b5db15848bd146534d54dbc80f4c15f63bcfc9faca98ed8a","ok","15,51","720","1280","720x1280","vertical","30","h264","aac","2","44100","2052148","3978603",""
"VIDEOS 2400-2700-20260730T124604Z-1-001.zip","2443","Bucha Aba Fly C Anel Drywall Gesso + Parafuso 25 unid","VIDEOS 2400-2700/VIDEO 2443/Bucha Aba Fly C Anel Drywall Gesso + Parafuso 25 unid.mp4","c8d38c479ee5974677368a92f0a6c25722a4843db86591a582e4b5756b05ea4e","ok","9,38","720","1280","720x1280","vertical","30","h264","aac","2","44100","1389288","1628941",""
"VIDEOS 2400-2700-20260730T124604Z-1-001.zip","2444","Novas Orelhas De Puxar Coelho Pelúcia Porta-Chaves Macias Recheadas Pingente Presentes","VIDEOS 2400-2700/VIDEO 2444/Novas Orelhas De Puxar Coelho Pelúcia Porta-Chaves Macias Recheadas Pingente Presentes.mp4","656a04962c05c43609a71a1282857bcd287ec36f11e98c0bf9d12fb967a70d88","ok","9,194","1080","1920","1080x1920","vertical","30","h264","aac","2","44100","2486917","2858090",""
"VIDEOS 2400-2700-20260730T124604Z-1-001.zip","2445","Cola De Vedação Branca Para Furo De Parede Esgoto Doméstico Ar Condicionado Repelente De Óleo À Prova D_água Selo De Tubo","VIDEOS 2400-2700/VIDEO 2445/Cola De Vedação Branca Para Furo De Parede Esgoto Doméstico Ar Condicionado Repelente De Óleo À Prova D_água Selo De Tubo.mp4","0a2552e774cdcffa8aa04ebb585139bd2792b31507906152f095274e76a07a73","ok","16,067","574","1020","574x1020","vertical","30","h264","aac","2","44100","951875","1911723",""
"VIDEOS 2400-2700-20260730T124604Z-1-001.zip","2446","Sandálias Senhoras Chinelos De Cunha Calcanhar Soft Sole Leather Shoes","VIDEOS 2400-2700/VIDEO 2446/Sandálias Senhoras Chinelos De Cunha Calcanhar Soft Sole Leather Shoes.mp4","720dce48c9cc7af27ca4049c61f4a0edba5ce500f4cdf84271d950687136f15f","ok","9,727","576","1024","576x1024","vertical","30","h264","aac","2","44100","1492826","1815090",""
"VIDEOS 2400-2700-20260730T124604Z-1-001.zip","2447","Dispenser De Refrigerante Suco Agua Suporte Com Torneira","VIDEOS 2400-2700/VIDEO 2447/Dispenser De Refrigerante Suco Agua Suporte Com Torneira.mp4","1d7fc8582bbbe328ff6d8a117e0de9229702c0f3fda106d98b7d54317ff98f57","ok","8,659","720","1280","720x1280","vertical","30","h264","aac","2","44100","1705377","1845858",""
"VIDEOS 2400-2700-20260730T124604Z-1-001.zip","2448","Kit 20 Organizadores de sapato, saltos e tênis com regulagem de altura - Branco","VIDEOS 2400-2700/VIDEO 2448/Kit 20 Organizadores de sapato, saltos e tênis com regulagem de altura - Branco.mp4","68f293592af6ed37bb5bb53ef2518eac524b515df50d4bd3d953d3d5b5b7ac71","ok","18,132","1080","1920","1080x1920","vertical","30","h264","aac","2","44100","2802752","6352439",""
"VIDEOS 2400-2700-20260730T124604Z-1-001.zip","2449","Pipoqueira Elétrica carrinho retrô 110v ou 220v-Envio imediat","VIDEOS 2400-2700/VIDEO 2449/Pipoqueira Elétrica carrinho retrô 110v ou 220v-Envio imediat.mp4","29970f97dd6799548ee4c6c7466eda7e1f4918fbdab00fef1ec451c6732e81a9","ok","11,375","1080","1920","1080x1920","vertical","30","h264","aac","2","44100","2514345","3575085",""
"VIDEOS 2400-2700-20260730T124604Z-1-001.zip","2450","Mochila De Moda Feminina Natação Impermeável Praia Esportes Pequena Portátil Escolar","VIDEOS 2400-2700/VIDEO 2450/Mochila De Moda Feminina Natação Impermeável Praia Esportes Pequena Portátil Escolar.mp4","62d969a06b4194499ba0294aa7d59196eb9f7e4bbe987fa1c8924785183d3848","ok","11,261","720","1280","720x1280","vertical","30","h264","aac","2","44100","1632995","2298645",""
"VIDEOS 2400-2700-20260730T124604Z-1-001.zip","2451","Big Goose Cat Belly Latex Travesseiro Dormitório Estudantil De Algodão Com Memória De Ressalto Lento Proteção Do Pescoço Cervical","VIDEOS 2400-2700/VIDEO 2451/Big Goose Cat Belly Latex Travesseiro Dormitório Estudantil De Algodão Com Memória De Ressalto Lento Proteção Do Pescoço Cervical.mp4","248470c626d36166f1646d2542ae91e0418e2cd54952cccff1b05986e405880e","ok","20,315","720","1280","720x1280","vertical","30","h264","aac","2","44100","1983787","5037580",""
"VIDEOS 2400-2700-20260730T124604Z-1-001.zip","2452","Couro 2021 Novo Macho E Fêmea Par Pippen sneakers, Sapatos Da Moda Branco Todo Em Couro Para Queda E Inverno","VIDEOS 2400-2700/VIDEO 2452/Couro 2021 Novo Macho E Fêmea Par Pippen sneakers, Sapatos Da Moda Branco Todo Em Couro Para Queda E Inverno.mp4","cc106f84967262bfbf6ba373984eb783bdb7bc9a3614e1b87dfa00c40f76d255","ok","12,769","576","1024","576x1024","vertical","30","h264","aac","2","44100","1365915","2180172",""
"VIDEOS 2400-2700-20260730T124604Z-1-001.zip","2453","10 Peças  Adesivo De Parede De Tijolos 3D Autocolante 3D Papel , DIY Para Sala De Estar , Quarto , Encosto De Cozinha , Banheiro , Interior Home Wall Decor 30  30cm","VIDEOS 2400-2700/VIDEO 2453/10 Peças  Adesivo De Parede De Tijolos 3D Autocolante 3D Papel , DIY Para Sala De Estar , Quarto , Encosto De Cozinha , Banheiro , Interior Home Wall Decor 30  30cm.mp4","0046484e2efbc0c025b09f9837c3974c8bf42b73e8a510f259cf401d72b9dd37","ok","16,6","576","1024","576x1024","vertical","30","h264","aac","2","44100","977310","2027920",""
"VIDEOS 2400-2700-20260730T124604Z-1-001.zip","2454","Mulheres verão outono calças de algodão linho sólido elástico na cintura doces cores harem calças macias feminino senhora alta qualidade pant S-XXL","VIDEOS 2400-2700/VIDEO 2454/Mulheres verão outono calças de algodão linho sólido elástico na cintura doces cores harem calças macias feminino senhora alta qualidade pant S-XXL.mp4","93071ceabc6c54c983b560256da66fccc503a9ba3d8483efc3562450fc94b7d6","ok","10,611","720","1280","720x1280","vertical","30","h264","aac","2","44100","1908306","2531130",""
"VIDEOS 2400-2700-20260730T124604Z-1-001.zip","2455","Mini máquina de bolo Dash 110V","VIDEOS 2400-2700/VIDEO 2455/Mini máquina de bolo Dash 110V.mp4","7c07ed390f259cbfa6a3b61197ddb813104da6bad5f8a995bc294ed882136a1d","ok","28,419","720","900","720x900","vertical","30","h264","aac","2","44100","1560776","5544464",""
"VIDEOS 2400-2700-20260730T124604Z-1-001.zip","2456","Cabelo aplique tic tac blogueira feminina mega hair moda feminina fique linda em segundos tenha cabelos lindos e longos cropped blusa","VIDEOS 2400-2700/VIDEO 2456/Cabelo aplique tic tac blogueira feminina mega hair moda feminina fique linda em segundos tenha cabelos lindos e longos cropped blusa.mp4","80c0d377ca55347a224b12f1e413f8da83d41f29b3d9f00005e29bc4fab4db91","ok","13,697","576","1024","576x1024","vertical","30","h264","aac","2","44100","2126755","3641271",""
"VIDEOS 2400-2700-20260730T124604Z-1-001.zip","2457","Suporte Multifuncional Dobrável Sem Fio Para Tiro Ao Vivo 1,3 Metros","VIDEOS 2400-2700/VIDEO 2457/Suporte Multifuncional Dobrável Sem Fio Para Tiro Ao Vivo 1,3 Metros.mp4","50961460875794c26c76fc69e41299271d7dedb662f25945aca4b5ec1656a65d","ok","8,775","1080","1920","1080x1920","vertical","30","h264","aac","2","44100","2511678","2754997",""
"VIDEOS 2400-2700-20260730T124604Z-1-001.zip","2458","Conjunto De Torneira De Banheiro BidimÁgua","VIDEOS 2400-2700/VIDEO 2458/Conjunto De Torneira De Banheiro BidimÁgua.mp4","d9dcc03595004f3a9740591e9ad94d49a0a44e529e5bc1e50a81be501d1a0338","ok","41,794","1080","1920","1080x1920","vertical","30","h264","aac","2","44100","2168971","11331247",""
"VIDEOS 2400-2700-20260730T124604Z-1-001.zip","2459","Pendurar ele inteligente frio e quente de secagem rápida máquina de secagem do corpo doméstico banho secador de cabelo pele seca corpo anion","VIDEOS 2400-2700/VIDEO 2459/Pendurar ele inteligente frio e quente de secagem rápida máquina de secagem do corpo doméstico banho secador de cabelo pele seca corpo anion.mp4","d735df91f4f2e84060fe18cf8b1985da06cdfe38017f9ff67f32aaa161ab964c","ok","27,793","1080","1920","1080x1920","vertical","30","h264","aac","2","44100","2319110","8056881",""
"VIDEOS 2400-2700-20260730T124604Z-1-001.zip","2460","Fita Decorativa TILIBRA Estampada 5mm x 3m - Vários Modelos","VIDEOS 2400-2700/VIDEO 2460/Fita Decorativa TILIBRA Estampada 5mm x 3m - Vários Modelos.mp4","9ab917d448ae6dd62cd0ed08ce4b468251f2abeb812dea07c807b7c5fdbd38b9","ok","6,801","1080","1920","1080x1920","vertical","30","h264","aac","2","44100","1713223","1456454",""
"VIDEOS 2400-2700-20260730T124604Z-1-001.zip","2461","Faca Cartão Lamina Dobrável Afiada Dobrável Credito Carteira Canivete Multiuso Gadgets","VIDEOS 2400-2700/VIDEO 2461/Faca Cartão Lamina Dobrável Afiada Dobrável Credito Carteira Canivete Multiuso Gadgets.mp4","5a0dde4e07c21228553634e9dfe4526be599e28e55a744ee97060b0e91dafa61","ok","16,391","720","1280","720x1280","vertical","30","h264","aac","2","44100","2594985","5316801",""
"VIDEOS 2400-2700-20260730T124604Z-1-001.zip","2462","Brilha no Escuro Tampa de válvula pneu carro moto bicicleta","VIDEOS 2400-2700/VIDEO 2462/Brilha no Escuro Tampa de válvula pneu carro moto bicicleta.mp4","ee6e2f9da21e1a3294098ac914747c6838e84137c2cb7b24b041b54fe58821c4","ok","12,072","1080","1920","1080x1920","vertical","30","h264","aac","2","44100","1863903","2812631",""
"VIDEOS 2400-2700-20260730T124604Z-1-001.zip","2463","T9 Aparador De Cabelo Elétrico Sem Fio Navalha Homem Barbeador","VIDEOS 2400-2700/VIDEO 2463/T9 Aparador De Cabelo Elétrico Sem Fio Navalha Homem Barbeador.mp4","49a2ca26e518c1444a20581e5f4b54e32af4c2aeae118884e13bd0cc5a2fb21e","ok","32,691","720","1280","720x1280","vertical","30","h264","aac","2","44100","2049412","8374667",""
"VIDEOS 2400-2700-20260730T124604Z-1-001.zip","2464","Graça_sz Caneca De Café Usb  Aquecedor De Chá  Leite De Cerâmica Almofada Quente","VIDEOS 2400-2700/VIDEO 2464/Graça_sz Caneca De Café Usb  Aquecedor De Chá  Leite De Cerâmica Almofada Quente.mp4","35f9804b5c80326b073b6807dfc430f08e0471f2a154e52c2db7f99d52a72a18","ok","12,444","576","1024","576x1024","vertical","30","h264","aac","2","44100","1202559","1870582",""
"VIDEOS 2400-2700-20260730T124604Z-1-001.zip","2465","Kit De Pasta De Reparo De Azulejos Cola Acrílica Mágica Soldagem , Ranhuras Adesivas De Secagem Rápida Para Furos , Gouges , Porcelana , Acrílico","VIDEOS 2400-2700/VIDEO 2465/Kit De Pasta De Reparo De Azulejos Cola Acrílica Mágica Soldagem , Ranhuras Adesivas De Secagem Rápida Para Furos , Gouges , Porcelana , Acrílico.mp4","3028d0a498ce8a66c5949282e8b6d8f30eb8db1c14d59ec1cdd301ecd1119d87","ok","13,094","576","1024","576x1024","vertical","30","h264","aac","2","44100","937348","1534205",""
"VIDEOS 2400-2700-20260730T124604Z-1-001.zip","2466","Rolo Textura Borracha Decorativa C Suporte Vários Modelos - Compel","VIDEOS 2400-2700/VIDEO 2466/Rolo Textura Borracha Decorativa C Suporte Vários Modelos - Compel.mp4","30e056456c06ecff5534ad28c0c14c0d06ee8a51c15507a941ad020660b18e1c","ok","15,137","576","1024","576x1024","vertical","30","h264","aac","2","44100","2931008","5545834",""
"VIDEOS 2400-2700-20260730T124604Z-1-001.zip","2467","Adesivos De Chão De PVCResistente A UmidadeÀ Prova De Impermeável Para Decoração De PisoInterior 20x20cm","VIDEOS 2400-2700/VIDEO 2467/Adesivos De Chão De PVCResistente A UmidadeÀ Prova De Impermeável Para Decoração De PisoInterior 20x20cm.mp4","7780a6146a1bf7982128c2530573b6fc37986c5f6db7073d982802404e981e50","ok","12,327","576","1024","576x1024","vertical","30","h264","aac","2","44100","1519038","2340649",""
"VIDEOS 2400-2700-20260730T124604Z-1-001.zip","2468","Latão De Alta Pressão Lavagem Do Carro Ajustável Reta Lidar Com Mangueira Bico Ferramenta De Jardim Torneira Acessórios Para Casa","VIDEOS 2400-2700/VIDEO 2468/Latão De Alta Pressão Lavagem Do Carro Ajustável Reta Lidar Com Mangueira Bico Ferramenta De Jardim Torneira Acessórios Para Casa.mp4","4696d36dc4f4e058343c685d994c5a9563eec8371833bcf85b0957f1cb9a2161","ok","22,266","576","1024","576x1024","vertical","30","h264","aac","2","44100","2118275","5895689",""
"VIDEOS 2400-2700-20260730T124604Z-1-001.zip","2469","1PÇ Ganchos Para Roupas Cabide Mágico 1 Furos Roupa Organizador Multi-Dobrável ConexãO Para Cabides","VIDEOS 2400-2700/VIDEO 2469/1PÇ Ganchos Para Roupas Cabide Mágico 1 Furos Roupa Organizador Multi-Dobrável ConexãO Para Cabides.mp4","2674ea8a7dd8e63e5466c3333bd47fe8c1062bba76f15298394807209d19d80c","ok","13,535","1080","1920","1080x1920","vertical","30","h264","aac","2","44100","2145285","3629555",""
"VIDEOS 2400-2700-20260730T124604Z-1-001.zip","2470","360 graus universal tipo vertical pia com kit de tubo de transbordamento bacia conjunto de resíduos dissipador filtro disposer dreno mangueira de plástico","VIDEOS 2400-2700/VIDEO 2470/360 graus universal tipo vertical pia com kit de tubo de transbordamento bacia conjunto de resíduos dissipador filtro disposer dreno mangueira de plástico.mp4","407d9a4796652bef40c3c028d6c61c622ef1aa6b474a2aac934801e1d0e18d1f","ok","44,116","1080","1920","1080x1920","vertical","30","h264","aac","2","44100","2369838","13068474",""
"VIDEOS 2400-2700-20260730T124604Z-1-001.zip","2471","(WTED) 1 Conjunto De Brincos Mostruário Caixa Em Forma De Cabide Acrílico Suporte Para De Mesa","VIDEOS 2400-2700/VIDEO 2471/(WTED) 1 Conjunto De Brincos Mostruário Caixa Em Forma De Cabide Acrílico Suporte Para De Mesa.mp4","17e0d18593ef72d90550eae84373cc0afc7c1ade42804082880fe017e5d6a26a","ok","16,321","720","1280","720x1280","vertical","30","h264","aac","2","44100","1663812","3394386",""
"VIDEOS 2400-2700-20260730T124604Z-1-001.zip","2472","Luvas De Limpeza De Pó Em Escala De Peixe 1020pcs Fibra De Cozinha Reutilizáveis Ferramentas","VIDEOS 2400-2700/VIDEO 2472/Luvas De Limpeza De Pó Em Escala De Peixe 1020pcs Fibra De Cozinha Reutilizáveis Ferramentas.mp4","849d6335c2530cd4eb2503fd2d939ddb1b02d9e72c8f1051edb953b715230d50","ok","12,235","720","1280","720x1280","vertical","30","h264","aac","2","44100","1597684","2443459",""
"VIDEOS 2400-2700-20260730T124604Z-1-001.zip","2473","Tapetes 3D Butterfly Print Floor Grandes Área Para Sala De Estar Quarto De Dormitório Moda","VIDEOS 2400-2700/VIDEO 2473/Tapetes 3D Butterfly Print Floor Grandes Área Para Sala De Estar Quarto De Dormitório Moda.mp4","1fcc93971773833244e20f17eec6302208a7e134150d91c0addee70e4a14d590","ok","22,985","576","1024","576x1024","vertical","30","h264","aac","2","44100","1508051","4332821",""
"VIDEOS 2400-2700-20260730T124604Z-1-001.zip","2474","6 Camadas Fralda De Bebê À Prova D _Água Reutilizável Pano Fraldas De Algodão Bebê Calças De Treinamento","VIDEOS 2400-2700/VIDEO 2474/6 Camadas Fralda De Bebê À Prova D _Água Reutilizável Pano Fraldas De Algodão Bebê Calças De Treinamento.mp4","4ab5b6227f50b992c802e293fefeae4690f29e953163d89692300cf5def2de66","ok","15,207","576","1024","576x1024","vertical","30","h264","aac","2","44100","1477415","2808382",""
"VIDEOS 2400-2700-20260730T124604Z-1-001.zip","2475","Estimulador de Colágeno Natural Anti Rugas Para Rosto Silicone Adesivo Pad Muy Bela Botox Natural Para Testa Bigode Chinês Pé de Galinha","VIDEOS 2400-2700/VIDEO 2475/Estimulador de Colágeno Natural Anti Rugas Para Rosto Silicone Adesivo Pad Muy Bela Botox Natural Para Testa Bigode Chinês Pé de Galinha.mp4","5fe04c772d47ae27c7b13d2adccfc109eaa69a4f252857479b3c2685a4f88554","ok","19,318","1080","1920","1080x1920","vertical","30","h264","aac","2","44100","1985644","4794835",""
"VIDEOS 2400-2700-20260730T124604Z-1-001.zip","2476","Vaso de escova criativo artefato de lavagem doméstica escova de cozinha antiaderente escova de lavar louça de óleo escova multifuncional mais escova de lavagem de líquido","VIDEOS 2400-2700/VIDEO 2476/Vaso de escova criativo artefato de lavagem doméstica escova de cozinha antiaderente escova de lavar louça de óleo escova multifuncional mais escova de lavagem de líquido.mp4","62a83c0d9c122158a5a0bbf02fcfa924d2341de7dd49a5ea50b3b60ca5b077e5","ok","15,858","1080","1920","1080x1920","vertical","30","h264","aac","2","44100","3108918","6162654",""
"VIDEOS 2400-2700-20260730T124604Z-1-001.zip","2477","1 Espelhos para Retrovisor Convexo Auxiliar Carro e Moto carro projetando-se da zona cega auxiliar do motor externo de 5 cm de centro universal alvo","VIDEOS 2400-2700/VIDEO 2477/1 Espelhos para Retrovisor Convexo Auxiliar Carro e Moto carro projetando-se da zona cega auxiliar do motor externo de 5 cm de centro universal alvo.mp4","02dcf032c948f5f25068d7dae5f67368efcc1b7c52236889719d55b835dc6b80","ok","17,902","720","1280","720x1280","vertical","30","h264","aac","2","44100","1747422","3910294",""
"VIDEOS 2400-2700-20260730T124604Z-1-001.zip","2478","Colete Corretor Real Doctors Magnético Alívio de dores costas cervical ombros ajustável Cinta Postura Coluna Lombar","VIDEOS 2400-2700/VIDEO 2478/Colete Corretor Real Doctors Magnético Alívio de dores costas cervical ombros ajustável Cinta Postura Coluna Lombar.mp4","3e9dc53ccef1290b313a61173389b24b6bbd368d5dcdcc059e57894d11972b4c","ok","11,166","1080","1920","1080x1920","vertical","30","h264","aac","2","44100","2650169","3698974",""
"VIDEOS 2400-2700-20260730T124604Z-1-001.zip","2479","4 Pcs Ip65 4 À Prova D _Água Solar Powered Ground Light Para Caminho Do Jardim 8 Luzes Led Deck Solar Luz Para Casa Ao Ar Livre Quintal Gramado Estrada","VIDEOS 2400-2700/VIDEO 2479/4 Pcs Ip65 4 À Prova D _Água Solar Powered Ground Light Para Caminho Do Jardim 8 Luzes Led Deck Solar Luz Para Casa Ao Ar Livre Quintal Gramado Estrada.mp4","89da0da5e00ad9e449fc917d3bffccd7038e1b902746ebf4d1e95ae32899448f","ok","9,984","720","1280","720x1280","vertical","30","h264","aac","2","44100","2125037","2652047",""
"VIDEOS 2400-2700-20260730T124604Z-1-001.zip","2480","12Pcs Cozinha Saco De Alimentos À Prova De Umidade Clipes De Vedação De Conservação FrescaBatatas Fritas Em Forma De Lanche Grampo Armazenamento","VIDEOS 2400-2700/VIDEO 2480/12Pcs Cozinha Saco De Alimentos À Prova De Umidade Clipes De Vedação De Conservação FrescaBatatas Fritas Em Forma De Lanche Grampo Armazenamento.mp4","5533f3e22b7fd622cd8c9ad292c2862a81f04a666637c12a2e326cf80cfdd671","ok","17,459","1080","1920","1080x1920","vertical","30","h264","aac","2","44100","1772413","3868071",""
"VIDEOS 2400-2700-20260730T124604Z-1-001.zip","2481","Película Insulfilm Prata Espelhada Poliéster profissional","VIDEOS 2400-2700/VIDEO 2481/Película Insulfilm Prata Espelhada Poliéster profissional.mp4","790e2c99a787fdb4271995aae93b21b47a637ee1a8563f212e62af4afdca9c93","ok","11,981","1080","1920","1080x1920","vertical","30","h264","aac","2","44100","3018994","4521322",""
"VIDEOS 2400-2700-20260730T124604Z-1-001.zip","2482","【Ready Stock】Lanterna Led Removedor De Cera","VIDEOS 2400-2700/VIDEO 2482/【Ready Stock】Lanterna Led Removedor De Cera.mp4","7560a8b44b573d83e17e513426c24ab953acc4f6d7664c82ad8d5085a0c1dd1c","ok","14,115","1080","1920","1080x1920","vertical","30","h264","aac","2","44100","1359937","2399440",""
"VIDEOS 2400-2700-20260730T124604Z-1-001.zip","2483","Motocicleta Elétrica Infantil Carro Elétrico de Três Rodas 1-6 Anos de Idade Carro de Brinquedo Infantil Com Música Kids Ride-On Toys Scooter","VIDEOS 2400-2700/VIDEO 2483/Motocicleta Elétrica Infantil Carro Elétrico de Três Rodas 1-6 Anos de Idade Carro de Brinquedo Infantil Com Música Kids Ride-On Toys Scooter.mp4","f6b82303078a63a10ad37c35579f6f0422c0f1cf1a9f423e6aa3aeeb5a649499","ok","7,916","576","1024","576x1024","vertical","30","h264","aac","2","44100","2624897","2597336",""
"VIDEOS 2400-2700-20260730T124604Z-1-001.zip","2484","Descascador Multifuncional Automático De Frutas Para Descascar Ferramenta","VIDEOS 2400-2700/VIDEO 2484/Descascador Multifuncional Automático De Frutas Para Descascar Ferramenta.mp4","6b0467d4b061e3e30454ad81bdf018e6a7952facbe700ee50ded70833a3d1f63","ok","12,213","1080","1920","1080x1920","vertical","30","h264","aac","2","44100","2174929","3320301",""
"VIDEOS 2400-2700-20260730T124604Z-1-001.zip","2485","Influenciador Mesmo EstiloDobrávelSem Fundo MosquiteiroCapa Portátil Para EstudanteSuspenso InferiorSimples Instalação","VIDEOS 2400-2700/VIDEO 2485/Influenciador Mesmo EstiloDobrávelSem Fundo MosquiteiroCapa Portátil Para EstudanteSuspenso InferiorSimples Instalação.mp4","88cdcb50f1bf99e0b249b1c569dd6aae4ecd5a7196e6bfccbb708701a48dde78","ok","12,352","1080","1920","1080x1920","vertical","30","h264","aac","2","44100","1901691","2936212",""
"VIDEOS 2400-2700-20260730T124604Z-1-001.zip","2486","Teak 2  10pcs Inferior Kit Caixa De Junção 86  118  120 Tipo De Montagem Da Parede Caixa De Reparo Pólo Cassete Reparação De Danos Escuros","VIDEOS 2400-2700/VIDEO 2486/Teak 2  10pcs Inferior Kit Caixa De Junção 86  118  120 Tipo De Montagem Da Parede Caixa De Reparo Pólo Cassete Reparação De Danos Escuros.mp4","7bdebfa082ee74b9723fa86f0a3d6e9faaca868658a207e705fbf0c6b207e6ea","ok","10,423","574","1020","574x1020","vertical","30","h264","aac","2","44100","879990","1146518",""
"VIDEOS 2400-2700-20260730T124604Z-1-001.zip","2487","Molde de Para Picolé Frutas Forma Vara Tradicional Em Silicone Verão Picolé Fabricantes. MEGA OFERTA","VIDEOS 2400-2700/VIDEO 2487/Molde de Para Picolé Frutas Forma Vara Tradicional Em Silicone Verão Picolé Fabricantes. MEGA OFERTA.mp4","cb890aeee825f2fd1a69f7335424ddd29d0038e96b3468dc4b0daec5d2415d35","ok","10,957","1080","1920","1080x1920","vertical","30","h264","aac","2","44100","2750301","3766882",""
"VIDEOS 2400-2700-20260730T124604Z-1-001.zip","2488","Bolsa Carteira Feminina Porta Celular Transversal C Fecho","VIDEOS 2400-2700/VIDEO 2488/Bolsa Carteira Feminina Porta Celular Transversal C Fecho.mp4","ca38928c10122526b561bd3a40c4ff3a40c5e62f4d42782c838c2d6aada0960f","ok","12,861","576","1024","576x1024","vertical","30","h264","aac","2","44100","1430055","2298993",""
"VIDEOS 2400-2700-20260730T124604Z-1-001.zip","2489","COZINHA Tampa De Furo Reservado Prático Exterior Separável Painel Snap-on Capas Decorativas De Arame De Parede","VIDEOS 2400-2700/VIDEO 2489/COZINHA Tampa De Furo Reservado Prático Exterior Separável Painel Snap-on Capas Decorativas De Arame De Parede.mp4","ae6348203c979f5d6c37004a4d4c88b26c05bb3575b3fcb555e1f505c52a72b8","ok","8,589","1080","1920","1080x1920","vertical","30","h264","aac","2","44100","1929233","2071273",""
"VIDEOS 2400-2700-20260730T124604Z-1-001.zip","2490","36Pcs Fita Adesiva Sem Medo Feminina De Dupla Face Para Roupas E CorpoCor Transparente Todas As Sombras De Pele","VIDEOS 2400-2700/VIDEO 2490/36Pcs Fita Adesiva Sem Medo Feminina De Dupla Face Para Roupas E CorpoCor Transparente Todas As Sombras De Pele.mp4","47271d10000e7e2ec8ec4b80af2e50dceb13eaaef3d4052caaf4642094086c78","ok","14,487","720","1280","720x1280","vertical","30","h264","aac","2","44100","1884827","3413187",""
"VIDEOS 2400-2700-20260730T124604Z-1-001.zip","2491","Potes Hermético Organizador De Acrílico Com Trava Para Cozinha Importado","VIDEOS 2400-2700/VIDEO 2491/Potes Hermético Organizador De Acrílico Com Trava Para Cozinha Importado.mp4","0a1b7dce83353426a9f7648a9dc1aa04c72e0a9534d5a6a6988972b7c07763e6","ok","32,461","1080","1920","1080x1920","vertical","30","h264","aac","2","44100","2759600","11197425",""
"VIDEOS 2400-2700-20260730T124604Z-1-001.zip","2492","lotsofgood-Rede De Lona Portátil Conveniente Para O Exterior Sem Suporte Multi-Funcional Prática De Camping Swing Sleep","VIDEOS 2400-2700/VIDEO 2492/lotsofgood-Rede De Lona Portátil Conveniente Para O Exterior Sem Suporte Multi-Funcional Prática De Camping Swing Sleep.mp4","3d5a0be3b9ac186722e455cf8217b9260f8a9fd896b5b783c9cbbf1e3a65d360","ok","10,423","576","1024","576x1024","vertical","30","h264","aac","2","44100","1960666","2554504",""
"VIDEOS 2400-2700-20260730T124604Z-1-001.zip","2493","Removedor Espatula Raspador de Silicone e Rejuntes Calafetagem Argamassa 3 em 1 Com Almofadas Intercambiáveis","VIDEOS 2400-2700/VIDEO 2493/Removedor Espatula Raspador de Silicone e Rejuntes Calafetagem Argamassa 3 em 1 Com Almofadas Intercambiáveis.mp4","aa5e4c5ea9ded5989bea3c34ec6b17d73d4e59394610d7d900538d9bd1ab4d39","ok","6,894","720","1280","720x1280","vertical","30","h264","aac","2","44100","1109421","956044",""
"VIDEOS 2400-2700-20260730T124604Z-1-001.zip","2494","Divirta a Criançada com a Tampa de Pasta de dente Pensador - Imagine a Surpresa no Banheiro - Pasta Dental","VIDEOS 2400-2700/VIDEO 2494/Divirta a Criançada com a Tampa de Pasta de dente Pensador - Imagine a Surpresa no Banheiro - Pasta Dental.mp4","abb640785584a06c080251332650a2f0b5bbf7ad1ceacb9c03e7ba2428d44e24","ok","11,306","1080","1920","1080x1920","vertical","30","h264","aac","2","44100","1161676","1641739",""
"VIDEOS 2400-2700-20260730T124604Z-1-001.zip","2495","Ajuda Auto-Resgate Puxador De Roda De Pneus Plano Impulsor Grande Reboque Elétrico De Emergência Traile Com 5 Rodas Para Motocicleta Ebike Personalizar","VIDEOS 2400-2700/VIDEO 2495/Ajuda Auto-Resgate Puxador De Roda De Pneus Plano Impulsor Grande Reboque Elétrico De Emergência Traile Com 5 Rodas Para Motocicleta Ebike Personalizar.mp4","667a37a235c8c0341fe1ea2c3809fa2c171e13f743586e09ec4a76efc7f546b3","ok","9,959","720","1280","720x1280","vertical","30","h264","aac","2","44100","2660177","3311588",""
"VIDEOS 2400-2700-20260730T124604Z-1-001.zip","2496","12H Timing 3 Engrenagem Controle Remoto Ventilador Elétrico 220V50Hz UEKR Plug 2In1 TabelaPiso Ventilador 60W 8 Palavras Agitar Máquina de Ventilação","VIDEOS 2400-2700/VIDEO 2496/12H Timing 3 Engrenagem Controle Remoto Ventilador Elétrico 220V50Hz UEKR Plug 2In1 TabelaPiso Ventilador 60W 8 Palavras Agitar Máquina de Ventilação.mp4","8ae5c2fa0131316e3d5a103a82fe3fe6eb3c221c0974ff229711734b765c236c","ok","43,42","1080","1920","1080x1920","vertical","30","h264","aac","2","44100","2893296","15703365",""
"VIDEOS 2400-2700-20260730T124604Z-1-001.zip","2497","Mop Limpador Multiuso Spin & Go Pro Polishop","VIDEOS 2400-2700/VIDEO 2497/Mop Limpador Multiuso Spin & Go Pro Polishop.mp4","a68e040229a71bc158bc683396d415dfa81edfa200e4a33a79ad1f4e3911f552","ok","12,745","576","1024","576x1024","vertical","30","h264","aac","2","44100","1596334","2543160",""
"VIDEOS 2400-2700-20260730T124604Z-1-001.zip","2498","Cortador Fatiador Mandoline Multifuncional 5 Funções para Cortar Batata Legumes e Vegetais Food Chopper Inovador","VIDEOS 2400-2700/VIDEO 2498/Cortador Fatiador Mandoline Multifuncional 5 Funções para Cortar Batata Legumes e Vegetais Food Chopper Inovador.mp4","6bdd1f75af866e9230895693611f0a881f4e598be8c1f4b4c2a2d5f5e1a9c12c","ok","8,242","1080","1920","1080x1920","vertical","30","h264","aac","2","44100","3643368","3753580",""
"VIDEOS 2400-2700-20260730T124604Z-1-001.zip","2499","Defender Series Case iPhone 12 Pro Max Mini 11 pro Max XR X XS Max 7 8 Plus Otterbox Case","VIDEOS 2400-2700/VIDEO 2499/Defender Series Case iPhone 12 Pro Max Mini 11 pro Max XR X XS Max 7 8 Plus Otterbox Case.mp4","a12a8a266504d83d668eff62be2fcc2bc6e831221542492e004d9eb3a606d5ff","ok","12,397","1080","1920","1080x1920","vertical","30","h264","aac","2","44100","3893159","6032937",""
"VIDEOS 2400-2700-20260730T124604Z-1-001.zip","2500","Moinho De Vento Em Forma De Aromaterapia Solar Rotativa Perfume De Ar Condicionado Para Carros","VIDEOS 2400-2700/VIDEO 2500/Moinho De Vento Em Forma De Aromaterapia Solar Rotativa Perfume De Ar Condicionado Para Carros.mp4","3ad35f2980df62177045c8bb91ffaa1950168d05eedc25ad6aab5939258c494f","ok","9,194","1080","1920","1080x1920","vertical","30","h264","aac","2","44100","3522802","4048581",""
"VIDEOS 2400-2700-20260730T124604Z-1-001.zip","2539","Pijamas femininos M-5XL Primavera e verão Sexy coreana de seda gelada mangas compridas mais medidas outono e inverno Sed","VIDEOS 2400-2700/VIDEO 2539/Pijamas femininos M-5XL Primavera e verão Sexy coreana de seda gelada mangas compridas mais medidas outono e inverno Sed.mp4","20818bd49063d5c5e6df175a1c2a1a36d41ea90b9e479dcd3dca2b5d142a29b5","ok","15,183","1080","1920","1080x1920","vertical","30","h264","aac","2","44100","2637299","5005265",""
"VIDEOS 2400-2700-20260730T124604Z-1-001.zip","2540","Ultra Mini GF-07 Dispositivo De Rastreamento Com Rastreador GPS De Carro GSMGPRSAntiperda GF07 Anti-Roubodevice Perda","VIDEOS 2400-2700/VIDEO 2540/Ultra Mini GF-07 Dispositivo De Rastreamento Com Rastreador GPS De Carro GSMGPRSAntiperda GF07 Anti-Roubodevice Perda.mp4","da143c04c8b0b14b12f70af6b2f1c0141c9cab395e29a69506f285b1a7785ab3","ok","9,518","720","1280","720x1280","vertical","30","h264","aac","2","44100","1673413","1990944",""
"VIDEOS 2400-2700-20260730T124604Z-1-001.zip","2541","Mini Lavatório Antiderrapante Conveniente Meias Íntimas Lavadoras Dormitório Lavagem De Viagem Roupa Íntima De Lavar Ferramentas De Banheiro Acessórios","VIDEOS 2400-2700/VIDEO 2541/Mini Lavatório Antiderrapante Conveniente Meias Íntimas Lavadoras Dormitório Lavagem De Viagem Roupa Íntima De Lavar Ferramentas De Banheiro Acessórios.mp4","b918bae3bb6f577143d9c125d20e75bb654395bb9187b37d4553042f4450d0f5","ok","6,522","720","1280","720x1280","vertical","30","h264","aac","2","44100","1456028","1187027",""
"VIDEOS 2400-2700-20260730T124604Z-1-001.zip","2542","Suporte Organizador Cozinha Banheiro Plástico Com Adesivo face","VIDEOS 2400-2700/VIDEO 2542/Suporte Organizador Cozinha Banheiro Plástico Com Adesivo face.mp4","e8418453339970f9d3775dcb1e4062db4ddd76801de55fe04c9e637e39ddee2a","ok","10,145","480","854","480x854","vertical","30","h264","aac","2","44100","916689","1162477",""
"VIDEOS 2400-2700-20260730T124604Z-1-001.zip","2543","Polvo do Humor Reversível Gigante 70cm Feliz e Bravo","VIDEOS 2400-2700/VIDEO 2543/Polvo do Humor Reversível Gigante 70cm Feliz e Bravo.mp4","9c35ebe75a4ad6c1217cc19992b00638b43a2b8d3611bcd4806cefa1649609ca","ok","8,891","720","1280","720x1280","vertical","30","h264","aac","2","44100","2742530","3047980",""
"VIDEOS 2400-2700-20260730T124604Z-1-001.zip","2544","110V 220V Máquina De Cozimento Elétrica Multifuncional 1.7L Panela Inteligente De 1.7L","VIDEOS 2400-2700/VIDEO 2544/110V 220V Máquina De Cozimento Elétrica Multifuncional 1.7L Panela Inteligente De 1.7L.mp4","be6a3d64fabdd0cad9a2f2db891bf79d397f913620bf1289a5876b5a81ae1784","ok","14,231","576","1024","576x1024","vertical","30","h264","aac","2","44100","980299","1743830",""
"VIDEOS 2400-2700-20260730T124604Z-1-001.zip","2545","Cabo Supercalla Usa Ímãs e Elimina Emaranhado para iphone, V8, Tipo-C Android","VIDEOS 2400-2700/VIDEO 2545/Cabo Supercalla Usa Ímãs e Elimina Emaranhado para iphone, V8, Tipo-C Android.mp4","7d4f1b0f6e1168942d916ca6e2122f30d954fb1b65432298c0d9b277de5566f5","ok","7,173","720","1280","720x1280","vertical","30","h264","aac","2","44100","1896201","1700182",""
"VIDEOS 2400-2700-20260730T124604Z-1-001.zip","2546","Heflash gudeso Controlador De Vídeo De Argamento Bluetooth Clicker Acionador Remoto Para Smartphones","VIDEOS 2400-2700/VIDEO 2546/Heflash gudeso Controlador De Vídeo De Argamento Bluetooth Clicker Acionador Remoto Para Smartphones.mp4","d1bab1c3cb7d77236094b121e470e2e9e556f4ff21e5881fd8db2f4da261a86d","ok","8,125","720","1280","720x1280","vertical","30","h264","aac","2","44100","981460","996796",""
"VIDEOS 2400-2700-20260730T124604Z-1-001.zip","2547","Protetor De Cabo Carregador Fio USB Universal Serve Para Todos Os Tipos De Celulares Com Vários Modelos De Bichinhos","VIDEOS 2400-2700/VIDEO 2547/Protetor De Cabo Carregador Fio USB Universal Serve Para Todos Os Tipos De Celulares Com Vários Modelos De Bichinhos.mp4","4c55e7e78721c763e97a9f7e6ab1e8335a329f8ab9162bee1b65d5af65275e35","ok","7,033","720","1280","720x1280","vertical","30","h264","aac","2","44100","1543893","1357275",""
"VIDEOS 2400-2700-20260730T124604Z-1-001.zip","2548","Escorredor 2 em 1 Duplo com cesta de Drenagem de Alimentos, Massas, Alimentos, Verduras, Multiuso Prático e Resistente","VIDEOS 2400-2700/VIDEO 2548/Escorredor 2 em 1 Duplo com cesta de Drenagem de Alimentos, Massas, Alimentos, Verduras, Multiuso Prático e Resistente.mp4","6f9144ba695b648af6f44bc359dd1769adaddfe975c99f237616ba2a07036fca","ok","15,927","720","1280","720x1280","vertical","30","h264","aac","2","44100","2347183","4672949",""
"VIDEOS 2400-2700-20260730T124604Z-1-001.zip","2549","Organizador De Calça JeansOrganizador De Guarda Roupa ArrumadosSeparador De Roupa","VIDEOS 2400-2700/VIDEO 2549/Organizador De Calça JeansOrganizador De Guarda Roupa ArrumadosSeparador De Roupa.mp4","da34946d153e28ca407ba2965f90a3aa25618b7396b804d8ec56917021d8ae9b","ok","11,979","720","1280","720x1280","vertical","30","h264","aac","2","44100","2553647","3823768",""
"VIDEOS 2400-2700-20260730T124604Z-1-001.zip","2550","Plástico Criativo Moderno Cesta De Frutas Secas, Prato De Frutas De 3 Camadas, Prato De Doces, Sala De Estar, Lanche Em Casa","VIDEOS 2400-2700/VIDEO 2550/Plástico Criativo Moderno Cesta De Frutas Secas, Prato De Frutas De 3 Camadas, Prato De Doces, Sala De Estar, Lanche Em Casa.mp4","b3d9a51c41b94805119961b6147b24c98642d63b266410901116f17f521a5d5f","ok","9,077","720","1280","720x1280","vertical","30","h264","aac","2","44100","1318145","1495601",""
"VIDEOS 2400-2700-20260730T124604Z-1-001.zip","2551","[Flourishroly2] Prateleira Flutuante Invisível Para Serviço Pesado Montada Na Parede A Biblioteca Do Quarto","VIDEOS 2400-2700/VIDEO 2551/[Flourishroly2] Prateleira Flutuante Invisível Para Serviço Pesado Montada Na Parede A Biblioteca Do Quarto.mp4","536f356c02aabb6d43bde56b9634d8768d2873f1166cc3260d5ca0f4c892625e","ok","14,696","720","1280","720x1280","vertical","30","h264","aac","2","44100","1409193","2588688",""
"VIDEOS 2400-2700-20260730T124604Z-1-001.zip","2552","Kit Aspirador para Pet Grooming, 3 Nível de Sucção, Pet Clipper para Cão e Gato, P1Pro","VIDEOS 2400-2700/VIDEO 2552/Kit Aspirador para Pet Grooming, 3 Nível de Sucção, Pet Clipper para Cão e Gato, P1Pro.mp4","7156c4c28b2c34be42309176089301329d0550883ad976b70f51ae3b9848caae","ok","17,227","720","1280","720x1280","vertical","30","h264","aac","2","44100","2024896","4360362",""
"VIDEOS 2400-2700-20260730T124604Z-1-001.zip","2553","Toalha De Mesa De Couro À Prova D_água De Óleo Anti Queimadura Descartável Tapete Retangular Nórdico Leve De Luxo Alto Nível Café","VIDEOS 2400-2700/VIDEO 2553/Toalha De Mesa De Couro À Prova D_água De Óleo Anti Queimadura Descartável Tapete Retangular Nórdico Leve De Luxo Alto Nível Café.mp4","9af672038694c8c9119661b99fdb73b3fb853725e040266ac01b0bcd41caa354","ok","10,331","720","1280","720x1280","vertical","30","h264","aac","2","44100","1572791","2031064",""
"VIDEOS 2400-2700-20260730T124604Z-1-001.zip","2554","Tampa Protetora Alimentos Para Micro-ondas Plástico Com Alça","VIDEOS 2400-2700/VIDEO 2554/Tampa Protetora Alimentos Para Micro-ondas Plástico Com Alça.mp4","d42a2fda47d24bfc71e4bc795ef80c0d4bac04e658b52d4b1b441e906ac4c63e","ok","13,143","720","1280","720x1280","vertical","30","h264","aac","2","44100","1331427","2187369",""
"VIDEOS 2400-2700-20260730T124604Z-1-001.zip","2555","Aparador De Unha Elétrica Bebê Cortador Lixa Unha Azul Rosa","VIDEOS 2400-2700/VIDEO 2555/Aparador De Unha Elétrica Bebê Cortador Lixa Unha Azul Rosa.mp4","1a8470710f3e667c8b1b4c4ba153fa3b3da1ae0113d0f30f3386350ab699aa00","ok","7,126","720","1280","720x1280","vertical","30","h264","aac","2","44100","1406505","1252845",""
"VIDEOS 2400-2700-20260730T124604Z-1-001.zip","2556","Bebird R1 Visual Inteligente Varas De Orelha Endoscópio 300 W Alta Precisão Earpick Mini Câmera Otoscópio Cuidados De Saúde Ouvido Limpo","VIDEOS 2400-2700/VIDEO 2556/Bebird R1 Visual Inteligente Varas De Orelha Endoscópio 300 W Alta Precisão Earpick Mini Câmera Otoscópio Cuidados De Saúde Ouvido Limpo.mp4","43f4ea4127c72b4689bc9532c3608fe8272935bcd25b816b3dad9ebb92548af0","ok","29,696","720","1280","720x1280","vertical","30","h264","aac","2","44100","1194054","4432330",""
"VIDEOS 2400-2700-20260730T124604Z-1-001.zip","2557","Microfibra pano substituição mop aspirador de pó máquina toalhas mop telescópica rotativo balde espremer herramientas decoração","VIDEOS 2400-2700/VIDEO 2557/Microfibra pano substituição mop aspirador de pó máquina toalhas mop telescópica rotativo balde espremer herramientas decoração.mp4","b240c671309ff0baf534523cac9d60eb8dbb27aa1bf4075dc70458ee65c7d452","ok","10,516","576","1024","576x1024","vertical","30","h264","aac","2","44100","1301768","1711175",""
"VIDEOS 2400-2700-20260730T124604Z-1-001.zip","2558","Cachoeira pia da cozinha 304 pia de aço inoxidável grande único slot com toque multifunções cachoeira torneira acima do contador","VIDEOS 2400-2700/VIDEO 2558/Cachoeira pia da cozinha 304 pia de aço inoxidável grande único slot com toque multifunções cachoeira torneira acima do contador.mp4","23bd5bb3edb7292df678fa8253633c1041ac1521e54a625a07e4c309210b28ed","ok","27,143","720","1280","720x1280","vertical","30","h264","aac","2","44100","1498980","5085852",""
"VIDEOS 2400-2700-20260730T124604Z-1-001.zip","2559","Pilão com Socador em Inox Base Antideslizante Mimo Style","VIDEOS 2400-2700/VIDEO 2559/Pilão com Socador em Inox Base Antideslizante Mimo Style.mp4","ec0c3c923a7f5520bb3a26b84381a02c72b76f44e2cf3b23053e5400b81c2799","ok","7,382","720","1280","720x1280","vertical","30","h264","aac","2","44100","1631263","1505248",""
"VIDEOS 2400-2700-20260730T124604Z-1-001.zip","2560","Vinil auto adesivo piso adesivos de parede de mármore à prova dwaterproof água filme decorativo banheiro cozinha sala estar decalques renovação chão","VIDEOS 2400-2700/VIDEO 2560/Vinil auto adesivo piso adesivos de parede de mármore à prova dwaterproof água filme decorativo banheiro cozinha sala estar decalques renovação chão.mp4","32f40c7353897c69742fb013b7908b3120df8e0139bbaa6d75d3b4672e308aca","ok","15,3","576","1024","576x1024","vertical","30","h264","aac","2","44100","1579035","3019906",""
"VIDEOS 2400-2700-20260730T124604Z-1-001.zip","2561","Xiaomi Mijia AR Impressora De Bolso 300dpi Mini Portátil Para Viagem Fotográfica Festa Câmera DIY Share 500mAh Imagem","VIDEOS 2400-2700/VIDEO 2561/Xiaomi Mijia AR Impressora De Bolso 300dpi Mini Portátil Para Viagem Fotográfica Festa Câmera DIY Share 500mAh Imagem.mp4","96c56ff45fac0c300321d563c182997e90f24d1e1f5ee1779fdf8a87b509dce3","ok","9,844","720","1280","720x1280","vertical","30","h264","aac","2","44100","1548393","1905298",""
"VIDEOS 2400-2700-20260730T124604Z-1-001.zip","2562","Sapateira Organizadora 2 Portas Basculante varias cores","VIDEOS 2400-2700/VIDEO 2562/Sapateira Organizadora 2 Portas Basculante varias cores.mp4","8010421b66cc576ef321d56a62f6c6e731b4d5d8e32ab87a115898acd6320471","ok","9,241","1080","1920","1080x1920","vertical","30","h264","aac","2","44100","1836653","2121564",""
"VIDEOS 2400-2700-20260730T124604Z-1-001.zip","2563","Fita De Cabeça Roller Clipe Mágico Preguiçoso De Torção Bow headwear Fio De Seda Fêmea high-end Camélia Bola Disco De Cabelo Artefato","VIDEOS 2400-2700/VIDEO 2563/Fita De Cabeça Roller Clipe Mágico Preguiçoso De Torção Bow headwear Fio De Seda Fêmea high-end Camélia Bola Disco De Cabelo Artefato.mp4","a883ca667925c3ae2f96e784db279a96580a407ca1192f91a440f2fce7fa7e3d","ok","9,541","576","1024","576x1024","vertical","30","h264","aac","2","44100","1375919","1640956",""
"VIDEOS 2400-2700-20260730T124604Z-1-001.zip","2564","Ajuda Auto-Resgate Puxador De Roda De Pneus Plano Impulsor Grande Reboque Elétrico De Emergência Traile Com 5 Rodas Para Motocicleta Ebike Personalizar","VIDEOS 2400-2700/VIDEO 2564/Ajuda Auto-Resgate Puxador De Roda De Pneus Plano Impulsor Grande Reboque Elétrico De Emergência Traile Com 5 Rodas Para Motocicleta Ebike Personalizar.mp4","b1ffab2a30d433c56780343b9ec373d18f7fdb500918e84f102788c820e99525","ok","9,959","720","1280","720x1280","vertical","30","h264","aac","2","44100","2692346","3351635",""
"VIDEOS 2400-2700-20260730T124604Z-1-001.zip","2565","Mop Limpador Multiuso Spin & Go Pro Polishop","VIDEOS 2400-2700/VIDEO 2565/Mop Limpador Multiuso Spin & Go Pro Polishop.mp4","c09b44ba58bd969878d1b75a5b878bc7c2adfd83d4af3d512f461d899fb7093e","ok","12,745","576","1024","576x1024","vertical","30","h264","aac","2","44100","1601857","2551959",""
"VIDEOS 2400-2700-20260730T124604Z-1-001.zip","2566","Purificador De Água Da Torneira Modo De Saída Dupla Doméstica","VIDEOS 2400-2700/VIDEO 2566/Purificador De Água Da Torneira Modo De Saída Dupla Doméstica.mp4","d9dc63c853c58ba813edc839e6297c5fb36efdb08bdb1c48a5265153cc5c64ba","ok","18,087","1080","1920","1080x1920","vertical","30","h264","aac","2","44100","2005081","4533239",""
"VIDEOS 2400-2700-20260730T124604Z-1-001.zip","2567","Calça Pantalona Feminina Com Bolso Cintura Alta Moda Super Envio! ! 00005555","VIDEOS 2400-2700/VIDEO 2567/Calça Pantalona Feminina Com Bolso Cintura Alta Moda Super Envio! ! 00005555.mp4","f9e1f86280af50dd3a73c32f7fd4d455addc720756bef443f7dfae301a223a09","ok","7,544","576","1024","576x1024","vertical","30","h264","aac","2","44100","1540307","1452510",""
"VIDEOS 2400-2700-20260730T124604Z-1-001.zip","2568","Fita Adesiva Para Vedação De JanelaPortaControle InternoResistente Ao SomIsolamento Anti Vazamentos Ar","VIDEOS 2400-2700/VIDEO 2568/Fita Adesiva Para Vedação De JanelaPortaControle InternoResistente Ao SomIsolamento Anti Vazamentos Ar.mp4","e3c6195847eaf6ba5b66db5bbd5faf1732a2f0fac3513a6c61134e8615d5ce76","ok","10,423","1080","1920","1080x1920","vertical","30","h264","aac","2","44100","2089642","2722543",""
"VIDEOS 2400-2700-20260730T124604Z-1-001.zip","2569","Copo acrílico whisk 250 ML LED C SENSOR","VIDEOS 2400-2700/VIDEO 2569/Copo acrílico whisk 250 ML LED C SENSOR.mp4","90df4968030019d88e3dec18e3546dd0af954c97bfb9bf8e9f33c7f77ebc6a8f","ok","12,165","1080","1920","1080x1920","vertical","30","h264","aac","2","44100","2862312","4352504",""
"VIDEOS 2400-2700-20260730T124604Z-1-001.zip","2570","Adesivo Para Piso Chão Lavável Madeira","VIDEOS 2400-2700/VIDEO 2570/Adesivo Para Piso Chão Lavável Madeira.mp4","cadeeec512630be061186971d9017643a2e1e3f872a0fd07d8e1f082ab1c377a","ok","9,287","576","1024","576x1024","vertical","30","h264","aac","2","44100","1632938","1895637",""
"VIDEOS 2400-2700-20260730T124604Z-1-001.zip","2571","Fritadeira Philco Air Fryer 2 em 1 Oven 11L PFR2000P 127V","VIDEOS 2400-2700/VIDEO 2571/Fritadeira Philco Air Fryer 2 em 1 Oven 11L PFR2000P 127V.mp4","5a284d305cabf49ddb6cc6705757136e386363f6929d913303400b6bd31a93b2","ok","13,234","720","1280","720x1280","vertical","30","h264","aac","2","44100","2132349","3527439",""
"VIDEOS 2400-2700-20260730T124604Z-1-001.zip","2572","12Pcs Cozinha Saco De Alimentos À Prova De Umidade Clipes De Vedação De Conservação FrescaBatatas Fritas Em Forma De Lanche Grampo Armazenamento","VIDEOS 2400-2700/VIDEO 2572/12Pcs Cozinha Saco De Alimentos À Prova De Umidade Clipes De Vedação De Conservação FrescaBatatas Fritas Em Forma De Lanche Grampo Armazenamento.mp4","1f4330b58cbb58ea723f7e5b8b6c51487cbd1ee4887a91864c15b42ad1501600","ok","17,368","1080","1920","1080x1920","vertical","30","h264","aac","2","44100","1873201","4066721",""
"VIDEOS 2400-2700-20260730T124604Z-1-001.zip","2573","Película Insulfilm Prata Espelhada Poliéster profissional","VIDEOS 2400-2700/VIDEO 2573/Película Insulfilm Prata Espelhada Poliéster profissional.mp4","790e2c99a787fdb4271995aae93b21b47a637ee1a8563f212e62af4afdca9c93","ok","11,981","1080","1920","1080x1920","vertical","30","h264","aac","2","44100","3018994","4521322",""
"VIDEOS 2400-2700-20260730T124604Z-1-001.zip","2574","Dispenser De Refrigerante Suco Agua Suporte Com Torneira","VIDEOS 2400-2700/VIDEO 2574/Dispenser De Refrigerante Suco Agua Suporte Com Torneira.mp4","13df97f04558810d8ee43825741436ed4f876e629774e3ce304dccc4a5b6c385","ok","8,659","720","1280","720x1280","vertical","30","h264","aac","2","44100","1695112","1834747",""
"VIDEOS 2400-2700-20260730T124604Z-1-001.zip","2575","stylishlife Anti-slip Hanger Hook Suprimentos Domésticos 8 Ganchos Cinto De Armazenamento Construção Sólida","VIDEOS 2400-2700/VIDEO 2575/stylishlife Anti-slip Hanger Hook Suprimentos Domésticos 8 Ganchos Cinto De Armazenamento Construção Sólida.mp4","b4b5a13d32ed1e092abfcb3518bffd20bba7653b35a323c5ad2f6617b239636b","ok","16,019","720","1280","720x1280","vertical","30","h264","aac","2","44100","2576962","5160045",""
"VIDEOS 2400-2700-20260730T124604Z-1-001.zip","2576","Sanduicheira Hamilton beach silver 110W","VIDEOS 2400-2700/VIDEO 2576/Sanduicheira Hamilton beach silver 110W.mp4","973dcb632184d588309c17cd53ada8070431e11a26aefc0d9fe41d7a1202428d","ok","10,657","1080","1920","1080x1920","vertical","30","h264","aac","2","44100","3015028","4016395",""
"VIDEOS 2400-2700-20260730T124604Z-1-001.zip","2577","Puxa Saco e Porta Sacolas Dispenser Organizador de Sacolinhas Plásticas","VIDEOS 2400-2700/VIDEO 2577/Puxa Saco e Porta Sacolas Dispenser Organizador de Sacolinhas Plásticas.mp4","d4ae69638dec5f3c2040a283b6a166cee2a51150911797e7af60ac244d89c352","ok","16,577","1080","1920","1080x1920","vertical","30","h264","aac","2","44100","2159958","4475703",""
"VIDEOS 2400-2700-20260730T124604Z-1-001.zip","2578","Mini Selador De Saco Portátil A Vácuo Com Faca De Corte Recarregável USB Plástico Máquina De Selagem De Alimentos","VIDEOS 2400-2700/VIDEO 2578/Mini Selador De Saco Portátil A Vácuo Com Faca De Corte Recarregável USB Plástico Máquina De Selagem De Alimentos.mp4","d1d01a41ba635ab5acf541e28f91266416d93575e40256823391a2320dd90c95","ok","23,149","1080","1920","1080x1920","vertical","30","h264","aac","2","44100","3242799","9383447",""
"VIDEOS 2400-2700-20260730T124604Z-1-001.zip","2579","Adesivo para Espelho de Tomada ou Interruptor Floral 27","VIDEOS 2400-2700/VIDEO 2579/Adesivo para Espelho de Tomada ou Interruptor Floral 27.mp4","5adb62ee9f1c56a3a00932fa8fe0bbbf0d4e8737c00bb80bb3a8aec042ffeabe","ok","11,493","1080","1920","1080x1920","vertical","30","h264","aac","2","44100","1412278","2028915",""
"VIDEOS 2400-2700-20260730T124604Z-1-001.zip","2580","A.T.A Bolsa De Viagem De Desenho De Grande Capacidade De Armazenamento De Crianças","VIDEOS 2400-2700/VIDEO 2580/A.T.A Bolsa De Viagem De Desenho De Grande Capacidade De Armazenamento De Crianças.mp4","5e7f3e841c4528efb8c49ae598daa8604d5a1150a3ce1cfa0e8e8f4551b109dd","ok","29,651","1080","1920","1080x1920","vertical","30","h264","aac","2","44100","3024511","11209975",""
"VIDEOS 2400-2700-20260730T124604Z-1-001.zip","2581","Linha Capilar Sombra Em Pó Giz Cabelo Fofo Instantânea Preta Raiz Para Cima Modificado Borda De Preenchido Testa","VIDEOS 2400-2700/VIDEO 2581/Linha Capilar Sombra Em Pó Giz Cabelo Fofo Instantânea Preta Raiz Para Cima Modificado Borda De Preenchido Testa.mp4","d4c82e9e8df96c8e28e851101a295df1a6c38e97f155d36f1ea4d551a0191692","ok","35,084","1080","1920","1080x1920","vertical","30","h264","aac","2","44100","2571531","11277450",""
"VIDEOS 2400-2700-20260730T124604Z-1-001.zip","2582","4 Pares Meias Femininas De Silicone Antiderrapante De Boca Rasa De AlgodãO InvisíVel Meias De Seda De Gelo InvisíVeis Ultrafinas Para Mulheres","VIDEOS 2400-2700/VIDEO 2582/4 Pares Meias Femininas De Silicone Antiderrapante De Boca Rasa De AlgodãO InvisíVel Meias De Seda De Gelo InvisíVeis Ultrafinas Para Mulheres.mp4","6fae2e0c70e106e81e704ebd7a5c689e9525365ab12b2f9d956949fb28147367","ok","7,731","1080","1920","1080x1920","vertical","30","h264","aac","2","44100","2846048","2750350",""
"VIDEOS 2400-2700-20260730T124604Z-1-001.zip","2583","As decorações do pavimento do jardim do tanque de peixes de pedra luminosa brilham à noite.5 pessaco","VIDEOS 2400-2700/VIDEO 2583/As decorações do pavimento do jardim do tanque de peixes de pedra luminosa brilham à noite.5 pessaco.mp4","6b2a2a6706b5ba6379b947ae05aa8d52111ec944a928a44e50cd1ad11c7d9010","ok","14,163","1080","1920","1080x1920","vertical","30","h264","aac","2","44100","1953730","3458835",""
"VIDEOS 2400-2700-20260730T124604Z-1-001.zip","2584","Garrafinha De Água De Bebida Dupla Squeeze Infantil 480ml Meninos e Meninas Garrafa Agua ou Suco Com Canudo e alça e adesivo","VIDEOS 2400-2700/VIDEO 2584/Garrafinha De Água De Bebida Dupla Squeeze Infantil 480ml Meninos e Meninas Garrafa Agua ou Suco Com Canudo e alça e adesivo.mp4","12965db574173a6b4233c577b693cb7dd276957e3b8104be321a20bfb238dd47","ok","8,916","1080","1920","1080x1920","vertical","30","h264","aac","2","44100","1832952","2042826",""
"VIDEOS 2400-2700-20260730T124604Z-1-001.zip","2585","Suporte de plantas várias flores vaso titular prateleiras plantador rack armazenamento organizador exibição para interior casa decoração do jardim","VIDEOS 2400-2700/VIDEO 2585/Suporte de plantas várias flores vaso titular prateleiras plantador rack armazenamento organizador exibição para interior casa decoração do jardim.mp4","69bbf6b602ded4796b28c67dd25718e0898e77df832469220a039cc183761a3d","ok","9,798","1080","1920","1080x1920","vertical","30","h264","aac","2","44100","2196589","2690273",""
"VIDEOS 2400-2700-20260730T124604Z-1-001.zip","2586","Janpim Lanterna Sentimentos Levou Uma Parte Superior A Mesa Lamparina Luz Nova Luzes Ao Ar Livre 3D Usb Probe Criativos","VIDEOS 2400-2700/VIDEO 2586/Janpim Lanterna Sentimentos Levou Uma Parte Superior A Mesa Lamparina Luz Nova Luzes Ao Ar Livre 3D Usb Probe Criativos.mp4","689d76476dcf07873e772335586e2e4fa754febdaad81001a9db06c82ca63d4c","ok","12,608","1080","1920","1080x1920","vertical","30","h264","aac","2","44100","1350075","2127719",""
"VIDEOS 2400-2700-20260730T124604Z-1-001.zip","2587","Desktop de flor de cerejeira, decoração pequena, para descompressão, pequenos objetos, gotas de água líquido, ampulheta, presente de aniversário","VIDEOS 2400-2700/VIDEO 2587/Desktop de flor de cerejeira, decoração pequena, para descompressão, pequenos objetos, gotas de água líquido, ampulheta, presente de aniversário.mp4","b34518b927dbe5fa7bcb47224ec460c7ab0239bd7b94996966d6934ddf697a52","ok","11,818","1080","1920","1080x1920","vertical","30","h264","aac","2","44100","2261709","3341111",""
"VIDEOS 2400-2700-20260730T124604Z-1-001.zip","2588","Chave do carro inteligente Caso Fob Tampa, Estilo do carro para BMW X1, X3, X4, X, X6, F15, F16, G30, E34, E60, E36, E90, 1, 3, 5, 7 séries, F20, F30, 118i, 218i, 320i","VIDEOS 2400-2700/VIDEO 2588/Chave do carro inteligente Caso Fob Tampa, Estilo do carro para BMW X1, X3, X4, X, X6, F15, F16, G30, E34, E60, E36, E90, 1, 3, 5, 7 séries, F20, F30, 118i, 218i, 320i.mp4","57421cdc401617dae28f4f69dbdf91a41520ac6175b7244e4fb8407731b7d448","ok","12,608","1080","1920","1080x1920","vertical","30","h264","aac","2","44100","2455726","3870225",""
"VIDEOS 2400-2700-20260730T124604Z-1-001.zip","2589","Chapéu De Segurança Infantil Anti-Colisão  Capacete Flexível Confortável Ajustável De Proteção Para Segurança De Bebê","VIDEOS 2400-2700/VIDEO 2589/Chapéu De Segurança Infantil Anti-Colisão  Capacete Flexível Confortável Ajustável De Proteção Para Segurança De Bebê.mp4","9ef61a7330e8454270e841d2ca6f7e0624533121e8773846c89f80c22a1a492d","ok","12,793","1080","1920","1080x1920","vertical","30","h264","aac","2","44100","3200173","5117478",""
"VIDEOS 2400-2700-20260730T124604Z-1-001.zip","2590","Escova Espanador De Pó Elétrico Pena Ajustável Portátil Rotativo Multifuncional Escova De Limpeza Domestica","VIDEOS 2400-2700/VIDEO 2590/Escova Espanador De Pó Elétrico Pena Ajustável Portátil Rotativo Multifuncional Escova De Limpeza Domestica.mp4","2616f2fb4f2ab141f98f56e85aadc746c70c79783e0d02ca557083e7845dc95b","ok","8,637","1080","1920","1080x1920","vertical","30","h264","aac","2","44100","2212903","2389106",""
"VIDEOS 2400-2700-20260730T124604Z-1-001.zip","2591","Cinta Modeladora De Cintura Alta Sem Costura Modela O Corpo","VIDEOS 2400-2700/VIDEO 2591/Cinta Modeladora De Cintura Alta Sem Costura Modela O Corpo.mp4","77bf422b5a6b44871247bf775303c748e7181f5fa774a08f5dcb0a34da240378","ok","13,931","1080","1920","1080x1920","vertical","30","h264","aac","2","44100","2829063","4926461",""
"VIDEOS 2400-2700-20260730T124604Z-1-001.zip","2592","Saco À Prova D_água Para Telefone Celular D_água Tela Sensível Ao Toque Capa De Mergulho Selada Equipamento De Natação Deriva Airbag Universal Anti","VIDEOS 2400-2700/VIDEO 2592/Saco À Prova D_água Para Telefone Celular D_água Tela Sensível Ao Toque Capa De Mergulho Selada Equipamento De Natação Deriva Airbag Universal Anti.mp4","6814ac5a0ee807e4b58d5225485959ce6d866db19e3c3627a1122bbcf91af7d8","ok","15,556","1080","1920","1080x1920","vertical","30","h264","aac","2","44100","3687413","7170176",""
"VIDEOS 2400-2700-20260730T124604Z-1-001.zip","2593","Protetor De Cabo De Duas Peças De Silicone Data Anti-Quebra USB Carregador De Fio De Bobinador Saver","VIDEOS 2400-2700/VIDEO 2593/Protetor De Cabo De Duas Peças De Silicone Data Anti-Quebra USB Carregador De Fio De Bobinador Saver.mp4","04caf8b213b3d82679860f2ea5b76adbc04d53957608a1a8cf7a3a9537c77b21","ok","12,654","1080","1920","1080x1920","vertical","30","h264","aac","2","44100","2419896","3827672",""
"VIDEOS 2400-2700-20260730T124604Z-1-001.zip","2594","Sodastream Jet Máquina para Gaseificar Água","VIDEOS 2400-2700/VIDEO 2594/Sodastream Jet Máquina para Gaseificar Água.mp4","40e09aeed5e190d26d7d473d322aba89f90e9aeae17bbfe8fb5be4812da87b30","ok","21,385","1080","1920","1080x1920","vertical","30","h264","aac","2","44100","2460180","6576369",""
"VIDEOS 2400-2700-20260730T124604Z-1-001.zip","2595","Caixa De Luxo Louis Vuitton De Vidro iPhone Para 11 12 13 14 pro max Com Relevo Fosco LV","VIDEOS 2400-2700/VIDEO 2595/Caixa De Luxo Louis Vuitton De Vidro iPhone Para 11 12 13 14 pro max Com Relevo Fosco LV.mp4","79944c88ebb8cbfd406593fbb0c8a25b1e7ce689795f15df296dc600f759930b","ok","16,671","1080","1920","1080x1920","vertical","30","h264","aac","2","44100","2524873","5261521",""
"VIDEOS 2400-2700-20260730T124604Z-1-001.zip","2596","MIHAN Acessórios Para Sapatos Com Faixa De Amarração Ajustável Alças Antiderrapantes Pacote De Cadarço Feminino Preguiçoso Elástico De Travamento Alto Salto Em Forma De U PérolaMulticolor","VIDEOS 2400-2700/VIDEO 2596/MIHAN Acessórios Para Sapatos Com Faixa De Amarração Ajustável Alças Antiderrapantes Pacote De Cadarço Feminino Preguiçoso Elástico De Travamento Alto Salto Em Forma De U PérolaMulticolor.mp4","c8047bac09aa79c4b95d6851899edbaf969f5d4b1d10da4bfd2dfa4a47024f53","ok","10,402","1080","1920","1080x1920","vertical","30","h264","aac","2","44100","3281715","4267051",""
"VIDEOS 2400-2700-20260730T124604Z-1-001.zip","2597","Moldura De Proteção TPU De Cor Contraste Iphone 14 PRO MAX 13 Caixa Macia À Prova De Choque","VIDEOS 2400-2700/VIDEO 2597/Moldura De Proteção TPU De Cor Contraste Iphone 14 PRO MAX 13 Caixa Macia À Prova De Choque.mp4","3cecb54e69ec38687d11d1288fc1440feea920f2e458928566435c576c274998","ok","16,183","1080","1920","1080x1920","vertical","30","h264","aac","2","44100","2153456","4356173",""
"VIDEOS 2400-2700-20260730T124604Z-1-001.zip","2598","Elegante Vestidos de Festa Para As Mulheres 2023 Verão New Bowknot Decote Bolo Manga Curta Chiffon Coreano Moda Floral Vestido Mulher 4XL","VIDEOS 2400-2700/VIDEO 2598/Elegante Vestidos de Festa Para As Mulheres 2023 Verão New Bowknot Decote Bolo Manga Curta Chiffon Coreano Moda Floral Vestido Mulher 4XL.mp4","61aab5f14142601edf6752bb6ab8ef965954234eec5a7cbc36463ff06a14ff2a","ok","7,197","1080","1920","1080x1920","vertical","30","h264","aac","2","44100","5443578","4897179",""
"VIDEOS 2400-2700-20260730T124604Z-1-001.zip","2599","Ventilador De Parede Dobrável 4 Em 1 Mesa Portátil Circular 1500mAh Telescópica Com 4 Velocidades Mini Teto Lâmpada","VIDEOS 2400-2700/VIDEO 2599/Ventilador De Parede Dobrável 4 Em 1 Mesa Portátil Circular 1500mAh Telescópica Com 4 Velocidades Mini Teto Lâmpada.mp4","4801e39260ede8671dd22646316e9bf0a481e48e43831dd7fd27f403b6a1cc9c","ok","9,101","1080","1920","1080x1920","vertical","30","h264","aac","2","44100","2943440","3348531",""
"VIDEOS 2400-2700-20260730T124604Z-1-001.zip","2600","Kit Película Protetora de Câmera de Iphone COM BRILHO XR 11 11 PRO 11 PRO MAX 12 12 PRO 12 PRO MAX 13 MINI 13 13 PRO 13 PRO MAX + KIT LIMPEZA","VIDEOS 2400-2700/VIDEO 2600/Kit Película Protetora de Câmera de Iphone COM BRILHO XR 11 11 PRO 11 PRO MAX 12 12 PRO 12 PRO MAX 13 MINI 13 13 PRO 13 PRO MAX + KIT LIMPEZA.mp4","c7334e8bda6e201862243fb0774482ee3f391d18e17452abb2e57c9f762f35b9","ok","9,635","1080","1920","1080x1920","vertical","30","h264","aac","2","44100","2561046","3084460",""
"VIDEOS 2400-2700-20260730T124604Z-1-001.zip","2601","[Estoque Pronto Venda A Quente] [Novo Estilo Moda] Instalação-Rede Yurt Mosquiteiro Mosqui Doméstico De Dupla Abertura Com Zíper Criptografado","VIDEOS 2400-2700/VIDEO 2601/[Estoque Pronto Venda A Quente] [Novo Estilo Moda] Instalação-Rede Yurt Mosquiteiro Mosqui Doméstico De Dupla Abertura Com Zíper Criptografado.mp4","2e8a7e588d9545da8fddf31cd4a4bc42d332d06b2e851292951f30a4ab30be20","ok","8,033","1080","1920","1080x1920","vertical","30","h264","aac","2","44100","2205869","2214969",""
"VIDEOS 2400-2700-20260730T124604Z-1-001.zip","2602","Royal Travel new 2022 small fresh ultra light suitcase ins internet popular trolley case universal wheel suitcase with cup holder USB charging","VIDEOS 2400-2700/VIDEO 2602/Royal Travel new 2022 small fresh ultra light suitcase ins internet popular trolley case universal wheel suitcase with cup holder USB charging.mp4","4bc784b2824c1644d43ddd3fb64dab455ecb69b4ce2474adb7bf2375aae9d0e4","ok","19,852","1080","1920","1080x1920","vertical","30","h264","aac","2","44100","2797634","6942331",""
"VIDEOS 2400-2700-20260730T124604Z-1-001.zip","2603","Protetor Solar Parabrisa Parasol Carro Proteção Térmica Uv","VIDEOS 2400-2700/VIDEO 2603/Protetor Solar Parabrisa Parasol Carro Proteção Térmica Uv.mp4","8667064a86854517686ffb88725cdecd0c3dcf5d20b734aaffda77ae1b2600d5","ok","10,796","1080","1920","1080x1920","vertical","30","h264","aac","2","44100","3446192","4650637",""
"VIDEOS 2400-2700-20260730T124604Z-1-001.zip","2604","Aparelho Corretor Desencravador de Unha Encravada Inflamada","VIDEOS 2400-2700/VIDEO 2604/Aparelho Corretor Desencravador de Unha Encravada Inflamada.mp4","5a36af73a132427157cafd68b17e82d9f7894ac4cc135f5d0c24ee7d313fde98","ok","8,707","1080","1920","1080x1920","vertical","30","h264","aac","2","44100","2490426","2710518",""
"VIDEOS 2400-2700-20260730T124604Z-1-001.zip","2605","Batom Matte Lindalí longa duração Paula maquiagem","VIDEOS 2400-2700/VIDEO 2605/Batom Matte Lindalí longa duração Paula maquiagem.mp4","60269c06f78669763c0a8662e941a765fd30851a896bde410f765c5049ac36e8","ok","15,464","1080","1920","1080x1920","vertical","30","h264","aac","2","44100","1844644","3565697",""
"VIDEOS 2400-2700-20260730T124604Z-1-001.zip","2606","Fritadeira multifuncional inteligente para uso doméstico, grande capacidade, batatas fritas elétricas, integração de forno eletrônico, 15L","VIDEOS 2400-2700/VIDEO 2606/Fritadeira multifuncional inteligente para uso doméstico, grande capacidade, batatas fritas elétricas, integração de forno eletrônico, 15L.mp4","c455a5c1dc44684f8eab6a38e15abbe854e6cfc7deb39f5140dfebe3ee6b80d7","ok","18,18","1080","1920","1080x1920","vertical","30","h264","aac","2","44100","2320904","5274255",""
"VIDEOS 2400-2700-20260730T124604Z-1-001.zip","2607","Barata Falsa De Controle Remoto  Brinquedo Rc  Pegadinha  Insetos  Joke  Assustadora","VIDEOS 2400-2700/VIDEO 2607/Barata Falsa De Controle Remoto  Brinquedo Rc  Pegadinha  Insetos  Joke  Assustadora.mp4","a85edd55548d419f69cb0395c2c7b8e41c944bf559cb01c50f0cc05e206fba41","ok","20,131","1080","1920","1080x1920","vertical","30","h264","aac","2","44100","3173852","7986603",""
"VIDEOS 2400-2700-20260730T124604Z-1-001.zip","2608","SEAUTO-Roker Plus limpador de piscina robótico sem fio, sucção 6000Pa, robô automático dura, aspirador de 90 minutos, estreia mundial","VIDEOS 2400-2700/VIDEO 2608/SEAUTO-Roker Plus limpador de piscina robótico sem fio, sucção 6000Pa, robô automático dura, aspirador de 90 minutos, estreia mundial.mp4","822570ba1c31150094558f7ed6967e525a21675c8c2ca36388e80ebcfa330862","ok","66,64","1080","1920","1080x1920","vertical","30","h264","aac","2","44100","2644789","22031100",""
"VIDEOS 2400-2700-20260730T124604Z-1-001.zip","2609","Portátil Mini Cadeira Carregador Sem Fio Para Samsung Nota 8 S7 S9 Borda iPhone 12 15 W Estação De Carregamento Stand Com Música Falante","VIDEOS 2400-2700/VIDEO 2609/Portátil Mini Cadeira Carregador Sem Fio Para Samsung Nota 8 S7 S9 Borda iPhone 12 15 W Estação De Carregamento Stand Com Música Falante.mp4","a011c58fb3b0e0564f4d938a2a075f0f1a3435f70a4a7fa35b6c051c23f310fe","ok","37,917","1080","1920","1080x1920","vertical","30","h264","aac","2","44100","1508526","7149851",""
"VIDEOS 2400-2700-20260730T124604Z-1-001.zip","2610","Pistola elétrica automática de água para crianças, armas de grande capacidade, brinquedos de piscina para meninos e meninas, ao ar livre","VIDEOS 2400-2700/VIDEO 2610/Pistola elétrica automática de água para crianças, armas de grande capacidade, brinquedos de piscina para meninos e meninas, ao ar livre.mp4","126ab902dd0855b0882a5838e361f5f62cfa2f4b611d07acf761d56aafc785ac","ok","16,95","1080","1920","1080x1920","vertical","30","h264","aac","2","44100","4770497","10107491",""
"VIDEOS 2400-2700-20260730T124604Z-1-001.zip","2611","Agulha Automática Dispositivo De Costura Agulha Threader Mão Máquina DIY Ferramenta De Costura Agulha Parte Para Idosos Casa","VIDEOS 2400-2700/VIDEO 2611/Agulha Automática Dispositivo De Costura Agulha Threader Mão Máquina DIY Ferramenta De Costura Agulha Parte Para Idosos Casa.mp4","52188e27ffa486278a899ed72f104777a7fb2cadb953498dc521af7457b977df","ok","7,406","1080","1920","1080x1920","vertical","30","h264","aac","2","44100","1909190","1767433",""
"VIDEOS 2400-2700-20260730T124604Z-1-001.zip","2612","Fita Led Neon Mangueira de Led Neon 5 Metros","VIDEOS 2400-2700/VIDEO 2612/Fita Led Neon Mangueira de Led Neon 5 Metros.mp4","cd806cc2a01b09a2a911c6c33ce34319b3748420ff56bde0794b6bc4d3532bee","ok","13,536","1080","1920","1080x1920","vertical","30","h264","aac","2","44100","943376","1596193",""
"VIDEOS 2400-2700-20260730T124604Z-1-001.zip","2613","Ralo de Silicone para Pia de Cozinha","VIDEOS 2400-2700/VIDEO 2613/Ralo de Silicone para Pia de Cozinha.mp4","caa3e466091dd1d79e9f827faac1a72c5aaf589ce3d5855f881a3c70f5553631","ok","6,501","1080","1920","1080x1920","vertical","30","h264","aac","2","44100","2065705","1678644",""
"VIDEOS 2400-2700-20260730T124604Z-1-001.zip","2614","Jfbr Pet Cats Túnel Interativo Brincar De Brinquedos Cama De Gato De Uso Duplo Internos QDD","VIDEOS 2400-2700/VIDEO 2614/Jfbr Pet Cats Túnel Interativo Brincar De Brinquedos Cama De Gato De Uso Duplo Internos QDD.mp4","6781661418b4a3ef99e5937bd826f036bf3a3ed1581531fdbc5ae05bb5a4d83e","ok","8,149","1080","1920","1080x1920","vertical","30","h264","aac","2","44100","2223360","2264771",""
"VIDEOS 2400-2700-20260730T124604Z-1-001.zip","2615","Alta precisão haste reta telescópica estilingue faixa de borracha plana alta potência aço inoxidável catapulta caça ao ar livre tiro","VIDEOS 2400-2700/VIDEO 2615/Alta precisão haste reta telescópica estilingue faixa de borracha plana alta potência aço inoxidável catapulta caça ao ar livre tiro.mp4","a1a7f1526a1eb74ea93826eca8bdde95b9b00bbf2fb666be8070cb895d4791c6","ok","8,567","1080","1920","1080x1920","vertical","30","h264","aac","2","44100","1905798","2040872",""
"VIDEOS 2400-2700-20260730T124604Z-1-001.zip","2616","cabeza Dripping Oil Slide Home Decor Kids Ansiedade Alívio Da Líquido Colorido Ampulheta Do Stress Acessórios De Mesa Brinquedos De","VIDEOS 2400-2700/VIDEO 2616/cabeza Dripping Oil Slide Home Decor Kids Ansiedade Alívio Da Líquido Colorido Ampulheta Do Stress Acessórios De Mesa Brinquedos De.mp4","9554f551397bb8cbb090cdfd5bdd70958b39797d8b9296c9c9d567efd46b9982","ok","15,115","1080","1920","1080x1920","vertical","30","h264","aac","2","44100","2380232","4497152",""
"VIDEOS 2400-2700-20260730T124604Z-1-001.zip","2617","Conjunto De Chinelos De PelúciaAlgodão FlexívelCriativoPlantaSuper MarioPiranha","VIDEOS 2400-2700/VIDEO 2617/Conjunto De Chinelos De PelúciaAlgodão FlexívelCriativoPlantaSuper MarioPiranha.mp4","d885fc610c96552cc18c8d33a32a37cc48c958440eea4b9d1ded57b6b944f6a4","ok","9,101","1080","1920","1080x1920","vertical","30","h264","aac","2","44100","3188232","3627013",""
"VIDEOS 2400-2700-20260730T124604Z-1-001.zip","2618","TAYLOR Tigela Alimentadora Para Cães Acessórios Animais De Estimação De Grande Capacidade Plásticos Anti-Asfixiante Tipo Dog Slow Food Bowl","VIDEOS 2400-2700/VIDEO 2618/TAYLOR Tigela Alimentadora Para Cães Acessórios Animais De Estimação De Grande Capacidade Plásticos Anti-Asfixiante Tipo Dog Slow Food Bowl.mp4","f467259097604aa42139edfc214380e6832778debcb8b55de29ae10c54c5610c","ok","32,739","1080","1920","1080x1920","vertical","30","h264","aac","2","44100","1718004","7030719",""
"VIDEOS 2400-2700-20260730T124604Z-1-001.zip","2619","47-107cm Zipper Doll Storage Bucket Plush Toy Artifact Cilindro Transparente Caixa Organizadora De Container Para Bonecas Infantis","VIDEOS 2400-2700/VIDEO 2619/47-107cm Zipper Doll Storage Bucket Plush Toy Artifact Cilindro Transparente Caixa Organizadora De Container Para Bonecas Infantis.mp4","1d716b6952884bce6f91549a8bb997b11332493bfef69c76336552ba62b5b848","ok","10,796","1080","1920","1080x1920","vertical","30","h264","aac","2","44100","2282816","3080661",""
"VIDEOS 2400-2700-20260730T124604Z-1-001.zip","2620","[Aspersores De Jardim Ferramentas Automáticas De Regar Grama De 360 Graus De Água Rotativa","VIDEOS 2400-2700/VIDEO 2620/[Aspersores De Jardim Ferramentas Automáticas De Regar Grama De 360 Graus De Água Rotativa.mp4","9e39e8a042bf10d444c50aecd63ec21fde42652e78c0d3a53db12b13e6ca83ea","ok","12,491","1080","1920","1080x1920","vertical","30","h264","aac","2","44100","4460894","6965129",""
"VIDEOS 2400-2700-20260730T124604Z-1-001.zip","2621","Adesivo Parede Janela Falsa Paisagem Flores Vermelhas Natureza Linda Decoração Sua Casa 3D Criativo","VIDEOS 2400-2700/VIDEO 2621/Adesivo Parede Janela Falsa Paisagem Flores Vermelhas Natureza Linda Decoração Sua Casa 3D Criativo.mp4","181205ba687d6a9c2d49a01acb833c3054ddffaa4666caf25a8b441ae6d0d470","ok","11,748","1080","1920","1080x1920","vertical","30","h264","aac","2","44100","2232551","3278502",""
"VIDEOS 2400-2700-20260730T124604Z-1-001.zip","2622","Crianças Carro Aventura Brinquedo Mãos Sobre Quebra Cabeça Máquina De Corrida Controle Remoto Do Volante Vídeo Game Machine","VIDEOS 2400-2700/VIDEO 2622/Crianças Carro Aventura Brinquedo Mãos Sobre Quebra Cabeça Máquina De Corrida Controle Remoto Do Volante Vídeo Game Machine.mp4","09e356395b4aea27fef6ef5a0d7469c55d6a86c3aa87082e243e2fa11cdfb049","ok","9,612","1080","1920","1080x1920","vertical","30","h264","aac","2","44100","1173682","1410179",""
"VIDEOS 2400-2700-20260730T124604Z-1-001.zip","2623","Olho mágico digital porta com visor olho magico com camera eletrônica com visor de porta com tela LCD de 2,8 e visão noturna  foto tirada campainha Visualizador","VIDEOS 2400-2700/VIDEO 2623/Olho mágico digital porta com visor olho magico com camera eletrônica com visor de porta com tela LCD de 2,8 e visão noturna  foto tirada campainha Visualizador.mp4","498fe5c01fa7952923e3704c5fbdc3352ca6f4478ed328e1cf25133bc25f0458","ok","17,414","1080","1920","1080x1920","vertical","30","h264","aac","2","44100","2010203","4375710",""
"VIDEOS 2400-2700-20260730T124604Z-1-001.zip","2624","Agulha Artesanato Crochê unitária LED","VIDEOS 2400-2700/VIDEO 2624/Agulha Artesanato Crochê unitária LED.mp4","b2efdf754394248ccafcf167177acb592f0ab8df10ced869927f60237138996b","ok","7,499","1080","1920","1080x1920","vertical","30","h264","aac","2","44100","2130247","1996841",""
"VIDEOS 2400-2700-20260730T124604Z-1-001.zip","2625","Guarda Roupa Dobrável Organizador De Roupas","VIDEOS 2400-2700/VIDEO 2625/Guarda Roupa Dobrável Organizador De Roupas.mp4","b3df84ce8b71c81a50d415226883b25b6d4e5ead22a5eb3e97d42ee35cd89c37","ok","33,413","1080","1920","1080x1920","vertical","30","h264","aac","2","44100","2709342","11315907",""
"VIDEOS 2400-2700-20260730T124604Z-1-001.zip","2626","30pcs Limpador De Piso Folha De Limpeza Solúvel Esfregando O De Madeira De Banheiro Doméstico","VIDEOS 2400-2700/VIDEO 2626/30pcs Limpador De Piso Folha De Limpeza Solúvel Esfregando O De Madeira De Banheiro Doméstico.mp4","9af059418a62dfc9c185b177bd94b33b894f7516bc009e41a06f569740f8bdd9","ok","18,947","1080","1920","1080x1920","vertical","30","h264","aac","2","44100","2585579","6123621",""
"VIDEOS 2400-2700-20260730T124604Z-1-001.zip","2627","[Brinco De Flor Folhado Brincos Femininos Leves De Luxo Temperamento Moda Verão Todos Combinam Grandes Hoops Para Mulheres","VIDEOS 2400-2700/VIDEO 2627/[Brinco De Flor Folhado Brincos Femininos Leves De Luxo Temperamento Moda Verão Todos Combinam Grandes Hoops Para Mulheres.mp4","641c8173b404b297f696296a40842eab3d43746fede1d086a0d3015df9505b47","ok","8,451","1080","1920","1080x1920","vertical","30","h264","aac","2","44100","2524254","2666559",""
"VIDEOS 2400-2700-20260730T124604Z-1-001.zip","2628","Balde De Água 8L Recipiente Portátil Para Piquenique Ao Ar Livre Com Torneira","VIDEOS 2400-2700/VIDEO 2628/Balde De Água 8L Recipiente Portátil Para Piquenique Ao Ar Livre Com Torneira.mp4","20077c07f29ba49ead7e0c68d2fbaae1f285588fdd583a2d502511b034236133","ok","10,889","1080","1920","1080x1920","vertical","30","h264","aac","2","44100","3203015","4359704",""
"VIDEOS 2400-2700-20260730T124604Z-1-001.zip","2629","Bolsa Multifuncional Para Ferramenta Multi-PropósitoRolo DePorta-Bolsões Com ZíperTrabalho","VIDEOS 2400-2700/VIDEO 2629/Bolsa Multifuncional Para Ferramenta Multi-PropósitoRolo DePorta-Bolsões Com ZíperTrabalho.mp4","3d408df9d8f8217a5d4220cde84b04597476bcc0816482d6051dc73cf2997964","ok","11,748","1080","1920","1080x1920","vertical","30","h264","aac","2","44100","1960217","2878579",""
"VIDEOS 2400-2700-20260730T124604Z-1-001.zip","2630","Tela Antiderrapante para Amarradinho - Cor Branca Largura Máxima de 1,50 metros","VIDEOS 2400-2700/VIDEO 2630/Tela Antiderrapante para Amarradinho - Cor Branca Largura Máxima de 1,50 metros.mp4","83961317890102bbc1e8cd42f004b91060019ef8d7369c1fad9975cfd9d1c2e1","ok","26,748","1080","1920","1080x1920","vertical","30","h264","aac","2","44100","2846179","9516202",""
"VIDEOS 2400-2700-20260730T124604Z-1-001.zip","2631","Suporte para cartão de telefone celular, porta-cartão para a esquerda e para a direita, porta-cartões com zíper, bolsa para celular, personalidade criativa, adesivo traseiro getrich","VIDEOS 2400-2700/VIDEO 2631/Suporte para cartão de telefone celular, porta-cartão para a esquerda e para a direita, porta-cartões com zíper, bolsa para celular, personalidade criativa, adesivo traseiro getrich.mp4","f046a79b6814e54b998cee4fac031613028ed520462e8f8e06598d4dfb611500","ok","12,19","1080","1920","1080x1920","vertical","30","h264","aac","2","44100","2898170","4416088",""
"VIDEOS 2400-2700-20260730T124604Z-1-001.zip","2632","(Stock) Curvo Bangs Invisível Pente HairpinModa Feminina Cabelo GarfoElegante Grampo De Do QuebradoDIY De InserçãoFerramenta Da Trança","VIDEOS 2400-2700/VIDEO 2632/(Stock) Curvo Bangs Invisível Pente HairpinModa Feminina Cabelo GarfoElegante Grampo De Do QuebradoDIY De InserçãoFerramenta Da Trança.mp4","42961ba5d0234da2e34f6625f61662e9979bc10a112ae349fa6ca02e5ee56c16","ok","15,626","1080","1920","1080x1920","vertical","30","h264","aac","2","44100","2163435","4225730",""
"VIDEOS 2400-2700-20260730T124604Z-1-001.zip","2633","316 Xícara Térmica De Café Inteligente Feminina De Aço Inoxidável 316 Liner Girls Boys Student Gifts High-End Water Cup","VIDEOS 2400-2700/VIDEO 2633/316 Xícara Térmica De Café Inteligente Feminina De Aço Inoxidável 316 Liner Girls Boys Student Gifts High-End Water Cup.mp4","aa7efbeeecd3190a746139a3581ad9cf63efd5c4aa772c0ce14c8836dfd26f05","ok","10,193","1080","1920","1080x1920","vertical","30","h264","aac","2","44100","1976161","2517877",""
"VIDEOS 2400-2700-20260730T124604Z-1-001.zip","2634","Esponja Esfoliante Macia Esfoliante Corporal Ducha Limpador De Pele Removedor Morta","VIDEOS 2400-2700/VIDEO 2634/Esponja Esfoliante Macia Esfoliante Corporal Ducha Limpador De Pele Removedor Morta.mp4","f50d9c19b79c67b168fbaa5b464b57aafdbcf7f3c517d3d1955a5f8d34d75365","ok","7,197","1080","1920","1080x1920","vertical","30","h264","aac","2","44100","2996020","2695295",""
"VIDEOS 2400-2700-20260730T124604Z-1-001.zip","2635","Household Multi-Function Prateleiras de parede, Spice Storage Holder, Faca Metal Rack, Suporte para tampas, prateleira, colher, cozinha, casa","VIDEOS 2400-2700/VIDEO 2635/Household Multi-Function Prateleiras de parede, Spice Storage Holder, Faca Metal Rack, Suporte para tampas, prateleira, colher, cozinha, casa.mp4","160df021d177482e43fda551c9db4e2be1c56a506da16258dd4d8ac7cb8bd2f1","ok","13,072","1080","1920","1080x1920","vertical","30","h264","aac","2","44100","3146143","5140799",""
"VIDEOS 2400-2700-20260730T124604Z-1-001.zip","2636","organizador de sacolas de comprasDispenserBolsa Organizadora De Plástico Para Armazenamento De Sacolas De Cozinha","VIDEOS 2400-2700/VIDEO 2636/organizador de sacolas de comprasDispenserBolsa Organizadora De Plástico Para Armazenamento De Sacolas De Cozinha.mp4","eebe8a8082524b1f84842900c223beb736e68f5de7913410d286a6e10c30aedc","ok","15,231","1080","1920","1080x1920","vertical","30","h264","aac","2","44100","2439027","4643603",""
"VIDEOS 2400-2700-20260730T124604Z-1-001.zip","2637","Esfregão Rodo Mop Mágico Inteligente Com Refil FLAT 360° Graus Flexível PUXA E SECA Limpeza Casa Limpa Fácil Microfibra Alto Absorção","VIDEOS 2400-2700/VIDEO 2637/Esfregão Rodo Mop Mágico Inteligente Com Refil FLAT 360° Graus Flexível PUXA E SECA Limpeza Casa Limpa Fácil Microfibra Alto Absorção.mp4","8d25abfcc2f49f8c66474db60a187f98af8fa30542ad1f435df7661f40816762","ok","17,762","1080","1920","1080x1920","vertical","30","h264","aac","2","44100","3263792","7246435",""
"VIDEOS 2400-2700-20260730T124604Z-1-001.zip","2638","Novo Abridor De Ovos Ferramenta De Ovo Cozinha Pato Criativo","VIDEOS 2400-2700/VIDEO 2638/Novo Abridor De Ovos Ferramenta De Ovo Cozinha Pato Criativo.mp4","cb75f9a80464f1873a2624cf8de43f7c4733536592858cf8f5aa31bd4e274de9","ok","7,174","1080","1920","1080x1920","vertical","30","h264","aac","2","44100","2282811","2047111",""
"VIDEOS 2400-2700-20260730T124604Z-1-001.zip","2639","Chupeta De Frutas Para Bebês Recém-Nascidos De Silicone Mordedor Alimentador De Alimentos Vaca","VIDEOS 2400-2700/VIDEO 2639/Chupeta De Frutas Para Bebês Recém-Nascidos De Silicone Mordedor Alimentador De Alimentos Vaca.mp4","68b1b7c59b3cb36787543b07033281c77633651ba7876619fb4f4cca999b0524","ok","9,635","1080","1920","1080x1920","vertical","30","h264","aac","2","44100","2368526","2852594",""
"VIDEOS 2400-2700-20260730T124604Z-1-001.zip","2640","Xiaomi guarda-chuva automático não automático com faixa reflexiva, luz de LED reversa, guarda-chuva, três, dobrável, invertido, 10 costelas de viagem","VIDEOS 2400-2700/VIDEO 2640/Xiaomi guarda-chuva automático não automático com faixa reflexiva, luz de LED reversa, guarda-chuva, três, dobrável, invertido, 10 costelas de viagem.mp4","35a2b5d6750781b685202e15c64b1c8a0e58e56a97ced80d5d7b0b4bad5632e7","ok","18,992","720","1280","720x1280","vertical","30","h264","aac","2","44100","1649880","3916816",""
"VIDEOS 2400-2700-20260730T124604Z-1-001.zip","2641","Autorizado Painel Liso Espuma Adesiva Linho Grosso DIY - Escritório Ambiente Decoração Isolamento Acústico e Revestimento","VIDEOS 2400-2700/VIDEO 2641/Autorizado Painel Liso Espuma Adesiva Linho Grosso DIY - Escritório Ambiente Decoração Isolamento Acústico e Revestimento.mp4","4f75db6ab024385cf7e498dacd773a37abb5272993ad256113939e9587db42e0","ok","18,295","576","1024","576x1024","vertical","30","h264","aac","2","44100","1753425","4009865",""
"VIDEOS 2400-2700-20260730T124604Z-1-001.zip","2642","Kit de escova de imersão para lavadora de pressão de conexão rápida com rotação automática","VIDEOS 2400-2700/VIDEO 2642/Kit de escova de imersão para lavadora de pressão de conexão rápida com rotação automática.mp4","8da81dab08ca8dbbc76d12b2d0c37c0ab522ab46bb11ba83a04bb95fd84128a1","ok","10,865","720","1280","720x1280","vertical","30","h264","aac","2","44100","3182296","4321956",""
"VIDEOS 2400-2700-20260730T124604Z-1-001.zip","2643","Bule De Chá Com Isolamento Térmico De Aço Inoxidável 316 Cozido Doméstico Portátil Cafeteira","VIDEOS 2400-2700/VIDEO 2643/Bule De Chá Com Isolamento Térmico De Aço Inoxidável 316 Cozido Doméstico Portátil Cafeteira.mp4","5aae54498ec4631cc3ab784b34d4067fda8de21cf4305b1b902d31cfcce57b1a","ok","13,973","720","1280","720x1280","vertical","30","h264","aac","2","48000","1389402","2426765",""
"VIDEOS 2400-2700-20260730T124604Z-1-001.zip","2644","Maquina De Algodão Doce Para Festa Portátil Mini","VIDEOS 2400-2700/VIDEO 2644/Maquina De Algodão Doce Para Festa Portátil Mini.mp4","891623162c44dfb1a4952c0f5a45d9177c39629376fe83888832095e628cfe50","ok","12,352","640","1138","640x1138","vertical","30","h264","aac","2","44100","763356","1178623",""
"VIDEOS 2400-2700-20260730T124604Z-1-001.zip","2645","Calça Feminina Viscolycra com Bolso Lisa Básica","VIDEOS 2400-2700/VIDEO 2645/Calça Feminina Viscolycra com Bolso Lisa Básica.mp4","4376a0b2965bd3f0ac68b5fa90b41e1dce9f5d330f9ccf052f0e81b96c585397","ok","7,755","576","1024","576x1024","vertical","30","h264","aac","2","44100","2124594","2059529",""
"VIDEOS 2400-2700-20260730T124604Z-1-001.zip","2646","GG Black White Pink Blue Grid Short Sleeves Ice Silk Pajamas For Women Mens","VIDEOS 2400-2700/VIDEO 2646/GG Black White Pink Blue Grid Short Sleeves Ice Silk Pajamas For Women Mens.mp4","bc62b0b27530d73c4ab6e5d5aca8a1e9d1cfb692bbd2fae7591fece8ed680174","ok","8,707","576","1024","576x1024","vertical","30","h264","aac","2","44100","2889318","3144662",""
"VIDEOS 2400-2700-20260730T124604Z-1-001.zip","2647","Repelente Eletrônico Luminária Mata Mosquitos Insetos Pernilongos Dengue Armadilha Lâmpada LED Bivolt De Tomada","VIDEOS 2400-2700/VIDEO 2647/Repelente Eletrônico Luminária Mata Mosquitos Insetos Pernilongos Dengue Armadilha Lâmpada LED Bivolt De Tomada.mp4","083d9579ba3a5945bb9b9295bd04d37218f64fae1824913887a344c49743e0a7","ok","14,163","1080","1920","1080x1920","vertical","30","h264","aac","2","44100","2726982","4827781",""
"VIDEOS 2400-2700-20260730T124604Z-1-001.zip","2648","Mini Câmera U21 Usb Wifi Para Vigilância Doméstica Ip 1080p Gravador De Movimento","VIDEOS 2400-2700/VIDEO 2648/Mini Câmera U21 Usb Wifi Para Vigilância Doméstica Ip 1080p Gravador De Movimento.mp4","c779d157c7a219fd8faa8b552b4562f9c8a29f32c0887f634343467d61547224","ok","13,002","1080","1920","1080x1920","vertical","30","h264","aac","2","44100","1994186","3241052",""
"VIDEOS 2400-2700-20260730T124604Z-1-001.zip","2649","Saco De Tempero De Parede Especiarias Vedação","VIDEOS 2400-2700/VIDEO 2649/Saco De Tempero De Parede Especiarias Vedação.mp4","f48c3cc1b456c72003d716fa983dd6275f08f7f13a0007eb5d30b00252dedf3c","ok","9,566","1080","1920","1080x1920","vertical","30","h264","aac","2","44100","2913627","3483970",""
"VIDEOS 2400-2700-20260730T124604Z-1-001.zip","2650","Suporte Fatiador De Cebola Cortador Garfo Vegetais Legumes","VIDEOS 2400-2700/VIDEO 2650/Suporte Fatiador De Cebola Cortador Garfo Vegetais Legumes.mp4","2f853fa4e6115fbea9fafc601f336a8437c1d42022579bee0e2669af57ba0d97","ok","6,662","720","1280","720x1280","vertical","30","h264","aac","2","44100","1548327","1289370",""
"VIDEOS 2400-2700-20260730T124604Z-1-001.zip","2651","Massageador Multifuncional Manual Massagem Anti Estresse Relaxante Alivia Dor Pescoço Corpo","VIDEOS 2400-2700/VIDEO 2651/Massageador Multifuncional Manual Massagem Anti Estresse Relaxante Alivia Dor Pescoço Corpo.mp4","fe3432e6e8d43e167df31e132bee752fb6c834337c948343c898b26f30d43f81","ok","8,473","720","1280","720x1280","vertical","30","h264","aac","2","44100","1246503","1320203",""
"VIDEOS 2400-2700-20260730T124604Z-1-001.zip","2652","Porta Joia De Bolsa Para Viagem Portátil caixa de armazenamentobolsaanelcolar","VIDEOS 2400-2700/VIDEO 2652/Porta Joia De Bolsa Para Viagem Portátil caixa de armazenamentobolsaanelcolar.mp4","8ac7b1a4c362e32d2b62db43742a8af38c5b79c9c049dff9130f3fe41000ff92","ok","6,592","480","854","480x854","vertical","30","h264","aac","2","44100","1512558","1246348",""
"VIDEOS 2400-2700-20260730T124604Z-1-001.zip","2653","Máscara De Cílios I Love Extreme Crazy Volume Essence","VIDEOS 2400-2700/VIDEO 2653/Máscara De Cílios I Love Extreme Crazy Volume Essence.mp4","7dd04b054c40dc22ff49ffb4d52a56234c1348e80cf6ab7e4cd6bb3ad7b34a5f","ok","9,657","480","854","480x854","vertical","30","h264","aac","2","44100","514848","621487",""
"VIDEOS 2400-2700-20260730T124604Z-1-001.zip","2654","BLUE 450 Ml Manual Dispensador De Sabão Fixado Na Parede Shampoo Shower Dispenser Contém Condicionados Gel De Banho","VIDEOS 2400-2700/VIDEO 2654/BLUE 450 Ml Manual Dispensador De Sabão Fixado Na Parede Shampoo Shower Dispenser Contém Condicionados Gel De Banho.mp4","44f772894d6f10d9bdb261900fec18f5d547158c766e3119ce42e65c4d54a4d0","ok","10,447","480","854","480x854","vertical","30","h264","aac","2","44100","960804","1254691",""
"VIDEOS 2400-2700-20260730T124604Z-1-001.zip","2655","Mini Liquidificador Portátil Shake Take Juice Cup 6 Lâminas Recarregável","VIDEOS 2400-2700/VIDEO 2655/Mini Liquidificador Portátil Shake Take Juice Cup 6 Lâminas Recarregável.mp4","b3e7403a08dfe5055937adfc3f9cf8955992b1a7c79f19404e5c3958ae26bef5","ok","5,501","480","854","480x854","vertical","30","h264","aac","2","44100","1007770","692968",""
"VIDEOS 2400-2700-20260730T124604Z-1-001.zip","2656","Nova Multifuncional 360 Graus Rotatable Auto Espelho Retrovisor Assento Pendurado Clipe Suporte Do Telefone Celular Para O Carro","VIDEOS 2400-2700/VIDEO 2656/Nova Multifuncional 360 Graus Rotatable Auto Espelho Retrovisor Assento Pendurado Clipe Suporte Do Telefone Celular Para O Carro.mp4","58abd58d244ad788f208357af01f02b6000eec49211c81a00578892608ee4f99","ok","6,334","720","1280","720x1280","vertical","30","h264","aac","2","44100","1690334","1338322",""
"VIDEOS 2400-2700-20260730T124604Z-1-001.zip","2657","Car Rotary Wash Brush Kit Automatic Rotating Quick Connect High Pressure Washer Dip Wash Brush for Vehicle Cleaning","VIDEOS 2400-2700/VIDEO 2657/Car Rotary Wash Brush Kit Automatic Rotating Quick Connect High Pressure Washer Dip Wash Brush for Vehicle Cleaning.mp4","046656d9dd4f2143a35716e3559b27bd4c20d31f55d8544891044050807981de","ok","8,367","480","854","480x854","vertical","30","h264","aac","2","44100","1595057","1668231",""
"VIDEOS 2400-2700-20260730T124604Z-1-001.zip","2658","Maleta de Maquiagem Profissional Com Divisórias Organização Make Grande","VIDEOS 2400-2700/VIDEO 2658/Maleta de Maquiagem Profissional Com Divisórias Organização Make Grande.mp4","a3d12b29f5a8b7974a19966baf8def372713548199b97688601e3bccce7c5e0c","ok","7,8","480","854","480x854","vertical","30","h264","aac","2","44100","1087724","1060531",""
"VIDEOS 2400-2700-20260730T124604Z-1-001.zip","2659","Placa Boleadora De Doces Cortador Enrolador Brigadeiro Beijinho Blue Star","VIDEOS 2400-2700/VIDEO 2659/Placa Boleadora De Doces Cortador Enrolador Brigadeiro Beijinho Blue Star.mp4","3a2be7d60d5b786117ec0526ca47be8fcb3adc1365dcfbea583ae58e7c3a972f","ok","29,324","480","854","480x854","vertical","30","h264","aac","2","44100","1036531","3799407",""
"VIDEOS 2400-2700-20260730T124604Z-1-001.zip","2660","「 SEEHON Oficial STORE 」 Actto Retro Mini Teclado Multi-Emparelhamento B303 B503 5 Cores Novo DESIGN Com FREEBIES","VIDEOS 2400-2700/VIDEO 2660/「 SEEHON Oficial STORE 」 Actto Retro Mini Teclado Multi-Emparelhamento B303 B503 5 Cores Novo DESIGN Com FREEBIES.mp4","6cadf6ec6e4a94e2db92b0b56ac59fac5a5cfa289de4e0c45d8f70e8b20e1dc3","ok","16,948","480","854","480x854","vertical","30","h264","aac","2","44100","782653","1658052",""
"VIDEOS 2400-2700-20260730T124604Z-1-001.zip","2661","Bolsa Saco de Gelo 15 cm térmica ortopédica flexível","VIDEOS 2400-2700/VIDEO 2661/Bolsa Saco de Gelo 15 cm térmica ortopédica flexível.mp4","6453c2f5992a22f09f9ecf8815e0ce7a75c9c80c8c0ca5bb61387821073a136c","ok","12,653","480","854","480x854","vertical","30","h264","aac","2","44100","1106453","1749994",""
"VIDEOS 2400-2700-20260730T124604Z-1-001.zip","2662","1 Rolo Autocolante De Faça-Você-Mesmo Mini Quadrado Espelho Brilhante Mosaico De Vidro AdesivosBanheiro Portátil Superfície Removível Festa De Natal Decorativa","VIDEOS 2400-2700/VIDEO 2662/1 Rolo Autocolante De Faça-Você-Mesmo Mini Quadrado Espelho Brilhante Mosaico De Vidro AdesivosBanheiro Portátil Superfície Removível Festa De Natal Decorativa.mp4","2f1d4da02bddee2604e9d36ae05fa9b3277f4e9fc8b3945b1dc205d48afa7a74","ok","9,82","480","854","480x854","vertical","30","h264","aac","2","44100","593717","728788",""
"VIDEOS 2400-2700-20260730T124604Z-1-001.zip","2663","Reutilizável Pizza Recipiente De Armazenamento Multipurpose Dobrável Caixa De Embalagem De Silicone Alimento Portátil Bolo Sobremesa Para Casa De Acampamento Piquenique Triangular Quebrarair fryer","VIDEOS 2400-2700/VIDEO 2663/Reutilizável Pizza Recipiente De Armazenamento Multipurpose Dobrável Caixa De Embalagem De Silicone Alimento Portátil Bolo Sobremesa Para Casa De Acampamento Piquenique Triangular Quebrarair fryer.mp4","651d2ae2f75636de508df78939634cf90311fba033c07354e12fab97650ab427","ok","10,331","480","854","480x854","vertical","30","h264","aac","2","44100","1031207","1331675",""
"VIDEOS 2400-2700-20260730T124604Z-1-001.zip","2664","1.3L Lancheira Plástica À Prova De Vazamentos De Grande Capacidade Caixa Microwavable Para Armazenamento De Alimentos Recipiente Salada De Frutas Compartimentos Escritório Escolar Acampamento Ao Ar","VIDEOS 2400-2700/VIDEO 2664/1.3L Lancheira Plástica À Prova De Vazamentos De Grande Capacidade Caixa Microwavable Para Armazenamento De Alimentos Recipiente Salada De Frutas Compartimentos Escritório Escolar Acampamento Ao Ar.mp4","b29889b54709cc9f98f4862eb58b176a3fc4f9f8622af223cd8fdd4687b71dc7","ok","12,049","480","854","480x854","vertical","30","h264","aac","2","44100","862923","1299671",""
"VIDEOS 2400-2700-20260730T124604Z-1-001.zip","2665","7 PçsCaixa Macio Almofada De Ar Esponja Substituição De Pó Facial Sopro Dupla Face BB Creme Aplicador Seco Molhado Dual Use Ferramenta De Maquiagem","VIDEOS 2400-2700/VIDEO 2665/7 PçsCaixa Macio Almofada De Ar Esponja Substituição De Pó Facial Sopro Dupla Face BB Creme Aplicador Seco Molhado Dual Use Ferramenta De Maquiagem.mp4","5ce966a50c9686553eaaea0060a770a95a950471e6969d77e8fc91a6ac406c59","ok","16,253","1080","1920","1080x1920","vertical","30","h264","aac","2","44100","2305724","4684368",""
"VIDEOS 2400-2700-20260730T124604Z-1-001.zip","2666","Suporte para Pé de Máquina de Lavar e Móveis 4 Peças","VIDEOS 2400-2700/VIDEO 2666/Suporte para Pé de Máquina de Lavar e Móveis 4 Peças.mp4","2a9435ba8605ff807a8a73b9bfb4e44def199f922b1d23514cdf8c9abf624b0d","ok","8,498","1080","1920","1080x1920","vertical","30","h264","aac","2","44100","1552594","1649244",""
"VIDEOS 2400-2700-20260730T124604Z-1-001.zip","2667","Carregador Rápido Sem Fio 10W Qi Círculo Óptico Array Carregamento","VIDEOS 2400-2700/VIDEO 2667/Carregador Rápido Sem Fio 10W Qi Círculo Óptico Array Carregamento.mp4","051d0e30aaffc91cc0f315087a5ecbb26d8ac16cf8fc4c88728bf082a98b629d","ok","7,569","1080","1920","1080x1920","vertical","30","h264","aac","2","44100","1617005","1529889",""
"VIDEOS 2400-2700-20260730T124604Z-1-001.zip","2668","20Pcs Ganchos De Conexão De Cabide Para Armário Organizador De Mini Gancho De Armazenamento Roupa Casacos","VIDEOS 2400-2700/VIDEO 2668/20Pcs Ganchos De Conexão De Cabide Para Armário Organizador De Mini Gancho De Armazenamento Roupa Casacos.mp4","eabc288b9a79df8d5d3044164f71d8b67a01148ccf85acd92106b6becb0d615d","ok","13,095","1080","1920","1080x1920","vertical","30","h264","aac","2","44100","3729438","6104624",""
"VIDEOS 2400-2700-20260730T124604Z-1-001.zip","2669","Sink Filter Rack Kitchen Foldable Sink Strainer Mesh Bag Stand Waste Garbage Net Shelf Anti-Clogging Disposable Garbage Mesh Bag HYOY","VIDEOS 2400-2700/VIDEO 2669/Sink Filter Rack Kitchen Foldable Sink Strainer Mesh Bag Stand Waste Garbage Net Shelf Anti-Clogging Disposable Garbage Mesh Bag HYOY.mp4","d2b30fb4c229211eecee78e823ba385a7952e915a1d55b929a6b902521b8f6c7","ok","28,165","1080","1920","1080x1920","vertical","30","h264","aac","2","44100","2956095","10407302",""
"VIDEOS 2400-2700-20260730T124604Z-1-001.zip","2670","Summer Multi-Coloured Removível Sofás Lombares Grandes Almofadas Cama Suplemento Macio Grande Encosto Cintura Almofada Dormitório","VIDEOS 2400-2700/VIDEO 2670/Summer Multi-Coloured Removível Sofás Lombares Grandes Almofadas Cama Suplemento Macio Grande Encosto Cintura Almofada Dormitório.mp4","35fb9c7e28d923415bd75731c74c25d60af0761ce410ecc92f60afb633131217","ok","20,897","1080","1920","1080x1920","vertical","30","h264","aac","2","44100","1770332","4624330",""
"VIDEOS 2400-2700-20260730T124604Z-1-001.zip","2671","stylishlife Anti-slip Hanger Hook Suprimentos Domésticos 8 Ganchos Cinto De Armazenamento Construção Sólida","VIDEOS 2400-2700/VIDEO 2671/stylishlife Anti-slip Hanger Hook Suprimentos Domésticos 8 Ganchos Cinto De Armazenamento Construção Sólida.mp4","1ad5bad40ab26a303ad6719cd3f8a4a2d8268be4a294a7763fe56974120a8949","ok","16,137","720","1280","720x1280","vertical","30","h264","aac","2","44100","2571781","5187605",""
"VIDEOS 2400-2700-20260730T124604Z-1-001.zip","2672","4 Peças Adesivo Anticolisão Para Canto Da Porta Do Carro Protetor De anti-Riscos Universal Artefato De Proteção Abertura","VIDEOS 2400-2700/VIDEO 2672/4 Peças Adesivo Anticolisão Para Canto Da Porta Do Carro Protetor De anti-Riscos Universal Artefato De Proteção Abertura.mp4","213d77548b0a6e51521bcaa9e58e3ace38154fd8f4dbb513f22d6a3c4711af7b","ok","10,239","720","1280","720x1280","vertical","30","h264","aac","2","44100","2254254","2885164",""
"VIDEOS 2400-2700-20260730T124604Z-1-001.zip","2673","Travesseiro Cervical Para O Contorno Do Dor No Pescoço E Ombro Ortopédico Dormir","VIDEOS 2400-2700/VIDEO 2673/Travesseiro Cervical Para O Contorno Do Dor No Pescoço E Ombro Ortopédico Dormir.mp4","3053c5a867539e6eb1b5dcb56f75985a99ea7761615393bd7f12154e59ca16ed","ok","44,744","720","1280","720x1280","vertical","30","h264","aac","2","44100","1757051","9827188",""
"VIDEOS 2400-2700-20260730T124604Z-1-001.zip","2674","Dobrando Lata De Lixo 10 L Dobrável Para Pendurar Na Cozinha","VIDEOS 2400-2700/VIDEO 2674/Dobrando Lata De Lixo 10 L Dobrável Para Pendurar Na Cozinha.mp4","29d5419119242322a7b7054e41b8e40b202f251e2a91ead7f78ff32d45ae8100","ok","15,51","720","1280","720x1280","vertical","30","h264","aac","2","44100","2455851","4761283",""
"VIDEOS 2400-2700-20260730T124604Z-1-001.zip","2675","Rede Tela Mosquiteiro Protetora de Alimentos Abre Fecha Ideal para Café Bolo Comidas Contra Moscas Mosquitos","VIDEOS 2400-2700/VIDEO 2675/Rede Tela Mosquiteiro Protetora de Alimentos Abre Fecha Ideal para Café Bolo Comidas Contra Moscas Mosquitos.mp4","53f0d986f35637a96e4fbd8643bfed3ca1bea5d7859bd4c4122fd382b00a22b8","ok","18,18","1080","1920","1080x1920","vertical","30","h264","aac","2","44100","3736740","8491743",""
"VIDEOS 2400-2700-20260730T124604Z-1-001.zip","2676","5Pcs6Pcs Panos De Limpeza De Cozinha Anti-Grease Wiping Rags Eficiente Balança De Peixe Pano","VIDEOS 2400-2700/VIDEO 2676/5Pcs6Pcs Panos De Limpeza De Cozinha Anti-Grease Wiping Rags Eficiente Balança De Peixe Pano.mp4","574d8d50b340b91dd0c2ec1310b02db386d9b782a531ee9a345e593a2bc278ba","ok","14,14","1080","1920","1080x1920","vertical","30","h264","aac","2","44100","4069272","7192439",""
"VIDEOS 2400-2700-20260730T124604Z-1-001.zip","2677","Tapete Para Box Retangular Massagem Pés Relaxante Banheiro Antiderrapante Com Ventosa","VIDEOS 2400-2700/VIDEO 2677/Tapete Para Box Retangular Massagem Pés Relaxante Banheiro Antiderrapante Com Ventosa.mp4","811d2befc10a62e31c6976a97a60b224d8b58b6af7b6a19cdd015c5fb7e2e7ff","ok","15,765","1080","1920","1080x1920","vertical","30","h264","aac","2","44100","2327782","4587186",""
"VIDEOS 2400-2700-20260730T124604Z-1-001.zip","2678","Pato Luz Noturna USB Recarregável Luminária De Silicone Patting Switch Kids Gift Aniversário Presente De Cabeceira Sala Decoração De Casa","VIDEOS 2400-2700/VIDEO 2678/Pato Luz Noturna USB Recarregável Luminária De Silicone Patting Switch Kids Gift Aniversário Presente De Cabeceira Sala Decoração De Casa.mp4","92600545a4f84dadaf58ec48b4ee252b2c109ecc977fddad94e22acf5df4ec8a","ok","11,47","720","1280","720x1280","vertical","30","h264","aac","2","44100","1443299","2069330",""
"VIDEOS 2400-2700-20260730T124604Z-1-001.zip","2679","Protetor Rolinho Veda Porta Impermeável 80cm sem Costura","VIDEOS 2400-2700/VIDEO 2679/Protetor Rolinho Veda Porta Impermeável 80cm sem Costura.mp4","566a783ee8f06a8111a4f8facd6f3de30b48cc2d546850d6c5585fc545c12cc8","ok","11,772","1080","1920","1080x1920","vertical","30","h264","aac","2","44100","2003676","2948410",""
"VIDEOS 2400-2700-20260730T124604Z-1-001.zip","2680","Tesoura para cozinha-Cortar, Picar Legumes, Verdura e Ervas-5 Lâminas Inox","VIDEOS 2400-2700/VIDEO 2680/Tesoura para cozinha-Cortar, Picar Legumes, Verdura e Ervas-5 Lâminas Inox.mp4","ba3a689790e61dfdf683a8ae3f4cdd11b7d6bef9987c07d6572692fac48bb93c","ok","9,287","720","1280","720x1280","vertical","30","h264","aac","2","44100","1911922","2219503",""
"VIDEOS 2400-2700-20260730T124604Z-1-001.zip","2681","Capa De Sofá Com Babados Para SalaElástico Grosso Liso 1234 Lugares","VIDEOS 2400-2700/VIDEO 2681/Capa De Sofá Com Babados Para SalaElástico Grosso Liso 1234 Lugares.mp4","ddfa16243ab7c3f90c171ca0556edf95bcdbddaa5d101f6672fa46bef6632f00","ok","7,94","720","1280","720x1280","vertical","30","h264","aac","2","44100","1304279","1294497",""
"VIDEOS 2400-2700-20260730T124604Z-1-001.zip","2682","Escova Esponja Banho Costas Bucha Esfoliação Massageadora","VIDEOS 2400-2700/VIDEO 2682/Escova Esponja Banho Costas Bucha Esfoliação Massageadora.mp4","48e850b654f67da0dae2b6e1480661f8e545191b09944ee2fc9c12973cb9ebec","ok","9,45","1080","1920","1080x1920","vertical","30","h264","aac","2","44100","3125526","3692028",""
"VIDEOS 2400-2700-20260730T124604Z-1-001.zip","2683","Escorredor de Macarrão em Plastico Silicone Dobrável Não Ocupa Espaço Resiste Alta Temperatura Cozinha Organizada","VIDEOS 2400-2700/VIDEO 2683/Escorredor de Macarrão em Plastico Silicone Dobrável Não Ocupa Espaço Resiste Alta Temperatura Cozinha Organizada.mp4","b2108ff78e3dcb8cb6c1086d52e9d1e58f9f5dfabe02e8d87ca8c4adcdd13443","ok","9,078","720","1280","720x1280","vertical","30","h264","aac","2","44100","1919126","2177729",""
"VIDEOS 2400-2700-20260730T124604Z-1-001.zip","2684","Mini Geladeira Portátil Multilaser 4l TV009 12v 127V BRC SC","VIDEOS 2400-2700/VIDEO 2684/Mini Geladeira Portátil Multilaser 4l TV009 12v 127V BRC SC.mp4","4e1e49f27d3fd278da2214dac647a55c66c65f9a1c640e025967573788da98c5","ok","16,857","1080","1920","1080x1920","vertical","30","h264","aac","2","44100","1234894","2602077",""
"VIDEOS 2400-2700-20260730T124604Z-1-001.zip","2685","20Pcs Cabo Reutilizável De Nylon Fio AmarraçãoDados Do Computador Laços DeFita De Secretária Ferramenta Organizadora De Arrumação","VIDEOS 2400-2700/VIDEO 2685/20Pcs Cabo Reutilizável De Nylon Fio AmarraçãoDados Do Computador Laços DeFita De Secretária Ferramenta Organizadora De Arrumação.mp4","43eab92e4b346c436b770296860574d89b5ee6f8d7b5b750a1a24f7048f888ee","ok","13,652","720","1280","720x1280","vertical","30","h264","aac","2","44100","1584925","2704675",""
"VIDEOS 2400-2700-20260730T124604Z-1-001.zip","2686","10 Pc Planta Verde EscaladaAuto-Adesiva Clip Invisível Puxar Suporte De Vime GanchoCabo Doméstico E Fixação De Arame Folha Clipe","VIDEOS 2400-2700/VIDEO 2686/10 Pc Planta Verde EscaladaAuto-Adesiva Clip Invisível Puxar Suporte De Vime GanchoCabo Doméstico E Fixação De Arame Folha Clipe.mp4","b9338c68a11821251b67ba957db67b9a65767dd554c4fba24c1800dc31641924","ok","7,871","720","1280","720x1280","vertical","30","h264","aac","2","44100","1660160","1633390",""
"VIDEOS 2400-2700-20260730T124604Z-1-001.zip","2687","300ML 200ML Spray Pulverizador Borrifador Azeite Vinagre","VIDEOS 2400-2700/VIDEO 2687/300ML 200ML Spray Pulverizador Borrifador Azeite Vinagre.mp4","7dc5e6d4d6c6b25b2aaefe6fb322070813abbac79154baa0723220f142ebc54d","ok","10,611","720","1280","720x1280","vertical","30","h264","aac","2","44100","1642097","2178037",""
"VIDEOS 2400-2700-20260730T124604Z-1-001.zip","2688","(Amarelo_Buble) Conjunto De Vassouras E Poeiras Ajustáveis Para Limpeza De Piso De Casa  Cozinha  Escritório","VIDEOS 2400-2700/VIDEO 2688/(Amarelo_Buble) Conjunto De Vassouras E Poeiras Ajustáveis Para Limpeza De Piso De Casa  Cozinha  Escritório.mp4","9e9d309e4a193eb4755071d0e36304f279549657dec2d4226107839fee121ad8","ok","11,052","720","1280","720x1280","vertical","30","h264","aac","2","44100","2278086","3147177",""
"VIDEOS 2400-2700-20260730T124604Z-1-001.zip","2689","Kit 10 Organizador de gavetas vários tamanhos P, M,G,JEANS - Organizamais - 4M + 2J+ 2P + 2G","VIDEOS 2400-2700/VIDEO 2689/Kit 10 Organizador de gavetas vários tamanhos P, M,G,JEANS - Organizamais - 4M + 2J+ 2P + 2G.mp4","395a5686a5710f3b8966f8de13d8da5ffa5842ac7807c24253123e4c74ec59f5","ok","14,07","720","1280","720x1280","vertical","30","h264","aac","2","44100","2914322","5125565",""
"VIDEOS 2400-2700-20260730T124604Z-1-001.zip","2690","Fatiador de Frutas e Legumes Super Prático Fácil de Usar","VIDEOS 2400-2700/VIDEO 2690/Fatiador de Frutas e Legumes Super Prático Fácil de Usar.mp4","50f5cd632106f3031fca4c6364f2231c9a4403a6650db1f0b3ed2e5fd55e424f","ok","8,59","720","1280","720x1280","vertical","30","h264","aac","2","44100","2059047","2210902",""
"VIDEOS 2400-2700-20260730T124604Z-1-001.zip","2691","[liu]Suporte para escovas de dentes, dispositivo de compressão automática de pasta de dente para apertar artefato domés","VIDEOS 2400-2700/VIDEO 2691/[liu]Suporte para escovas de dentes, dispositivo de compressão automática de pasta de dente para apertar artefato domés.mp4","d335e07a484072c430f3b7811c2ba2f35741de88be7d53cada7e947b4c87c5ab","ok","15,208","720","1280","720x1280","vertical","30","h264","aac","2","44100","1817571","3455204",""
"VIDEOS 2400-2700-20260730T124604Z-1-001.zip","2692","Suporte Ajustável De Braço Para Mesa De Cama De Rotação 360 Tablets Telefone Celular iPhone iPad Air Mini Pro 4-13 Polegadas","VIDEOS 2400-2700/VIDEO 2692/Suporte Ajustável De Braço Para Mesa De Cama De Rotação 360 Tablets Telefone Celular iPhone iPad Air Mini Pro 4-13 Polegadas.mp4","78529b227b9a6b0e84b359bee3d99d4194a2473bc973795ecddeca268a4c6bb7","ok","14,256","720","1280","720x1280","vertical","30","h264","aac","2","44100","1703734","3036055",""
"VIDEOS 2400-2700-20260730T124604Z-1-001.zip","2693","Lixeira Banheiro Cozinha Automática Com Sensor Inteligente","VIDEOS 2400-2700/VIDEO 2693/Lixeira Banheiro Cozinha Automática Com Sensor Inteligente.mp4","f0c1f5c8fb7c7085b71c6e2268d554437f923b82a6dcbf0b4546b6f40f006efa","ok","14,256","1080","1920","1080x1920","vertical","30","h264","aac","2","44100","1579204","2814142",""
"VIDEOS 2400-2700-20260730T124604Z-1-001.zip","2694","Protetor De Tampa Universal À Prova D _Água Com 86 Tipos Para Painel De Tomada G1O0","VIDEOS 2400-2700/VIDEO 2694/Protetor De Tampa Universal À Prova D _Água Com 86 Tipos Para Painel De Tomada G1O0.mp4","dd068f9653872815fad2748f470d088f45e9a13b17b3bf3b314a17240607b7da","ok","11,748","1080","1920","1080x1920","vertical","30","h264","aac","2","44100","2041163","2997449",""
"VIDEOS 2400-2700-20260730T124604Z-1-001.zip","2695","Varal Sanfonado Parede Aluminio 100 CM Resistente Forte Não Enferruja","VIDEOS 2400-2700/VIDEO 2695/Varal Sanfonado Parede Aluminio 100 CM Resistente Forte Não Enferruja.mp4","653e885d9465b2e5d8fdb6508149bd5d19088cc82576b4068a94fff5511724f5","ok","7,638","480","854","480x854","vertical","30","h264","aac","2","44100","850558","812071",""
"VIDEOS 2400-2700-20260730T124604Z-1-001.zip","2696","Cabo De Suporte De Corda De Silicone Anti-Perda Para AirPods Pro Fone De Ouvido Bluetooth Sem Fio Alça De Pescoço Cordão","VIDEOS 2400-2700/VIDEO 2696/Cabo De Suporte De Corda De Silicone Anti-Perda Para AirPods Pro Fone De Ouvido Bluetooth Sem Fio Alça De Pescoço Cordão.mp4","9a2d4ccac1f9fbd106b93841d6fc26d41bfb846677a820aaa515bdde9584fc28","ok","9,612","1080","1920","1080x1920","vertical","30","h264","aac","2","44100","2462787","2959039",""
"VIDEOS 2400-2700-20260730T124604Z-1-001.zip","2697","9L Lata De Lixo Pendurada Na Cozinha Parede Da Tampa Deslizante DomésticaGancho Plástica Para Porta Do Armário","VIDEOS 2400-2700/VIDEO 2697/9L Lata De Lixo Pendurada Na Cozinha Parede Da Tampa Deslizante DomésticaGancho Plástica Para Porta Do Armário.mp4","b99883013225ac0ea1bee9bcf7f2c81f29092a00d36be0e0cec5210172525a39","ok","15,139","1080","1920","1080x1920","vertical","30","h264","aac","2","44100","1482043","2804582",""
"VIDEOS 2400-2700-20260730T124604Z-1-001.zip","2698","Tabua Passar Roupa Portatil Plastica Dobravel","VIDEOS 2400-2700/VIDEO 2698/Tabua Passar Roupa Portatil Plastica Dobravel.mp4","65e9832c3e1a761b3cb5a0a1f700112c46a7edc3d41062325f019c5fc8e8bae3","ok","11,191","1080","1920","1080x1920","vertical","30","h264","aac","2","44100","2497105","3493139",""
"VIDEOS 2400-2700-20260730T124604Z-1-001.zip","2699","Abridor de Potes 5 em 1 Abridor de Garrafas Multifuncional","VIDEOS 2400-2700/VIDEO 2699/Abridor de Potes 5 em 1 Abridor de Garrafas Multifuncional.mp4","ed511fb6787902befa3ca05102c095898878e97f3d161051eb16e8c900d7e555","ok","14,999","720","1280","720x1280","vertical","30","h264","aac","2","44100","2064674","3871006",""
"VIDEOS 2400-2700-20260730T124604Z-1-001.zip","2700","Fatiador De Frutas 4 Em 1 Cortador Melância Melão Aço Inox","VIDEOS 2400-2700/VIDEO 2700/Fatiador De Frutas 4 Em 1 Cortador Melância Melão Aço Inox.mp4","c102a9f7fd1cc532766f5f52adf3be741d196dcc06de7877def726d9772d709e","ok","15,417","720","1280","720x1280","vertical","30","h264","aac","2","44100","1988225","3831559",""
